Fri Sep 24 11:38:23 2021,-0.030000,1632476303000,
Fri Sep 24 11:38:23 2021,-0.030000,1632476303010,
Fri Sep 24 11:38:23 2021,-0.030000,1632476303020,
Fri Sep 24 11:38:23 2021,-0.030000,1632476303030,
Fri Sep 24 11:38:23 2021,-0.030000,1632476303040,
Fri Sep 24 11:38:23 2021,-0.030000,1632476303050,
Fri Sep 24 11:38:23 2021,-0.030000,1632476303060,
Fri Sep 24 11:38:23 2021,-0.030000,1632476303070,
Fri Sep 24 11:38:23 2021,-0.030000,1632476303080,
Fri Sep 24 11:38:23 2021,-0.030000,1632476303090,
Fri Sep 24 11:38:23 2021,-0.030000,1632476303100,
Fri Sep 24 11:38:23 2021,-0.030000,1632476303110,
Fri Sep 24 11:38:23 2021,-0.030000,1632476303120,
Fri Sep 24 11:38:23 2021,-0.030000,1632476303130,
Fri Sep 24 11:38:23 2021,-0.030000,1632476303140,
Fri Sep 24 11:38:23 2021,-0.030000,1632476303150,
Fri Sep 24 11:38:23 2021,-0.030000,1632476303160,
Fri Sep 24 11:38:23 2021,-0.030000,1632476303170,
Fri Sep 24 11:38:23 2021,-0.030000,1632476303180,
Fri Sep 24 11:38:23 2021,-0.030000,1632476303190,
Fri Sep 24 11:38:23 2021,-0.030000,1632476303200,
Fri Sep 24 11:38:23 2021,-0.030000,1632476303210,
Fri Sep 24 11:38:23 2021,-0.030000,1632476303220,
Fri Sep 24 11:38:23 2021,-0.030000,1632476303230,
Fri Sep 24 11:38:23 2021,-0.030000,1632476303240,
Fri Sep 24 11:38:23 2021,-0.030000,1632476303250,
Fri Sep 24 11:38:23 2021,-0.030000,1632476303260,
Fri Sep 24 11:38:23 2021,-0.030000,1632476303270,
Fri Sep 24 11:38:23 2021,-0.030000,1632476303280,
Fri Sep 24 11:38:23 2021,-0.030000,1632476303290,
Fri Sep 24 11:38:23 2021,-0.030000,1632476303300,
Fri Sep 24 11:38:23 2021,-0.030000,1632476303310,
Fri Sep 24 11:38:23 2021,-0.030000,1632476303320,
Fri Sep 24 11:38:23 2021,-0.030000,1632476303330,
Fri Sep 24 11:38:23 2021,-0.030000,1632476303340,
Fri Sep 24 11:38:23 2021,-0.030000,1632476303350,
Fri Sep 24 11:38:23 2021,-0.030000,1632476303360,
Fri Sep 24 11:38:23 2021,-0.030000,1632476303370,
Fri Sep 24 11:38:23 2021,-0.030000,1632476303380,
Fri Sep 24 11:38:23 2021,-0.030000,1632476303390,
Fri Sep 24 11:38:23 2021,-0.030000,1632476303400,
Fri Sep 24 11:38:23 2021,-0.030000,1632476303410,
Fri Sep 24 11:38:23 2021,-0.030000,1632476303420,
Fri Sep 24 11:38:23 2021,-0.030000,1632476303430,
Fri Sep 24 11:38:23 2021,-0.030000,1632476303440,
Fri Sep 24 11:38:23 2021,-0.030000,1632476303450,
Fri Sep 24 11:38:23 2021,-0.030000,1632476303460,
Fri Sep 24 11:38:23 2021,-0.030000,1632476303470,
Fri Sep 24 11:38:23 2021,-0.030000,1632476303480,
Fri Sep 24 11:38:23 2021,-0.030000,1632476303490,
Fri Sep 24 11:38:23 2021,-0.030000,1632476303500,
Fri Sep 24 11:38:23 2021,-0.030000,1632476303510,
Fri Sep 24 11:38:23 2021,-0.030000,1632476303520,
Fri Sep 24 11:38:23 2021,-0.030000,1632476303530,
Fri Sep 24 11:38:23 2021,-0.030000,1632476303540,
Fri Sep 24 11:38:23 2021,-0.030000,1632476303550,
Fri Sep 24 11:38:23 2021,-0.030000,1632476303560,
Fri Sep 24 11:38:23 2021,-0.030000,1632476303570,
Fri Sep 24 11:38:23 2021,-0.030000,1632476303580,
Fri Sep 24 11:38:23 2021,-0.030000,1632476303590,
Fri Sep 24 11:38:23 2021,-0.030000,1632476303600,
Fri Sep 24 11:38:23 2021,-0.030000,1632476303610,
Fri Sep 24 11:38:23 2021,-0.030000,1632476303620,
Fri Sep 24 11:38:23 2021,-0.030000,1632476303630,
Fri Sep 24 11:38:23 2021,-0.030000,1632476303640,
Fri Sep 24 11:38:23 2021,-0.030000,1632476303650,
Fri Sep 24 11:38:23 2021,-0.030000,1632476303660,
Fri Sep 24 11:38:23 2021,-0.030000,1632476303670,
Fri Sep 24 11:38:23 2021,-0.030000,1632476303680,
Fri Sep 24 11:38:23 2021,-0.030000,1632476303690,
Fri Sep 24 11:38:23 2021,-0.030000,1632476303700,
Fri Sep 24 11:38:23 2021,-0.030000,1632476303710,
Fri Sep 24 11:38:23 2021,-0.030000,1632476303720,
Fri Sep 24 11:38:23 2021,-0.030000,1632476303730,
Fri Sep 24 11:38:23 2021,-0.030000,1632476303740,
Fri Sep 24 11:38:23 2021,-0.030000,1632476303750,
Fri Sep 24 11:38:23 2021,-0.030000,1632476303760,
Fri Sep 24 11:38:23 2021,-0.030000,1632476303770,
Fri Sep 24 11:38:23 2021,-0.030000,1632476303780,
Fri Sep 24 11:38:23 2021,-0.030000,1632476303790,
Fri Sep 24 11:38:23 2021,-0.030000,1632476303800,
Fri Sep 24 11:38:23 2021,-0.030000,1632476303810,
Fri Sep 24 11:38:23 2021,-0.030000,1632476303820,
Fri Sep 24 11:38:23 2021,-0.030000,1632476303830,
Fri Sep 24 11:38:23 2021,-0.030000,1632476303840,
Fri Sep 24 11:38:23 2021,-0.030000,1632476303850,
Fri Sep 24 11:38:23 2021,-0.030000,1632476303860,
Fri Sep 24 11:38:23 2021,-0.030000,1632476303870,
Fri Sep 24 11:38:23 2021,-0.030000,1632476303880,
Fri Sep 24 11:38:23 2021,-0.030000,1632476303890,
Fri Sep 24 11:38:23 2021,-0.030000,1632476303900,
Fri Sep 24 11:38:23 2021,-0.030000,1632476303910,
Fri Sep 24 11:38:23 2021,-0.030000,1632476303920,
Fri Sep 24 11:38:23 2021,-0.030000,1632476303930,
Fri Sep 24 11:38:23 2021,-0.030000,1632476303940,
Fri Sep 24 11:38:23 2021,-0.030000,1632476303950,
Fri Sep 24 11:38:23 2021,-0.030000,1632476303960,
Fri Sep 24 11:38:23 2021,-0.030000,1632476303970,
Fri Sep 24 11:38:23 2021,-0.030000,1632476303980,
Fri Sep 24 11:38:23 2021,-0.030000,1632476303990,
Fri Sep 24 11:38:24 2021,-0.030000,1632476304000,
Fri Sep 24 11:38:24 2021,-0.030000,1632476304010,
Fri Sep 24 11:38:24 2021,-0.030000,1632476304020,
Fri Sep 24 11:38:24 2021,-0.030000,1632476304030,
Fri Sep 24 11:38:24 2021,-0.030000,1632476304040,
Fri Sep 24 11:38:24 2021,-0.030000,1632476304050,
Fri Sep 24 11:38:24 2021,-0.030000,1632476304060,
Fri Sep 24 11:38:24 2021,-0.030000,1632476304070,
Fri Sep 24 11:38:24 2021,-0.030000,1632476304080,
Fri Sep 24 11:38:24 2021,-0.030000,1632476304090,
Fri Sep 24 11:38:24 2021,-0.030000,1632476304100,
Fri Sep 24 11:38:24 2021,-0.030000,1632476304110,
Fri Sep 24 11:38:24 2021,-0.030000,1632476304120,
Fri Sep 24 11:38:24 2021,-0.030000,1632476304130,
Fri Sep 24 11:38:24 2021,-0.030000,1632476304140,
Fri Sep 24 11:38:24 2021,-0.030000,1632476304150,
Fri Sep 24 11:38:24 2021,-0.030000,1632476304160,
Fri Sep 24 11:38:24 2021,-0.030000,1632476304170,
Fri Sep 24 11:38:24 2021,-0.030000,1632476304180,
Fri Sep 24 11:38:24 2021,-0.030000,1632476304190,
Fri Sep 24 11:38:24 2021,-0.030000,1632476304200,
Fri Sep 24 11:38:24 2021,-0.030000,1632476304210,
Fri Sep 24 11:38:24 2021,-0.030000,1632476304220,
Fri Sep 24 11:38:24 2021,-0.030000,1632476304230,
Fri Sep 24 11:38:24 2021,-0.030000,1632476304240,
Fri Sep 24 11:38:24 2021,-0.030000,1632476304250,
Fri Sep 24 11:38:24 2021,-0.030000,1632476304260,
Fri Sep 24 11:38:24 2021,-0.030000,1632476304270,
Fri Sep 24 11:38:24 2021,-0.030000,1632476304280,
Fri Sep 24 11:38:24 2021,-0.030000,1632476304290,
Fri Sep 24 11:38:24 2021,-0.030000,1632476304300,
Fri Sep 24 11:38:24 2021,-0.030000,1632476304310,
Fri Sep 24 11:38:24 2021,-0.030000,1632476304320,
Fri Sep 24 11:38:24 2021,-0.030000,1632476304330,
Fri Sep 24 11:38:24 2021,-0.030000,1632476304340,
Fri Sep 24 11:38:24 2021,-0.030000,1632476304350,
Fri Sep 24 11:38:24 2021,-0.030000,1632476304360,
Fri Sep 24 11:38:24 2021,-0.030000,1632476304370,
Fri Sep 24 11:38:24 2021,-0.030000,1632476304380,
Fri Sep 24 11:38:24 2021,-0.030000,1632476304390,
Fri Sep 24 11:38:24 2021,-0.030000,1632476304400,
Fri Sep 24 11:38:24 2021,-0.030000,1632476304410,
Fri Sep 24 11:38:24 2021,-0.030000,1632476304420,
Fri Sep 24 11:38:24 2021,-0.030000,1632476304430,
Fri Sep 24 11:38:24 2021,-0.030000,1632476304440,
Fri Sep 24 11:38:24 2021,-0.030000,1632476304450,
Fri Sep 24 11:38:24 2021,-0.030000,1632476304460,
Fri Sep 24 11:38:24 2021,-0.030000,1632476304470,
Fri Sep 24 11:38:24 2021,-0.030000,1632476304480,
Fri Sep 24 11:38:24 2021,-0.030000,1632476304490,
Fri Sep 24 11:38:24 2021,-0.030000,1632476304500,
Fri Sep 24 11:38:24 2021,-0.030000,1632476304510,
Fri Sep 24 11:38:24 2021,-0.030000,1632476304520,
Fri Sep 24 11:38:24 2021,-0.030000,1632476304530,
Fri Sep 24 11:38:24 2021,-0.030000,1632476304540,
Fri Sep 24 11:38:24 2021,-0.030000,1632476304550,
Fri Sep 24 11:38:24 2021,-0.030000,1632476304560,
Fri Sep 24 11:38:24 2021,-0.030000,1632476304570,
Fri Sep 24 11:38:24 2021,-0.030000,1632476304580,
Fri Sep 24 11:38:24 2021,-0.030000,1632476304590,
Fri Sep 24 11:38:24 2021,-0.030000,1632476304600,
Fri Sep 24 11:38:24 2021,-0.030000,1632476304610,
Fri Sep 24 11:38:24 2021,-0.030000,1632476304620,
Fri Sep 24 11:38:24 2021,-0.030000,1632476304630,
Fri Sep 24 11:38:24 2021,-0.030000,1632476304640,
Fri Sep 24 11:38:24 2021,-0.030000,1632476304650,
Fri Sep 24 11:38:24 2021,-0.030000,1632476304660,
Fri Sep 24 11:38:24 2021,-0.030000,1632476304670,
Fri Sep 24 11:38:24 2021,-0.030000,1632476304680,
Fri Sep 24 11:38:24 2021,-0.030000,1632476304690,
Fri Sep 24 11:38:24 2021,-0.030000,1632476304700,
Fri Sep 24 11:38:24 2021,-0.030000,1632476304710,
Fri Sep 24 11:38:24 2021,-0.030000,1632476304720,
Fri Sep 24 11:38:24 2021,-0.030000,1632476304730,
Fri Sep 24 11:38:24 2021,-0.030000,1632476304740,
Fri Sep 24 11:38:24 2021,-0.030000,1632476304750,
Fri Sep 24 11:38:24 2021,-0.030000,1632476304760,
Fri Sep 24 11:38:24 2021,-0.030000,1632476304770,
Fri Sep 24 11:38:24 2021,-0.030000,1632476304780,
Fri Sep 24 11:38:24 2021,-0.030000,1632476304790,
Fri Sep 24 11:38:24 2021,-0.030000,1632476304800,
Fri Sep 24 11:38:24 2021,-0.030000,1632476304810,
Fri Sep 24 11:38:24 2021,-0.030000,1632476304820,
Fri Sep 24 11:38:24 2021,-0.030000,1632476304830,
Fri Sep 24 11:38:24 2021,-0.030000,1632476304840,
Fri Sep 24 11:38:24 2021,-0.030000,1632476304850,
Fri Sep 24 11:38:24 2021,-0.030000,1632476304860,
Fri Sep 24 11:38:24 2021,-0.030000,1632476304870,
Fri Sep 24 11:38:24 2021,-0.030000,1632476304880,
Fri Sep 24 11:38:24 2021,-0.030000,1632476304890,
Fri Sep 24 11:38:24 2021,-0.030000,1632476304900,
Fri Sep 24 11:38:24 2021,-0.030000,1632476304910,
Fri Sep 24 11:38:24 2021,-0.030000,1632476304920,
Fri Sep 24 11:38:24 2021,-0.030000,1632476304930,
Fri Sep 24 11:38:24 2021,-0.030000,1632476304940,
Fri Sep 24 11:38:24 2021,-0.030000,1632476304950,
Fri Sep 24 11:38:24 2021,-0.030000,1632476304960,
Fri Sep 24 11:38:24 2021,-0.030000,1632476304970,
Fri Sep 24 11:38:24 2021,-0.030000,1632476304980,
Fri Sep 24 11:38:24 2021,-0.030000,1632476304990,
Fri Sep 24 11:38:25 2021,-0.030000,1632476305000,
Fri Sep 24 11:38:25 2021,-0.030000,1632476305010,
Fri Sep 24 11:38:25 2021,-0.030000,1632476305020,
Fri Sep 24 11:38:25 2021,-0.030000,1632476305030,
Fri Sep 24 11:38:25 2021,-0.030000,1632476305040,
Fri Sep 24 11:38:25 2021,-0.030000,1632476305050,
Fri Sep 24 11:38:25 2021,-0.030000,1632476305060,
Fri Sep 24 11:38:25 2021,-0.030000,1632476305070,
Fri Sep 24 11:38:25 2021,-0.030000,1632476305080,
Fri Sep 24 11:38:25 2021,-0.030000,1632476305090,
Fri Sep 24 11:38:25 2021,-0.030000,1632476305100,
Fri Sep 24 11:38:25 2021,-0.030000,1632476305110,
Fri Sep 24 11:38:25 2021,-0.030000,1632476305120,
Fri Sep 24 11:38:25 2021,-0.030000,1632476305130,
Fri Sep 24 11:38:25 2021,-0.030000,1632476305140,
Fri Sep 24 11:38:25 2021,-0.030000,1632476305150,
Fri Sep 24 11:38:25 2021,-0.030000,1632476305160,
Fri Sep 24 11:38:25 2021,-0.030000,1632476305170,
Fri Sep 24 11:38:25 2021,-0.030000,1632476305180,
Fri Sep 24 11:38:25 2021,-0.030000,1632476305190,
Fri Sep 24 11:38:25 2021,-0.030000,1632476305200,
Fri Sep 24 11:38:25 2021,-0.030000,1632476305210,
Fri Sep 24 11:38:25 2021,-0.030000,1632476305220,
Fri Sep 24 11:38:25 2021,-0.030000,1632476305230,
Fri Sep 24 11:38:25 2021,-0.030000,1632476305240,
Fri Sep 24 11:38:25 2021,-0.030000,1632476305250,
Fri Sep 24 11:38:25 2021,-0.030000,1632476305260,
Fri Sep 24 11:38:25 2021,-0.030000,1632476305270,
Fri Sep 24 11:38:25 2021,-0.030000,1632476305280,
Fri Sep 24 11:38:25 2021,-0.030000,1632476305290,
Fri Sep 24 11:38:25 2021,-0.030000,1632476305300,
Fri Sep 24 11:38:25 2021,-0.030000,1632476305310,
Fri Sep 24 11:38:25 2021,-0.030000,1632476305320,
Fri Sep 24 11:38:25 2021,-0.030000,1632476305330,
Fri Sep 24 11:38:25 2021,-0.030000,1632476305340,
Fri Sep 24 11:38:25 2021,-0.030000,1632476305350,
Fri Sep 24 11:38:25 2021,-0.030000,1632476305360,
Fri Sep 24 11:38:25 2021,-0.030000,1632476305370,
Fri Sep 24 11:38:25 2021,-0.030000,1632476305380,
Fri Sep 24 11:38:25 2021,-0.030000,1632476305390,
Fri Sep 24 11:38:25 2021,-0.030000,1632476305400,
Fri Sep 24 11:38:25 2021,-0.030000,1632476305410,
Fri Sep 24 11:38:25 2021,-0.030000,1632476305420,
Fri Sep 24 11:38:25 2021,-0.030000,1632476305430,
Fri Sep 24 11:38:25 2021,-0.030000,1632476305440,
Fri Sep 24 11:38:25 2021,-0.030000,1632476305450,
Fri Sep 24 11:38:25 2021,-0.030000,1632476305460,
Fri Sep 24 11:38:25 2021,-0.030000,1632476305470,
Fri Sep 24 11:38:25 2021,-0.030000,1632476305480,
Fri Sep 24 11:38:25 2021,-0.030000,1632476305490,
Fri Sep 24 11:38:25 2021,-0.030000,1632476305500,
Fri Sep 24 11:38:25 2021,-0.030000,1632476305510,
Fri Sep 24 11:38:25 2021,-0.030000,1632476305520,
Fri Sep 24 11:38:25 2021,-0.030000,1632476305530,
Fri Sep 24 11:38:25 2021,-0.030000,1632476305540,
Fri Sep 24 11:38:25 2021,-0.030000,1632476305550,
Fri Sep 24 11:38:25 2021,-0.030000,1632476305560,
Fri Sep 24 11:38:25 2021,-0.030000,1632476305570,
Fri Sep 24 11:38:25 2021,-0.030000,1632476305580,
Fri Sep 24 11:38:25 2021,-0.030000,1632476305590,
Fri Sep 24 11:38:25 2021,-0.030000,1632476305600,
Fri Sep 24 11:38:25 2021,-0.030000,1632476305610,
Fri Sep 24 11:38:25 2021,-0.030000,1632476305620,
Fri Sep 24 11:38:25 2021,-0.030000,1632476305630,
Fri Sep 24 11:38:25 2021,-0.030000,1632476305640,
Fri Sep 24 11:38:25 2021,-0.030000,1632476305650,
Fri Sep 24 11:38:25 2021,-0.030000,1632476305660,
Fri Sep 24 11:38:25 2021,-0.030000,1632476305670,
Fri Sep 24 11:38:25 2021,-0.030000,1632476305680,
Fri Sep 24 11:38:25 2021,-0.030000,1632476305690,
Fri Sep 24 11:38:25 2021,-0.030000,1632476305700,
Fri Sep 24 11:38:25 2021,-0.030000,1632476305710,
Fri Sep 24 11:38:25 2021,-0.030000,1632476305720,
Fri Sep 24 11:38:25 2021,-0.030000,1632476305730,
Fri Sep 24 11:38:25 2021,-0.030000,1632476305740,
Fri Sep 24 11:38:25 2021,-0.030000,1632476305750,
Fri Sep 24 11:38:25 2021,-0.030000,1632476305760,
Fri Sep 24 11:38:25 2021,-0.030000,1632476305770,
Fri Sep 24 11:38:25 2021,-0.030000,1632476305780,
Fri Sep 24 11:38:25 2021,-0.030000,1632476305790,
Fri Sep 24 11:38:25 2021,-0.030000,1632476305800,
Fri Sep 24 11:38:25 2021,-0.030000,1632476305810,
Fri Sep 24 11:38:25 2021,-0.030000,1632476305820,
Fri Sep 24 11:38:25 2021,-0.030000,1632476305830,
Fri Sep 24 11:38:25 2021,-0.030000,1632476305840,
Fri Sep 24 11:38:25 2021,-0.030000,1632476305850,
Fri Sep 24 11:38:25 2021,-0.030000,1632476305860,
Fri Sep 24 11:38:25 2021,-0.030000,1632476305870,
Fri Sep 24 11:38:25 2021,-0.030000,1632476305880,
Fri Sep 24 11:38:25 2021,-0.030000,1632476305890,
Fri Sep 24 11:38:25 2021,-0.030000,1632476305900,
Fri Sep 24 11:38:25 2021,-0.030000,1632476305910,
Fri Sep 24 11:38:25 2021,-0.030000,1632476305920,
Fri Sep 24 11:38:25 2021,-0.030000,1632476305930,
Fri Sep 24 11:38:25 2021,-0.030000,1632476305940,
Fri Sep 24 11:38:25 2021,-0.030000,1632476305950,
Fri Sep 24 11:38:25 2021,-0.030000,1632476305960,
Fri Sep 24 11:38:25 2021,-0.030000,1632476305970,
Fri Sep 24 11:38:25 2021,-0.030000,1632476305980,
Fri Sep 24 11:38:25 2021,-0.030000,1632476305990,
Fri Sep 24 11:38:26 2021,-0.030000,1632476306000,
Fri Sep 24 11:38:26 2021,-0.030000,1632476306010,
Fri Sep 24 11:38:26 2021,-0.030000,1632476306020,
Fri Sep 24 11:38:26 2021,-0.030000,1632476306030,
Fri Sep 24 11:38:26 2021,-0.030000,1632476306040,
Fri Sep 24 11:38:26 2021,-0.030000,1632476306050,
Fri Sep 24 11:38:26 2021,-0.030000,1632476306060,
Fri Sep 24 11:38:26 2021,-0.030000,1632476306070,
Fri Sep 24 11:38:26 2021,-0.030000,1632476306080,
Fri Sep 24 11:38:26 2021,-0.030000,1632476306090,
Fri Sep 24 11:38:26 2021,-0.030000,1632476306100,
Fri Sep 24 11:38:26 2021,-0.030000,1632476306110,
Fri Sep 24 11:38:26 2021,-0.030000,1632476306120,
Fri Sep 24 11:38:26 2021,-0.030000,1632476306130,
Fri Sep 24 11:38:26 2021,-0.030000,1632476306140,
Fri Sep 24 11:38:26 2021,-0.030000,1632476306150,
Fri Sep 24 11:38:26 2021,-0.030000,1632476306160,
Fri Sep 24 11:38:26 2021,-0.030000,1632476306170,
Fri Sep 24 11:38:26 2021,-0.030000,1632476306180,
Fri Sep 24 11:38:26 2021,-0.030000,1632476306190,
Fri Sep 24 11:38:26 2021,-0.030000,1632476306200,
Fri Sep 24 11:38:26 2021,-0.030000,1632476306210,
Fri Sep 24 11:38:26 2021,-0.030000,1632476306220,
Fri Sep 24 11:38:26 2021,-0.030000,1632476306230,
Fri Sep 24 11:38:26 2021,-0.030000,1632476306240,
Fri Sep 24 11:38:26 2021,-0.030000,1632476306250,
Fri Sep 24 11:38:26 2021,-0.030000,1632476306260,
Fri Sep 24 11:38:26 2021,-0.030000,1632476306270,
Fri Sep 24 11:38:26 2021,-0.030000,1632476306280,
Fri Sep 24 11:38:26 2021,-0.030000,1632476306290,
Fri Sep 24 11:38:26 2021,-0.030000,1632476306300,
Fri Sep 24 11:38:26 2021,-0.030000,1632476306310,
Fri Sep 24 11:38:26 2021,-0.030000,1632476306320,
Fri Sep 24 11:38:26 2021,-0.030000,1632476306330,
Fri Sep 24 11:38:26 2021,-0.030000,1632476306340,
Fri Sep 24 11:38:26 2021,-0.030000,1632476306350,
Fri Sep 24 11:38:26 2021,-0.030000,1632476306360,
Fri Sep 24 11:38:26 2021,-0.030000,1632476306370,
Fri Sep 24 11:38:26 2021,-0.030000,1632476306380,
Fri Sep 24 11:38:26 2021,-0.030000,1632476306390,
Fri Sep 24 11:38:26 2021,-0.030000,1632476306400,
Fri Sep 24 11:38:26 2021,-0.030000,1632476306410,
Fri Sep 24 11:38:26 2021,-0.030000,1632476306420,
Fri Sep 24 11:38:26 2021,-0.030000,1632476306430,
Fri Sep 24 11:38:26 2021,-0.030000,1632476306440,
Fri Sep 24 11:38:26 2021,-0.030000,1632476306450,
Fri Sep 24 11:38:26 2021,-0.030000,1632476306460,
Fri Sep 24 11:38:26 2021,-0.030000,1632476306470,
Fri Sep 24 11:38:26 2021,-0.030000,1632476306480,
Fri Sep 24 11:38:26 2021,-0.030000,1632476306490,
Fri Sep 24 11:38:26 2021,-0.030000,1632476306500,
Fri Sep 24 11:38:26 2021,-0.030000,1632476306510,
Fri Sep 24 11:38:26 2021,-0.030000,1632476306520,
Fri Sep 24 11:38:26 2021,-0.030000,1632476306530,
Fri Sep 24 11:38:26 2021,-0.030000,1632476306540,
Fri Sep 24 11:38:26 2021,-0.030000,1632476306550,
Fri Sep 24 11:38:26 2021,-0.030000,1632476306560,
Fri Sep 24 11:38:26 2021,-0.030000,1632476306570,
Fri Sep 24 11:38:26 2021,-0.030000,1632476306580,
Fri Sep 24 11:38:26 2021,-0.030000,1632476306590,
Fri Sep 24 11:38:26 2021,-0.030000,1632476306600,
Fri Sep 24 11:38:26 2021,-0.030000,1632476306610,
Fri Sep 24 11:38:26 2021,-0.030000,1632476306620,
Fri Sep 24 11:38:26 2021,-0.030000,1632476306630,
Fri Sep 24 11:38:26 2021,-0.030000,1632476306640,
Fri Sep 24 11:38:26 2021,-0.030000,1632476306650,
Fri Sep 24 11:38:26 2021,-0.030000,1632476306660,
Fri Sep 24 11:38:26 2021,-0.030000,1632476306670,
Fri Sep 24 11:38:26 2021,-0.030000,1632476306680,
Fri Sep 24 11:38:26 2021,-0.030000,1632476306690,
Fri Sep 24 11:38:26 2021,-0.030000,1632476306700,
Fri Sep 24 11:38:26 2021,-0.030000,1632476306710,
Fri Sep 24 11:38:26 2021,-0.030000,1632476306720,
Fri Sep 24 11:38:26 2021,-0.030000,1632476306730,
Fri Sep 24 11:38:26 2021,-0.030000,1632476306740,
Fri Sep 24 11:38:26 2021,-0.030000,1632476306750,
Fri Sep 24 11:38:26 2021,-0.030000,1632476306760,
Fri Sep 24 11:38:26 2021,-0.030000,1632476306770,
Fri Sep 24 11:38:26 2021,-0.030000,1632476306780,
Fri Sep 24 11:38:26 2021,-0.030000,1632476306790,
Fri Sep 24 11:38:26 2021,-0.030000,1632476306800,
Fri Sep 24 11:38:26 2021,-0.030000,1632476306810,
Fri Sep 24 11:38:26 2021,-0.030000,1632476306820,
Fri Sep 24 11:38:26 2021,-0.030000,1632476306830,
Fri Sep 24 11:38:26 2021,-0.030000,1632476306840,
Fri Sep 24 11:38:26 2021,-0.030000,1632476306850,
Fri Sep 24 11:38:26 2021,-0.030000,1632476306860,
Fri Sep 24 11:38:26 2021,-0.030000,1632476306870,
Fri Sep 24 11:38:26 2021,-0.030000,1632476306880,
Fri Sep 24 11:38:26 2021,-0.030000,1632476306890,
Fri Sep 24 11:38:26 2021,-0.030000,1632476306900,
Fri Sep 24 11:38:26 2021,-0.030000,1632476306910,
Fri Sep 24 11:38:26 2021,-0.030000,1632476306920,
Fri Sep 24 11:38:26 2021,-0.030000,1632476306930,
Fri Sep 24 11:38:26 2021,-0.030000,1632476306940,
Fri Sep 24 11:38:26 2021,-0.030000,1632476306950,
Fri Sep 24 11:38:26 2021,-0.030000,1632476306960,
Fri Sep 24 11:38:26 2021,-0.030000,1632476306970,
Fri Sep 24 11:38:26 2021,-0.030000,1632476306980,
Fri Sep 24 11:38:26 2021,-0.030000,1632476306990,
Fri Sep 24 11:38:27 2021,-0.030000,1632476307000,
Fri Sep 24 11:38:27 2021,-0.030000,1632476307010,
Fri Sep 24 11:38:27 2021,-0.030000,1632476307020,
Fri Sep 24 11:38:27 2021,-0.030000,1632476307030,
Fri Sep 24 11:38:27 2021,-0.030000,1632476307040,
Fri Sep 24 11:38:27 2021,-0.030000,1632476307050,
Fri Sep 24 11:38:27 2021,-0.030000,1632476307060,
Fri Sep 24 11:38:27 2021,-0.030000,1632476307070,
Fri Sep 24 11:38:27 2021,-0.030000,1632476307080,
Fri Sep 24 11:38:27 2021,-0.030000,1632476307090,
Fri Sep 24 11:38:27 2021,-0.030000,1632476307100,
Fri Sep 24 11:38:27 2021,-0.030000,1632476307110,
Fri Sep 24 11:38:27 2021,-0.030000,1632476307120,
Fri Sep 24 11:38:27 2021,-0.030000,1632476307130,
Fri Sep 24 11:38:27 2021,-0.030000,1632476307140,
Fri Sep 24 11:38:27 2021,-0.030000,1632476307150,
Fri Sep 24 11:38:27 2021,-0.030000,1632476307160,
Fri Sep 24 11:38:27 2021,-0.030000,1632476307170,
Fri Sep 24 11:38:27 2021,-0.030000,1632476307180,
Fri Sep 24 11:38:27 2021,-0.030000,1632476307190,
Fri Sep 24 11:38:27 2021,-0.030000,1632476307200,
Fri Sep 24 11:38:27 2021,-0.030000,1632476307210,
Fri Sep 24 11:38:27 2021,-0.030000,1632476307220,
Fri Sep 24 11:38:27 2021,-0.030000,1632476307230,
Fri Sep 24 11:38:27 2021,-0.030000,1632476307240,
Fri Sep 24 11:38:27 2021,-0.030000,1632476307250,
Fri Sep 24 11:38:27 2021,-0.030000,1632476307260,
Fri Sep 24 11:38:27 2021,-0.030000,1632476307270,
Fri Sep 24 11:38:27 2021,-0.030000,1632476307280,
Fri Sep 24 11:38:27 2021,-0.030000,1632476307290,
Fri Sep 24 11:38:27 2021,-0.030000,1632476307300,
Fri Sep 24 11:38:27 2021,-0.030000,1632476307310,
Fri Sep 24 11:38:27 2021,-0.030000,1632476307320,
Fri Sep 24 11:38:27 2021,-0.030000,1632476307330,
Fri Sep 24 11:38:27 2021,-0.030000,1632476307340,
Fri Sep 24 11:38:27 2021,-0.030000,1632476307350,
Fri Sep 24 11:38:27 2021,-0.030000,1632476307360,
Fri Sep 24 11:38:27 2021,-0.030000,1632476307370,
Fri Sep 24 11:38:27 2021,-0.030000,1632476307380,
Fri Sep 24 11:38:27 2021,-0.030000,1632476307390,
Fri Sep 24 11:38:27 2021,-0.030000,1632476307400,
Fri Sep 24 11:38:27 2021,-0.030000,1632476307410,
Fri Sep 24 11:38:27 2021,-0.030000,1632476307420,
Fri Sep 24 11:38:27 2021,-0.030000,1632476307430,
Fri Sep 24 11:38:27 2021,-0.030000,1632476307440,
Fri Sep 24 11:38:27 2021,-0.030000,1632476307450,
Fri Sep 24 11:38:27 2021,-0.030000,1632476307460,
Fri Sep 24 11:38:27 2021,-0.030000,1632476307470,
Fri Sep 24 11:38:27 2021,-0.030000,1632476307480,
Fri Sep 24 11:38:27 2021,-0.030000,1632476307490,
Fri Sep 24 11:38:27 2021,-0.030000,1632476307500,
Fri Sep 24 11:38:27 2021,-0.030000,1632476307510,
Fri Sep 24 11:38:27 2021,-0.030000,1632476307520,
Fri Sep 24 11:38:27 2021,-0.030000,1632476307530,
Fri Sep 24 11:38:27 2021,-0.030000,1632476307540,
Fri Sep 24 11:38:27 2021,-0.030000,1632476307550,
Fri Sep 24 11:38:27 2021,-0.030000,1632476307560,
Fri Sep 24 11:38:27 2021,-0.030000,1632476307570,
Fri Sep 24 11:38:27 2021,-0.030000,1632476307580,
Fri Sep 24 11:38:27 2021,-0.030000,1632476307590,
Fri Sep 24 11:38:27 2021,-0.030000,1632476307600,
Fri Sep 24 11:38:27 2021,-0.030000,1632476307610,
Fri Sep 24 11:38:27 2021,-0.030000,1632476307620,
Fri Sep 24 11:38:27 2021,-0.030000,1632476307630,
Fri Sep 24 11:38:27 2021,-0.030000,1632476307640,
Fri Sep 24 11:38:27 2021,-0.030000,1632476307650,
Fri Sep 24 11:38:27 2021,-0.030000,1632476307660,
Fri Sep 24 11:38:27 2021,-0.030000,1632476307670,
Fri Sep 24 11:38:27 2021,-0.030000,1632476307680,
Fri Sep 24 11:38:27 2021,-0.030000,1632476307690,
Fri Sep 24 11:38:27 2021,-0.030000,1632476307700,
Fri Sep 24 11:38:27 2021,-0.030000,1632476307710,
Fri Sep 24 11:38:27 2021,-0.030000,1632476307720,
Fri Sep 24 11:38:27 2021,-0.030000,1632476307730,
Fri Sep 24 11:38:27 2021,-0.030000,1632476307740,
Fri Sep 24 11:38:27 2021,-0.030000,1632476307750,
Fri Sep 24 11:38:27 2021,-0.030000,1632476307760,
Fri Sep 24 11:38:27 2021,-0.030000,1632476307770,
Fri Sep 24 11:38:27 2021,-0.030000,1632476307780,
Fri Sep 24 11:38:27 2021,-0.030000,1632476307790,
Fri Sep 24 11:38:27 2021,-0.030000,1632476307800,
Fri Sep 24 11:38:27 2021,-0.030000,1632476307810,
Fri Sep 24 11:38:27 2021,-0.030000,1632476307820,
Fri Sep 24 11:38:27 2021,-0.030000,1632476307830,
Fri Sep 24 11:38:27 2021,-0.030000,1632476307840,
Fri Sep 24 11:38:27 2021,-0.030000,1632476307850,
Fri Sep 24 11:38:27 2021,-0.030000,1632476307860,
Fri Sep 24 11:38:27 2021,-0.030000,1632476307870,
Fri Sep 24 11:38:27 2021,-0.030000,1632476307880,
Fri Sep 24 11:38:27 2021,-0.030000,1632476307890,
Fri Sep 24 11:38:27 2021,-0.030000,1632476307900,
Fri Sep 24 11:38:27 2021,-0.030000,1632476307910,
Fri Sep 24 11:38:27 2021,-0.030000,1632476307920,
Fri Sep 24 11:38:27 2021,-0.030000,1632476307930,
Fri Sep 24 11:38:27 2021,-0.030000,1632476307940,
Fri Sep 24 11:38:27 2021,-0.030000,1632476307950,
Fri Sep 24 11:38:27 2021,-0.030000,1632476307960,
Fri Sep 24 11:38:27 2021,-0.030000,1632476307970,
Fri Sep 24 11:38:27 2021,-0.030000,1632476307980,
Fri Sep 24 11:38:27 2021,-0.030000,1632476307990,
Fri Sep 24 11:38:28 2021,-0.030000,1632476308000,
Fri Sep 24 11:38:28 2021,-0.030000,1632476308010,
Fri Sep 24 11:38:28 2021,-0.030000,1632476308020,
Fri Sep 24 11:38:28 2021,-0.030000,1632476308030,
Fri Sep 24 11:38:28 2021,-0.030000,1632476308040,
Fri Sep 24 11:38:28 2021,-0.030000,1632476308050,
Fri Sep 24 11:38:28 2021,-0.030000,1632476308060,
Fri Sep 24 11:38:28 2021,-0.030000,1632476308070,
Fri Sep 24 11:38:28 2021,-0.030000,1632476308080,
Fri Sep 24 11:38:28 2021,-0.030000,1632476308090,
Fri Sep 24 11:38:28 2021,-0.030000,1632476308100,
Fri Sep 24 11:38:28 2021,-0.030000,1632476308110,
Fri Sep 24 11:38:28 2021,-0.030000,1632476308120,
Fri Sep 24 11:38:28 2021,-0.030000,1632476308130,
Fri Sep 24 11:38:28 2021,-0.030000,1632476308140,
Fri Sep 24 11:38:28 2021,-0.030000,1632476308150,
Fri Sep 24 11:38:28 2021,-0.030000,1632476308160,
Fri Sep 24 11:38:28 2021,-0.030000,1632476308170,
Fri Sep 24 11:38:28 2021,-0.030000,1632476308180,
Fri Sep 24 11:38:28 2021,-0.030000,1632476308190,
Fri Sep 24 11:38:28 2021,-0.030000,1632476308200,
Fri Sep 24 11:38:28 2021,-0.030000,1632476308210,
Fri Sep 24 11:38:28 2021,-0.030000,1632476308220,
Fri Sep 24 11:38:28 2021,-0.030000,1632476308230,
Fri Sep 24 11:38:28 2021,-0.030000,1632476308240,
Fri Sep 24 11:38:28 2021,-0.030000,1632476308250,
Fri Sep 24 11:38:28 2021,-0.030000,1632476308260,
Fri Sep 24 11:38:28 2021,-0.030000,1632476308270,
Fri Sep 24 11:38:28 2021,-0.030000,1632476308280,
Fri Sep 24 11:38:28 2021,-0.030000,1632476308290,
Fri Sep 24 11:38:28 2021,-0.030000,1632476308300,
Fri Sep 24 11:38:28 2021,-0.030000,1632476308310,
Fri Sep 24 11:38:28 2021,-0.030000,1632476308320,
Fri Sep 24 11:38:28 2021,-0.030000,1632476308330,
Fri Sep 24 11:38:28 2021,-0.030000,1632476308340,
Fri Sep 24 11:38:28 2021,-0.030000,1632476308350,
Fri Sep 24 11:38:28 2021,-0.030000,1632476308360,
Fri Sep 24 11:38:28 2021,-0.030000,1632476308370,
Fri Sep 24 11:38:28 2021,-0.030000,1632476308380,
Fri Sep 24 11:38:28 2021,-0.030000,1632476308390,
Fri Sep 24 11:38:28 2021,-0.030000,1632476308400,
Fri Sep 24 11:38:28 2021,-0.030000,1632476308410,
Fri Sep 24 11:38:28 2021,-0.030000,1632476308420,
Fri Sep 24 11:38:28 2021,-0.030000,1632476308430,
Fri Sep 24 11:38:28 2021,-0.030000,1632476308440,
Fri Sep 24 11:38:28 2021,-0.030000,1632476308450,
Fri Sep 24 11:38:28 2021,-0.030000,1632476308460,
Fri Sep 24 11:38:28 2021,-0.030000,1632476308470,
Fri Sep 24 11:38:28 2021,-0.030000,1632476308480,
Fri Sep 24 11:38:28 2021,-0.030000,1632476308490,
Fri Sep 24 11:38:28 2021,-0.030000,1632476308500,
Fri Sep 24 11:38:28 2021,-0.030000,1632476308510,
Fri Sep 24 11:38:28 2021,-0.030000,1632476308520,
Fri Sep 24 11:38:28 2021,-0.030000,1632476308530,
Fri Sep 24 11:38:28 2021,-0.030000,1632476308540,
Fri Sep 24 11:38:28 2021,-0.030000,1632476308550,
Fri Sep 24 11:38:28 2021,-0.030000,1632476308560,
Fri Sep 24 11:38:28 2021,-0.030000,1632476308570,
Fri Sep 24 11:38:28 2021,-0.030000,1632476308580,
Fri Sep 24 11:38:28 2021,-0.030000,1632476308590,
Fri Sep 24 11:38:28 2021,-0.030000,1632476308600,
Fri Sep 24 11:38:28 2021,-0.030000,1632476308610,
Fri Sep 24 11:38:28 2021,-0.030000,1632476308620,
Fri Sep 24 11:38:28 2021,-0.030000,1632476308630,
Fri Sep 24 11:38:28 2021,-0.030000,1632476308640,
Fri Sep 24 11:38:28 2021,-0.030000,1632476308650,
Fri Sep 24 11:38:28 2021,-0.030000,1632476308660,
Fri Sep 24 11:38:28 2021,-0.030000,1632476308670,
Fri Sep 24 11:38:28 2021,-0.030000,1632476308680,
Fri Sep 24 11:38:28 2021,-0.030000,1632476308690,
Fri Sep 24 11:38:28 2021,-0.030000,1632476308700,
Fri Sep 24 11:38:28 2021,-0.030000,1632476308710,
Fri Sep 24 11:38:28 2021,-0.030000,1632476308720,
Fri Sep 24 11:38:28 2021,-0.030000,1632476308730,
Fri Sep 24 11:38:28 2021,-0.030000,1632476308740,
Fri Sep 24 11:38:28 2021,-0.030000,1632476308750,
Fri Sep 24 11:38:28 2021,-0.030000,1632476308760,
Fri Sep 24 11:38:28 2021,-0.030000,1632476308770,
Fri Sep 24 11:38:28 2021,-0.030000,1632476308780,
Fri Sep 24 11:38:28 2021,-0.030000,1632476308790,
Fri Sep 24 11:38:28 2021,-0.030000,1632476308800,
Fri Sep 24 11:38:28 2021,-0.030000,1632476308810,
Fri Sep 24 11:38:28 2021,-0.030000,1632476308820,
Fri Sep 24 11:38:28 2021,-0.030000,1632476308830,
Fri Sep 24 11:38:28 2021,-0.030000,1632476308840,
Fri Sep 24 11:38:28 2021,-0.030000,1632476308850,
Fri Sep 24 11:38:28 2021,-0.030000,1632476308860,
Fri Sep 24 11:38:28 2021,-0.030000,1632476308870,
Fri Sep 24 11:38:28 2021,-0.030000,1632476308880,
Fri Sep 24 11:38:28 2021,-0.030000,1632476308890,
Fri Sep 24 11:38:28 2021,-0.030000,1632476308900,
Fri Sep 24 11:38:28 2021,-0.030000,1632476308910,
Fri Sep 24 11:38:28 2021,-0.030000,1632476308920,
Fri Sep 24 11:38:28 2021,-0.030000,1632476308930,
Fri Sep 24 11:38:28 2021,-0.030000,1632476308940,
Fri Sep 24 11:38:28 2021,-0.030000,1632476308950,
Fri Sep 24 11:38:28 2021,-0.030000,1632476308960,
Fri Sep 24 11:38:28 2021,-0.030000,1632476308970,
Fri Sep 24 11:38:28 2021,-0.030000,1632476308980,
Fri Sep 24 11:38:28 2021,-0.030000,1632476308990,
Fri Sep 24 11:38:29 2021,-0.030000,1632476309000,
Fri Sep 24 11:38:29 2021,-0.030000,1632476309010,
Fri Sep 24 11:38:29 2021,-0.030000,1632476309020,
Fri Sep 24 11:38:29 2021,-0.030000,1632476309030,
Fri Sep 24 11:38:29 2021,-0.030000,1632476309040,
Fri Sep 24 11:38:29 2021,-0.030000,1632476309050,
Fri Sep 24 11:38:29 2021,-0.030000,1632476309060,
Fri Sep 24 11:38:29 2021,-0.030000,1632476309070,
Fri Sep 24 11:38:29 2021,-0.030000,1632476309080,
Fri Sep 24 11:38:29 2021,-0.030000,1632476309090,
Fri Sep 24 11:38:29 2021,-0.030000,1632476309100,
Fri Sep 24 11:38:29 2021,-0.030000,1632476309110,
Fri Sep 24 11:38:29 2021,-0.030000,1632476309120,
Fri Sep 24 11:38:29 2021,-0.030000,1632476309130,
Fri Sep 24 11:38:29 2021,-0.030000,1632476309140,
Fri Sep 24 11:38:29 2021,-0.030000,1632476309150,
Fri Sep 24 11:38:29 2021,-0.030000,1632476309160,
Fri Sep 24 11:38:29 2021,-0.030000,1632476309170,
Fri Sep 24 11:38:29 2021,-0.030000,1632476309180,
Fri Sep 24 11:38:29 2021,-0.030000,1632476309190,
Fri Sep 24 11:38:29 2021,-0.030000,1632476309200,
Fri Sep 24 11:38:29 2021,-0.030000,1632476309210,
Fri Sep 24 11:38:29 2021,-0.030000,1632476309220,
Fri Sep 24 11:38:29 2021,-0.030000,1632476309230,
Fri Sep 24 11:38:29 2021,-0.030000,1632476309240,
Fri Sep 24 11:38:29 2021,-0.030000,1632476309250,
Fri Sep 24 11:38:29 2021,-0.030000,1632476309260,
Fri Sep 24 11:38:29 2021,-0.030000,1632476309270,
Fri Sep 24 11:38:29 2021,-0.030000,1632476309280,
Fri Sep 24 11:38:29 2021,-0.030000,1632476309290,
Fri Sep 24 11:38:29 2021,-0.030000,1632476309300,
Fri Sep 24 11:38:29 2021,-0.030000,1632476309310,
Fri Sep 24 11:38:29 2021,-0.030000,1632476309320,
Fri Sep 24 11:38:29 2021,-0.030000,1632476309330,
Fri Sep 24 11:38:29 2021,-0.030000,1632476309340,
Fri Sep 24 11:38:29 2021,-0.030000,1632476309350,
Fri Sep 24 11:38:29 2021,-0.030000,1632476309360,
Fri Sep 24 11:38:29 2021,-0.030000,1632476309370,
Fri Sep 24 11:38:29 2021,-0.030000,1632476309380,
Fri Sep 24 11:38:29 2021,-0.030000,1632476309390,
Fri Sep 24 11:38:29 2021,-0.030000,1632476309400,
Fri Sep 24 11:38:29 2021,-0.030000,1632476309410,
Fri Sep 24 11:38:29 2021,-0.030000,1632476309420,
Fri Sep 24 11:38:29 2021,-0.030000,1632476309430,
Fri Sep 24 11:38:29 2021,-0.030000,1632476309440,
Fri Sep 24 11:38:29 2021,-0.030000,1632476309450,
Fri Sep 24 11:38:29 2021,-0.030000,1632476309460,
Fri Sep 24 11:38:29 2021,-0.030000,1632476309470,
Fri Sep 24 11:38:29 2021,-0.030000,1632476309480,
Fri Sep 24 11:38:29 2021,-0.030000,1632476309490,
Fri Sep 24 11:38:29 2021,-0.030000,1632476309500,
Fri Sep 24 11:38:29 2021,-0.030000,1632476309510,
Fri Sep 24 11:38:29 2021,-0.030000,1632476309520,
Fri Sep 24 11:38:29 2021,-0.030000,1632476309530,
Fri Sep 24 11:38:29 2021,-0.030000,1632476309540,
Fri Sep 24 11:38:29 2021,-0.030000,1632476309550,
Fri Sep 24 11:38:29 2021,-0.030000,1632476309560,
Fri Sep 24 11:38:29 2021,-0.030000,1632476309570,
Fri Sep 24 11:38:29 2021,-0.030000,1632476309580,
Fri Sep 24 11:38:29 2021,-0.030000,1632476309590,
Fri Sep 24 11:38:29 2021,-0.030000,1632476309600,
Fri Sep 24 11:38:29 2021,-0.030000,1632476309610,
Fri Sep 24 11:38:29 2021,-0.030000,1632476309620,
Fri Sep 24 11:38:29 2021,-0.030000,1632476309630,
Fri Sep 24 11:38:29 2021,-0.030000,1632476309640,
Fri Sep 24 11:38:29 2021,-0.030000,1632476309650,
Fri Sep 24 11:38:29 2021,-0.030000,1632476309660,
Fri Sep 24 11:38:29 2021,-0.030000,1632476309670,
Fri Sep 24 11:38:29 2021,-0.030000,1632476309680,
Fri Sep 24 11:38:29 2021,-0.030000,1632476309690,
Fri Sep 24 11:38:29 2021,-0.030000,1632476309700,
Fri Sep 24 11:38:29 2021,-0.030000,1632476309710,
Fri Sep 24 11:38:29 2021,-0.030000,1632476309720,
Fri Sep 24 11:38:29 2021,-0.030000,1632476309730,
Fri Sep 24 11:38:29 2021,-0.030000,1632476309740,
Fri Sep 24 11:38:29 2021,-0.030000,1632476309750,
Fri Sep 24 11:38:29 2021,-0.030000,1632476309760,
Fri Sep 24 11:38:29 2021,-0.030000,1632476309770,
Fri Sep 24 11:38:29 2021,-0.030000,1632476309780,
Fri Sep 24 11:38:29 2021,-0.030000,1632476309790,
Fri Sep 24 11:38:29 2021,-0.030000,1632476309800,
Fri Sep 24 11:38:29 2021,-0.030000,1632476309810,
Fri Sep 24 11:38:29 2021,-0.030000,1632476309820,
Fri Sep 24 11:38:29 2021,-0.030000,1632476309830,
Fri Sep 24 11:38:29 2021,-0.030000,1632476309840,
Fri Sep 24 11:38:29 2021,-0.030000,1632476309850,
Fri Sep 24 11:38:29 2021,-0.030000,1632476309860,
Fri Sep 24 11:38:29 2021,-0.030000,1632476309870,
Fri Sep 24 11:38:29 2021,-0.030000,1632476309880,
Fri Sep 24 11:38:29 2021,-0.030000,1632476309890,
Fri Sep 24 11:38:29 2021,-0.030000,1632476309900,
Fri Sep 24 11:38:29 2021,-0.030000,1632476309910,
Fri Sep 24 11:38:29 2021,-0.030000,1632476309920,
Fri Sep 24 11:38:29 2021,-0.030000,1632476309930,
Fri Sep 24 11:38:29 2021,-0.030000,1632476309940,
Fri Sep 24 11:38:29 2021,-0.030000,1632476309950,
Fri Sep 24 11:38:29 2021,-0.030000,1632476309960,
Fri Sep 24 11:38:29 2021,-0.030000,1632476309970,
Fri Sep 24 11:38:29 2021,-0.030000,1632476309980,
Fri Sep 24 11:38:29 2021,-0.030000,1632476309990,
Fri Sep 24 11:38:30 2021,-0.030000,1632476310000,
Fri Sep 24 11:38:30 2021,-0.030000,1632476310010,
Fri Sep 24 11:38:30 2021,-0.030000,1632476310020,
Fri Sep 24 11:38:30 2021,-0.030000,1632476310030,
Fri Sep 24 11:38:30 2021,-0.030000,1632476310040,
Fri Sep 24 11:38:30 2021,-0.030000,1632476310050,
Fri Sep 24 11:38:30 2021,-0.030000,1632476310060,
Fri Sep 24 11:38:30 2021,-0.030000,1632476310070,
Fri Sep 24 11:38:30 2021,-0.030000,1632476310080,
Fri Sep 24 11:38:30 2021,-0.030000,1632476310090,
Fri Sep 24 11:38:30 2021,-0.030000,1632476310100,
Fri Sep 24 11:38:30 2021,-0.030000,1632476310110,
Fri Sep 24 11:38:30 2021,-0.030000,1632476310120,
Fri Sep 24 11:38:30 2021,-0.030000,1632476310130,
Fri Sep 24 11:38:30 2021,-0.030000,1632476310140,
Fri Sep 24 11:38:30 2021,-0.030000,1632476310150,
Fri Sep 24 11:38:30 2021,-0.030000,1632476310160,
Fri Sep 24 11:38:30 2021,-0.030000,1632476310170,
Fri Sep 24 11:38:30 2021,-0.030000,1632476310180,
Fri Sep 24 11:38:30 2021,-0.030000,1632476310190,
Fri Sep 24 11:38:30 2021,-0.030000,1632476310200,
Fri Sep 24 11:38:30 2021,-0.030000,1632476310210,
Fri Sep 24 11:38:30 2021,-0.030000,1632476310220,
Fri Sep 24 11:38:30 2021,-0.030000,1632476310230,
Fri Sep 24 11:38:30 2021,-0.030000,1632476310240,
Fri Sep 24 11:38:30 2021,-0.030000,1632476310250,
Fri Sep 24 11:38:30 2021,-0.030000,1632476310260,
Fri Sep 24 11:38:30 2021,-0.030000,1632476310270,
Fri Sep 24 11:38:30 2021,-0.030000,1632476310280,
Fri Sep 24 11:38:30 2021,-0.030000,1632476310290,
Fri Sep 24 11:38:30 2021,-0.030000,1632476310300,
Fri Sep 24 11:38:30 2021,-0.030000,1632476310310,
Fri Sep 24 11:38:30 2021,-0.030000,1632476310320,
Fri Sep 24 11:38:30 2021,-0.030000,1632476310330,
Fri Sep 24 11:38:30 2021,-0.030000,1632476310340,
Fri Sep 24 11:38:30 2021,-0.030000,1632476310350,
Fri Sep 24 11:38:30 2021,-0.030000,1632476310360,
Fri Sep 24 11:38:30 2021,-0.030000,1632476310370,
Fri Sep 24 11:38:30 2021,-0.030000,1632476310380,
Fri Sep 24 11:38:30 2021,-0.030000,1632476310390,
Fri Sep 24 11:38:30 2021,-0.030000,1632476310400,
Fri Sep 24 11:38:30 2021,-0.030000,1632476310410,
Fri Sep 24 11:38:30 2021,-0.030000,1632476310420,
Fri Sep 24 11:38:30 2021,-0.030000,1632476310430,
Fri Sep 24 11:38:30 2021,-0.030000,1632476310440,
Fri Sep 24 11:38:30 2021,-0.030000,1632476310450,
Fri Sep 24 11:38:30 2021,-0.030000,1632476310460,
Fri Sep 24 11:38:30 2021,-0.030000,1632476310470,
Fri Sep 24 11:38:30 2021,-0.030000,1632476310480,
Fri Sep 24 11:38:30 2021,-0.030000,1632476310490,
Fri Sep 24 11:38:30 2021,-0.030000,1632476310500,
Fri Sep 24 11:38:30 2021,-0.030000,1632476310510,
Fri Sep 24 11:38:30 2021,-0.030000,1632476310520,
Fri Sep 24 11:38:30 2021,-0.030000,1632476310530,
Fri Sep 24 11:38:30 2021,-0.030000,1632476310540,
Fri Sep 24 11:38:30 2021,-0.030000,1632476310550,
Fri Sep 24 11:38:30 2021,-0.030000,1632476310560,
Fri Sep 24 11:38:30 2021,-0.030000,1632476310570,
Fri Sep 24 11:38:30 2021,-0.030000,1632476310580,
Fri Sep 24 11:38:30 2021,-0.030000,1632476310590,
Fri Sep 24 11:38:30 2021,-0.030000,1632476310600,
Fri Sep 24 11:38:30 2021,-0.030000,1632476310610,
Fri Sep 24 11:38:30 2021,-0.030000,1632476310620,
Fri Sep 24 11:38:30 2021,-0.030000,1632476310630,
Fri Sep 24 11:38:30 2021,-0.030000,1632476310640,
Fri Sep 24 11:38:30 2021,-0.030000,1632476310650,
Fri Sep 24 11:38:30 2021,-0.030000,1632476310660,
Fri Sep 24 11:38:30 2021,-0.030000,1632476310670,
Fri Sep 24 11:38:30 2021,-0.030000,1632476310680,
Fri Sep 24 11:38:30 2021,-0.030000,1632476310690,
Fri Sep 24 11:38:30 2021,-0.030000,1632476310700,
Fri Sep 24 11:38:30 2021,-0.030000,1632476310710,
Fri Sep 24 11:38:30 2021,-0.030000,1632476310720,
Fri Sep 24 11:38:30 2021,-0.030000,1632476310730,
Fri Sep 24 11:38:30 2021,-0.030000,1632476310740,
Fri Sep 24 11:38:30 2021,-0.030000,1632476310750,
Fri Sep 24 11:38:30 2021,-0.030000,1632476310760,
Fri Sep 24 11:38:30 2021,-0.030000,1632476310770,
Fri Sep 24 11:38:30 2021,-0.030000,1632476310780,
Fri Sep 24 11:38:30 2021,-0.030000,1632476310790,
Fri Sep 24 11:38:30 2021,-0.030000,1632476310800,
Fri Sep 24 11:38:30 2021,-0.030000,1632476310810,
Fri Sep 24 11:38:30 2021,-0.030000,1632476310820,
Fri Sep 24 11:38:30 2021,-0.030000,1632476310830,
Fri Sep 24 11:38:30 2021,-0.030000,1632476310840,
Fri Sep 24 11:38:30 2021,-0.030000,1632476310850,
Fri Sep 24 11:38:30 2021,-0.030000,1632476310860,
Fri Sep 24 11:38:30 2021,-0.030000,1632476310870,
Fri Sep 24 11:38:30 2021,-0.030000,1632476310880,
Fri Sep 24 11:38:30 2021,-0.030000,1632476310890,
Fri Sep 24 11:38:30 2021,-0.030000,1632476310900,
Fri Sep 24 11:38:30 2021,-0.030000,1632476310910,
Fri Sep 24 11:38:30 2021,-0.030000,1632476310920,
Fri Sep 24 11:38:30 2021,-0.030000,1632476310930,
Fri Sep 24 11:38:30 2021,-0.030000,1632476310940,
Fri Sep 24 11:38:30 2021,-0.030000,1632476310950,
Fri Sep 24 11:38:30 2021,-0.030000,1632476310960,
Fri Sep 24 11:38:30 2021,-0.030000,1632476310970,
Fri Sep 24 11:38:30 2021,-0.030000,1632476310980,
Fri Sep 24 11:38:30 2021,-0.030000,1632476310990,
Fri Sep 24 11:38:31 2021,-0.030000,1632476311000,
Fri Sep 24 11:38:31 2021,-0.030000,1632476311010,
Fri Sep 24 11:38:31 2021,-0.030000,1632476311020,
Fri Sep 24 11:38:31 2021,-0.030000,1632476311030,
Fri Sep 24 11:38:31 2021,-0.030000,1632476311040,
Fri Sep 24 11:38:31 2021,-0.030000,1632476311050,
Fri Sep 24 11:38:31 2021,-0.030000,1632476311060,
Fri Sep 24 11:38:31 2021,-0.030000,1632476311070,
Fri Sep 24 11:38:31 2021,-0.030000,1632476311080,
Fri Sep 24 11:38:31 2021,-0.030000,1632476311090,
Fri Sep 24 11:38:31 2021,-0.030000,1632476311100,
Fri Sep 24 11:38:31 2021,-0.030000,1632476311110,
Fri Sep 24 11:38:31 2021,-0.030000,1632476311120,
Fri Sep 24 11:38:31 2021,-0.030000,1632476311130,
Fri Sep 24 11:38:31 2021,-0.030000,1632476311140,
Fri Sep 24 11:38:31 2021,-0.030000,1632476311150,
Fri Sep 24 11:38:31 2021,-0.030000,1632476311160,
Fri Sep 24 11:38:31 2021,-0.030000,1632476311170,
Fri Sep 24 11:38:31 2021,-0.030000,1632476311180,
Fri Sep 24 11:38:31 2021,-0.030000,1632476311190,
Fri Sep 24 11:38:31 2021,-0.030000,1632476311200,
Fri Sep 24 11:38:31 2021,-0.030000,1632476311210,
Fri Sep 24 11:38:31 2021,-0.030000,1632476311220,
Fri Sep 24 11:38:31 2021,-0.030000,1632476311230,
Fri Sep 24 11:38:31 2021,-0.030000,1632476311240,
Fri Sep 24 11:38:31 2021,-0.030000,1632476311250,
Fri Sep 24 11:38:31 2021,-0.030000,1632476311260,
Fri Sep 24 11:38:31 2021,-0.030000,1632476311270,
Fri Sep 24 11:38:31 2021,-0.030000,1632476311280,
Fri Sep 24 11:38:31 2021,-0.030000,1632476311290,
Fri Sep 24 11:38:31 2021,-0.030000,1632476311300,
Fri Sep 24 11:38:31 2021,-0.030000,1632476311310,
Fri Sep 24 11:38:31 2021,-0.030000,1632476311320,
Fri Sep 24 11:38:31 2021,-0.030000,1632476311330,
Fri Sep 24 11:38:31 2021,-0.030000,1632476311340,
Fri Sep 24 11:38:31 2021,-0.030000,1632476311350,
Fri Sep 24 11:38:31 2021,-0.030000,1632476311360,
Fri Sep 24 11:38:31 2021,-0.030000,1632476311370,
Fri Sep 24 11:38:31 2021,-0.030000,1632476311380,
Fri Sep 24 11:38:31 2021,-0.030000,1632476311390,
Fri Sep 24 11:38:31 2021,-0.030000,1632476311400,
Fri Sep 24 11:38:31 2021,-0.030000,1632476311410,
Fri Sep 24 11:38:31 2021,-0.030000,1632476311420,
Fri Sep 24 11:38:31 2021,-0.030000,1632476311430,
Fri Sep 24 11:38:31 2021,-0.030000,1632476311440,
Fri Sep 24 11:38:31 2021,-0.030000,1632476311450,
Fri Sep 24 11:38:31 2021,-0.030000,1632476311460,
Fri Sep 24 11:38:31 2021,-0.030000,1632476311470,
Fri Sep 24 11:38:31 2021,-0.030000,1632476311480,
Fri Sep 24 11:38:31 2021,-0.030000,1632476311490,
Fri Sep 24 11:38:31 2021,-0.030000,1632476311500,
Fri Sep 24 11:38:31 2021,-0.030000,1632476311510,
Fri Sep 24 11:38:31 2021,-0.030000,1632476311520,
Fri Sep 24 11:38:31 2021,-0.030000,1632476311530,
Fri Sep 24 11:38:31 2021,-0.030000,1632476311540,
Fri Sep 24 11:38:31 2021,-0.030000,1632476311550,
Fri Sep 24 11:38:31 2021,-0.030000,1632476311560,
Fri Sep 24 11:38:31 2021,-0.030000,1632476311570,
Fri Sep 24 11:38:31 2021,-0.030000,1632476311580,
Fri Sep 24 11:38:31 2021,-0.030000,1632476311590,
Fri Sep 24 11:38:31 2021,-0.030000,1632476311600,
Fri Sep 24 11:38:31 2021,-0.030000,1632476311610,
Fri Sep 24 11:38:31 2021,-0.030000,1632476311620,
Fri Sep 24 11:38:31 2021,-0.030000,1632476311630,
Fri Sep 24 11:38:31 2021,-0.030000,1632476311640,
Fri Sep 24 11:38:31 2021,-0.030000,1632476311650,
Fri Sep 24 11:38:31 2021,-0.030000,1632476311660,
Fri Sep 24 11:38:31 2021,-0.030000,1632476311670,
Fri Sep 24 11:38:31 2021,-0.030000,1632476311680,
Fri Sep 24 11:38:31 2021,-0.030000,1632476311690,
Fri Sep 24 11:38:31 2021,-0.030000,1632476311700,
Fri Sep 24 11:38:31 2021,-0.030000,1632476311710,
Fri Sep 24 11:38:31 2021,-0.030000,1632476311720,
Fri Sep 24 11:38:31 2021,-0.030000,1632476311730,
Fri Sep 24 11:38:31 2021,-0.030000,1632476311740,
Fri Sep 24 11:38:31 2021,-0.030000,1632476311750,
Fri Sep 24 11:38:31 2021,-0.030000,1632476311760,
Fri Sep 24 11:38:31 2021,-0.030000,1632476311770,
Fri Sep 24 11:38:31 2021,-0.030000,1632476311780,
Fri Sep 24 11:38:31 2021,-0.030000,1632476311790,
Fri Sep 24 11:38:31 2021,-0.030000,1632476311800,
Fri Sep 24 11:38:31 2021,-0.030000,1632476311810,
Fri Sep 24 11:38:31 2021,-0.030000,1632476311820,
Fri Sep 24 11:38:31 2021,-0.030000,1632476311830,
Fri Sep 24 11:38:31 2021,-0.030000,1632476311840,
Fri Sep 24 11:38:31 2021,-0.030000,1632476311850,
Fri Sep 24 11:38:31 2021,-0.030000,1632476311860,
Fri Sep 24 11:38:31 2021,-0.030000,1632476311870,
Fri Sep 24 11:38:31 2021,-0.030000,1632476311880,
Fri Sep 24 11:38:31 2021,-0.030000,1632476311890,
Fri Sep 24 11:38:31 2021,-0.030000,1632476311900,
Fri Sep 24 11:38:31 2021,-0.030000,1632476311910,
Fri Sep 24 11:38:31 2021,-0.030000,1632476311920,
Fri Sep 24 11:38:31 2021,-0.030000,1632476311930,
Fri Sep 24 11:38:31 2021,-0.030000,1632476311940,
Fri Sep 24 11:38:31 2021,-0.030000,1632476311950,
Fri Sep 24 11:38:31 2021,-0.030000,1632476311960,
Fri Sep 24 11:38:31 2021,-0.030000,1632476311970,
Fri Sep 24 11:38:31 2021,-0.030000,1632476311980,
Fri Sep 24 11:38:31 2021,-0.030000,1632476311990,
Fri Sep 24 11:38:32 2021,-0.030000,1632476312000,
Fri Sep 24 11:38:32 2021,-0.030000,1632476312010,
Fri Sep 24 11:38:32 2021,-0.030000,1632476312020,
Fri Sep 24 11:38:32 2021,-0.030000,1632476312030,
Fri Sep 24 11:38:32 2021,-0.030000,1632476312040,
Fri Sep 24 11:38:32 2021,-0.030000,1632476312050,
Fri Sep 24 11:38:32 2021,-0.030000,1632476312060,
Fri Sep 24 11:38:32 2021,-0.030000,1632476312070,
Fri Sep 24 11:38:32 2021,-0.030000,1632476312080,
Fri Sep 24 11:38:32 2021,-0.030000,1632476312090,
Fri Sep 24 11:38:32 2021,-0.030000,1632476312100,
Fri Sep 24 11:38:32 2021,-0.030000,1632476312110,
Fri Sep 24 11:38:32 2021,-0.030000,1632476312120,
Fri Sep 24 11:38:32 2021,-0.030000,1632476312130,
Fri Sep 24 11:38:32 2021,-0.030000,1632476312140,
Fri Sep 24 11:38:32 2021,-0.030000,1632476312150,
Fri Sep 24 11:38:32 2021,-0.030000,1632476312160,
Fri Sep 24 11:38:32 2021,-0.030000,1632476312170,
Fri Sep 24 11:38:32 2021,-0.030000,1632476312180,
Fri Sep 24 11:38:32 2021,-0.030000,1632476312190,
Fri Sep 24 11:38:32 2021,-0.030000,1632476312200,
Fri Sep 24 11:38:32 2021,-0.030000,1632476312210,
Fri Sep 24 11:38:32 2021,-0.030000,1632476312220,
Fri Sep 24 11:38:32 2021,-0.030000,1632476312230,
Fri Sep 24 11:38:32 2021,-0.030000,1632476312240,
Fri Sep 24 11:38:32 2021,-0.030000,1632476312250,
Fri Sep 24 11:38:32 2021,-0.030000,1632476312260,
Fri Sep 24 11:38:32 2021,-0.030000,1632476312270,
Fri Sep 24 11:38:32 2021,-0.030000,1632476312280,
Fri Sep 24 11:38:32 2021,-0.030000,1632476312290,
Fri Sep 24 11:38:32 2021,-0.030000,1632476312300,
Fri Sep 24 11:38:32 2021,-0.030000,1632476312310,
Fri Sep 24 11:38:32 2021,-0.030000,1632476312320,
Fri Sep 24 11:38:32 2021,-0.030000,1632476312330,
Fri Sep 24 11:38:32 2021,-0.030000,1632476312340,
Fri Sep 24 11:38:32 2021,-0.030000,1632476312350,
Fri Sep 24 11:38:32 2021,-0.030000,1632476312360,
Fri Sep 24 11:38:32 2021,-0.030000,1632476312370,
Fri Sep 24 11:38:32 2021,-0.030000,1632476312380,
Fri Sep 24 11:38:32 2021,-0.030000,1632476312390,
Fri Sep 24 11:38:32 2021,-0.030000,1632476312400,
Fri Sep 24 11:38:32 2021,-0.030000,1632476312410,
Fri Sep 24 11:38:32 2021,-0.030000,1632476312420,
Fri Sep 24 11:38:32 2021,-0.030000,1632476312430,
Fri Sep 24 11:38:32 2021,-0.030000,1632476312440,
Fri Sep 24 11:38:32 2021,-0.030000,1632476312450,
Fri Sep 24 11:38:32 2021,-0.030000,1632476312460,
Fri Sep 24 11:38:32 2021,-0.030000,1632476312470,
Fri Sep 24 11:38:32 2021,-0.030000,1632476312480,
Fri Sep 24 11:38:32 2021,-0.030000,1632476312490,
Fri Sep 24 11:38:32 2021,-0.030000,1632476312500,
Fri Sep 24 11:38:32 2021,-0.030000,1632476312510,
Fri Sep 24 11:38:32 2021,-0.030000,1632476312520,
Fri Sep 24 11:38:32 2021,-0.030000,1632476312530,
Fri Sep 24 11:38:32 2021,-0.030000,1632476312540,
Fri Sep 24 11:38:32 2021,-0.030000,1632476312550,
Fri Sep 24 11:38:32 2021,-0.030000,1632476312560,
Fri Sep 24 11:38:32 2021,-0.030000,1632476312570,
Fri Sep 24 11:38:32 2021,-0.030000,1632476312580,
Fri Sep 24 11:38:32 2021,-0.030000,1632476312590,
Fri Sep 24 11:38:32 2021,-0.030000,1632476312600,
Fri Sep 24 11:38:32 2021,-0.030000,1632476312610,
Fri Sep 24 11:38:32 2021,-0.030000,1632476312620,
Fri Sep 24 11:38:32 2021,-0.030000,1632476312630,
Fri Sep 24 11:38:32 2021,-0.030000,1632476312640,
Fri Sep 24 11:38:32 2021,-0.030000,1632476312650,
Fri Sep 24 11:38:32 2021,-0.030000,1632476312660,
Fri Sep 24 11:38:32 2021,-0.030000,1632476312670,
Fri Sep 24 11:38:32 2021,-0.030000,1632476312680,
Fri Sep 24 11:38:32 2021,-0.030000,1632476312690,
Fri Sep 24 11:38:32 2021,-0.030000,1632476312700,
Fri Sep 24 11:38:32 2021,-0.030000,1632476312710,
Fri Sep 24 11:38:32 2021,-0.030000,1632476312720,
Fri Sep 24 11:38:32 2021,-0.030000,1632476312730,
Fri Sep 24 11:38:32 2021,-0.030000,1632476312740,
Fri Sep 24 11:38:32 2021,-0.030000,1632476312750,
Fri Sep 24 11:38:32 2021,-0.030000,1632476312760,
Fri Sep 24 11:38:32 2021,-0.030000,1632476312770,
Fri Sep 24 11:38:32 2021,-0.030000,1632476312780,
Fri Sep 24 11:38:32 2021,-0.030000,1632476312790,
Fri Sep 24 11:38:32 2021,-0.030000,1632476312800,
Fri Sep 24 11:38:32 2021,-0.030000,1632476312810,
Fri Sep 24 11:38:32 2021,-0.030000,1632476312820,
Fri Sep 24 11:38:32 2021,-0.030000,1632476312830,
Fri Sep 24 11:38:32 2021,-0.030000,1632476312840,
Fri Sep 24 11:38:32 2021,-0.030000,1632476312850,
Fri Sep 24 11:38:32 2021,-0.030000,1632476312860,
Fri Sep 24 11:38:32 2021,-0.030000,1632476312870,
Fri Sep 24 11:38:32 2021,-0.030000,1632476312880,
Fri Sep 24 11:38:32 2021,-0.030000,1632476312890,
Fri Sep 24 11:38:32 2021,-0.030000,1632476312900,
Fri Sep 24 11:38:32 2021,-0.030000,1632476312910,
Fri Sep 24 11:38:32 2021,-0.030000,1632476312920,
Fri Sep 24 11:38:32 2021,-0.030000,1632476312930,
Fri Sep 24 11:38:32 2021,-0.030000,1632476312940,
Fri Sep 24 11:38:32 2021,-0.030000,1632476312950,
Fri Sep 24 11:38:32 2021,-0.030000,1632476312960,
Fri Sep 24 11:38:32 2021,-0.030000,1632476312970,
Fri Sep 24 11:38:32 2021,-0.030000,1632476312980,
Fri Sep 24 11:38:32 2021,-0.030000,1632476312990,
Fri Sep 24 11:38:33 2021,-0.030000,1632476313000,
Fri Sep 24 11:38:33 2021,-0.030000,1632476313010,
Fri Sep 24 11:38:33 2021,-0.030000,1632476313020,
Fri Sep 24 11:38:33 2021,-0.030000,1632476313030,
Fri Sep 24 11:38:33 2021,-0.030000,1632476313040,
Fri Sep 24 11:38:33 2021,-0.030000,1632476313050,
Fri Sep 24 11:38:33 2021,-0.030000,1632476313060,
Fri Sep 24 11:38:33 2021,-0.030000,1632476313070,
Fri Sep 24 11:38:33 2021,-0.030000,1632476313080,
Fri Sep 24 11:38:33 2021,-0.030000,1632476313090,
Fri Sep 24 11:38:33 2021,-0.030000,1632476313100,
Fri Sep 24 11:38:33 2021,-0.030000,1632476313110,
Fri Sep 24 11:38:33 2021,-0.030000,1632476313120,
Fri Sep 24 11:38:33 2021,-0.030000,1632476313130,
Fri Sep 24 11:38:33 2021,-0.030000,1632476313140,
Fri Sep 24 11:38:33 2021,-0.030000,1632476313150,
Fri Sep 24 11:38:33 2021,-0.030000,1632476313160,
Fri Sep 24 11:38:33 2021,-0.030000,1632476313170,
Fri Sep 24 11:38:33 2021,-0.030000,1632476313180,
Fri Sep 24 11:38:33 2021,-0.030000,1632476313190,
Fri Sep 24 11:38:33 2021,-0.030000,1632476313200,
Fri Sep 24 11:38:33 2021,-0.030000,1632476313210,
Fri Sep 24 11:38:33 2021,-0.030000,1632476313220,
Fri Sep 24 11:38:33 2021,-0.030000,1632476313230,
Fri Sep 24 11:38:33 2021,-0.030000,1632476313240,
Fri Sep 24 11:38:33 2021,-0.030000,1632476313250,
Fri Sep 24 11:38:33 2021,-0.030000,1632476313260,
Fri Sep 24 11:38:33 2021,-0.030000,1632476313270,
Fri Sep 24 11:38:33 2021,-0.030000,1632476313280,
Fri Sep 24 11:38:33 2021,-0.030000,1632476313290,
Fri Sep 24 11:38:33 2021,-0.030000,1632476313300,
Fri Sep 24 11:38:33 2021,-0.030000,1632476313310,
Fri Sep 24 11:38:33 2021,-0.030000,1632476313320,
Fri Sep 24 11:38:33 2021,-0.030000,1632476313330,
Fri Sep 24 11:38:33 2021,-0.030000,1632476313340,
Fri Sep 24 11:38:33 2021,-0.030000,1632476313350,
Fri Sep 24 11:38:33 2021,-0.030000,1632476313360,
Fri Sep 24 11:38:33 2021,-0.030000,1632476313370,
Fri Sep 24 11:38:33 2021,-0.030000,1632476313380,
Fri Sep 24 11:38:33 2021,-0.030000,1632476313390,
Fri Sep 24 11:38:33 2021,-0.030000,1632476313400,
Fri Sep 24 11:38:33 2021,-0.030000,1632476313410,
Fri Sep 24 11:38:33 2021,-0.030000,1632476313420,
Fri Sep 24 11:38:33 2021,-0.030000,1632476313430,
Fri Sep 24 11:38:33 2021,-0.030000,1632476313440,
Fri Sep 24 11:38:33 2021,-0.030000,1632476313450,
Fri Sep 24 11:38:33 2021,-0.030000,1632476313460,
Fri Sep 24 11:38:33 2021,-0.030000,1632476313470,
Fri Sep 24 11:38:33 2021,-0.030000,1632476313480,
Fri Sep 24 11:38:33 2021,-0.030000,1632476313490,
Fri Sep 24 11:38:33 2021,-0.030000,1632476313500,
Fri Sep 24 11:38:33 2021,-0.030000,1632476313510,
Fri Sep 24 11:38:33 2021,-0.030000,1632476313520,
Fri Sep 24 11:38:33 2021,-0.030000,1632476313530,
Fri Sep 24 11:38:33 2021,-0.030000,1632476313540,
Fri Sep 24 11:38:33 2021,-0.030000,1632476313550,
Fri Sep 24 11:38:33 2021,-0.030000,1632476313560,
Fri Sep 24 11:38:33 2021,-0.030000,1632476313570,
Fri Sep 24 11:38:33 2021,-0.030000,1632476313580,
Fri Sep 24 11:38:33 2021,-0.030000,1632476313590,
Fri Sep 24 11:38:33 2021,-0.030000,1632476313600,
Fri Sep 24 11:38:33 2021,-0.030000,1632476313610,
Fri Sep 24 11:38:33 2021,-0.030000,1632476313620,
Fri Sep 24 11:38:33 2021,-0.030000,1632476313630,
Fri Sep 24 11:38:33 2021,-0.030000,1632476313640,
Fri Sep 24 11:38:33 2021,-0.030000,1632476313650,
Fri Sep 24 11:38:33 2021,-0.030000,1632476313660,
Fri Sep 24 11:38:33 2021,-0.030000,1632476313670,
Fri Sep 24 11:38:33 2021,-0.030000,1632476313680,
Fri Sep 24 11:38:33 2021,-0.030000,1632476313690,
Fri Sep 24 11:38:33 2021,-0.030000,1632476313700,
Fri Sep 24 11:38:33 2021,-0.030000,1632476313710,
Fri Sep 24 11:38:33 2021,-0.030000,1632476313720,
Fri Sep 24 11:38:33 2021,-0.030000,1632476313730,
Fri Sep 24 11:38:33 2021,-0.030000,1632476313740,
Fri Sep 24 11:38:33 2021,-0.030000,1632476313750,
Fri Sep 24 11:38:33 2021,-0.030000,1632476313760,
Fri Sep 24 11:38:33 2021,-0.030000,1632476313770,
Fri Sep 24 11:38:33 2021,-0.030000,1632476313780,
Fri Sep 24 11:38:33 2021,-0.030000,1632476313790,
Fri Sep 24 11:38:33 2021,-0.030000,1632476313800,
Fri Sep 24 11:38:33 2021,-0.030000,1632476313810,
Fri Sep 24 11:38:33 2021,-0.030000,1632476313820,
Fri Sep 24 11:38:33 2021,-0.030000,1632476313830,
Fri Sep 24 11:38:33 2021,-0.030000,1632476313840,
Fri Sep 24 11:38:33 2021,-0.030000,1632476313850,
Fri Sep 24 11:38:33 2021,-0.030000,1632476313860,
Fri Sep 24 11:38:33 2021,-0.030000,1632476313870,
Fri Sep 24 11:38:33 2021,-0.030000,1632476313880,
Fri Sep 24 11:38:33 2021,-0.030000,1632476313890,
Fri Sep 24 11:38:33 2021,-0.030000,1632476313900,
Fri Sep 24 11:38:33 2021,-0.030000,1632476313910,
Fri Sep 24 11:38:33 2021,-0.030000,1632476313920,
Fri Sep 24 11:38:33 2021,-0.030000,1632476313930,
Fri Sep 24 11:38:33 2021,-0.030000,1632476313940,
Fri Sep 24 11:38:33 2021,-0.030000,1632476313950,
Fri Sep 24 11:38:33 2021,-0.030000,1632476313960,
Fri Sep 24 11:38:33 2021,-0.030000,1632476313970,
Fri Sep 24 11:38:33 2021,-0.030000,1632476313980,
Fri Sep 24 11:38:33 2021,-0.030000,1632476313990,
Fri Sep 24 11:38:34 2021,-0.030000,1632476314000,
Fri Sep 24 11:38:34 2021,-0.030000,1632476314010,
Fri Sep 24 11:38:34 2021,-0.030000,1632476314020,
Fri Sep 24 11:38:34 2021,-0.030000,1632476314030,
Fri Sep 24 11:38:34 2021,-0.030000,1632476314040,
Fri Sep 24 11:38:34 2021,-0.030000,1632476314050,
Fri Sep 24 11:38:34 2021,-0.030000,1632476314060,
Fri Sep 24 11:38:34 2021,-0.030000,1632476314070,
Fri Sep 24 11:38:34 2021,-0.030000,1632476314080,
Fri Sep 24 11:38:34 2021,-0.030000,1632476314090,
Fri Sep 24 11:38:34 2021,-0.030000,1632476314100,
Fri Sep 24 11:38:34 2021,-0.030000,1632476314110,
Fri Sep 24 11:38:34 2021,-0.030000,1632476314120,
Fri Sep 24 11:38:34 2021,-0.030000,1632476314130,
Fri Sep 24 11:38:34 2021,-0.030000,1632476314140,
Fri Sep 24 11:38:34 2021,-0.030000,1632476314150,
Fri Sep 24 11:38:34 2021,-0.030000,1632476314160,
Fri Sep 24 11:38:34 2021,-0.030000,1632476314170,
Fri Sep 24 11:38:34 2021,-0.030000,1632476314180,
Fri Sep 24 11:38:34 2021,-0.030000,1632476314190,
Fri Sep 24 11:38:34 2021,-0.030000,1632476314200,
Fri Sep 24 11:38:34 2021,-0.030000,1632476314210,
Fri Sep 24 11:38:34 2021,-0.030000,1632476314220,
Fri Sep 24 11:38:34 2021,-0.030000,1632476314230,
Fri Sep 24 11:38:34 2021,-0.030000,1632476314240,
Fri Sep 24 11:38:34 2021,-0.030000,1632476314250,
Fri Sep 24 11:38:34 2021,-0.030000,1632476314260,
Fri Sep 24 11:38:34 2021,-0.030000,1632476314270,
Fri Sep 24 11:38:34 2021,-0.030000,1632476314280,
Fri Sep 24 11:38:34 2021,-0.030000,1632476314290,
Fri Sep 24 11:38:34 2021,-0.030000,1632476314300,
Fri Sep 24 11:38:34 2021,-0.030000,1632476314310,
Fri Sep 24 11:38:34 2021,-0.030000,1632476314320,
Fri Sep 24 11:38:34 2021,-0.030000,1632476314330,
Fri Sep 24 11:38:34 2021,-0.030000,1632476314340,
Fri Sep 24 11:38:34 2021,-0.030000,1632476314350,
Fri Sep 24 11:38:34 2021,-0.030000,1632476314360,
Fri Sep 24 11:38:34 2021,-0.030000,1632476314370,
Fri Sep 24 11:38:34 2021,-0.030000,1632476314380,
Fri Sep 24 11:38:34 2021,-0.030000,1632476314390,
Fri Sep 24 11:38:34 2021,-0.030000,1632476314400,
Fri Sep 24 11:38:34 2021,-0.030000,1632476314410,
Fri Sep 24 11:38:34 2021,-0.030000,1632476314420,
Fri Sep 24 11:38:34 2021,-0.030000,1632476314430,
Fri Sep 24 11:38:34 2021,-0.030000,1632476314440,
Fri Sep 24 11:38:34 2021,-0.030000,1632476314450,
Fri Sep 24 11:38:34 2021,-0.030000,1632476314460,
Fri Sep 24 11:38:34 2021,-0.030000,1632476314470,
Fri Sep 24 11:38:34 2021,-0.030000,1632476314480,
Fri Sep 24 11:38:34 2021,-0.030000,1632476314490,
Fri Sep 24 11:38:34 2021,-0.030000,1632476314500,
Fri Sep 24 11:38:34 2021,-0.030000,1632476314510,
Fri Sep 24 11:38:34 2021,-0.030000,1632476314520,
Fri Sep 24 11:38:34 2021,-0.030000,1632476314530,
Fri Sep 24 11:38:34 2021,-0.030000,1632476314540,
Fri Sep 24 11:38:34 2021,-0.030000,1632476314550,
Fri Sep 24 11:38:34 2021,-0.030000,1632476314560,
Fri Sep 24 11:38:34 2021,-0.030000,1632476314570,
Fri Sep 24 11:38:34 2021,-0.030000,1632476314580,
Fri Sep 24 11:38:34 2021,-0.030000,1632476314590,
Fri Sep 24 11:38:34 2021,-0.030000,1632476314600,
Fri Sep 24 11:38:34 2021,-0.030000,1632476314610,
Fri Sep 24 11:38:34 2021,-0.030000,1632476314620,
Fri Sep 24 11:38:34 2021,-0.030000,1632476314630,
Fri Sep 24 11:38:34 2021,-0.030000,1632476314640,
Fri Sep 24 11:38:34 2021,-0.030000,1632476314650,
Fri Sep 24 11:38:34 2021,-0.030000,1632476314660,
Fri Sep 24 11:38:34 2021,-0.030000,1632476314670,
Fri Sep 24 11:38:34 2021,-0.030000,1632476314680,
Fri Sep 24 11:38:34 2021,-0.030000,1632476314690,
Fri Sep 24 11:38:34 2021,-0.030000,1632476314700,
Fri Sep 24 11:38:34 2021,-0.030000,1632476314710,
Fri Sep 24 11:38:34 2021,-0.030000,1632476314720,
Fri Sep 24 11:38:34 2021,-0.030000,1632476314730,
Fri Sep 24 11:38:34 2021,-0.030000,1632476314740,
Fri Sep 24 11:38:34 2021,-0.030000,1632476314750,
Fri Sep 24 11:38:34 2021,-0.030000,1632476314760,
Fri Sep 24 11:38:34 2021,-0.030000,1632476314770,
Fri Sep 24 11:38:34 2021,-0.030000,1632476314780,
Fri Sep 24 11:38:34 2021,-0.030000,1632476314790,
Fri Sep 24 11:38:34 2021,-0.030000,1632476314800,
Fri Sep 24 11:38:34 2021,-0.030000,1632476314810,
Fri Sep 24 11:38:34 2021,-0.030000,1632476314820,
Fri Sep 24 11:38:34 2021,-0.030000,1632476314830,
Fri Sep 24 11:38:34 2021,-0.030000,1632476314840,
Fri Sep 24 11:38:34 2021,-0.030000,1632476314850,
Fri Sep 24 11:38:34 2021,-0.030000,1632476314860,
Fri Sep 24 11:38:34 2021,-0.030000,1632476314870,
Fri Sep 24 11:38:34 2021,-0.030000,1632476314880,
Fri Sep 24 11:38:34 2021,-0.030000,1632476314890,
Fri Sep 24 11:38:34 2021,-0.030000,1632476314900,
Fri Sep 24 11:38:34 2021,-0.030000,1632476314910,
Fri Sep 24 11:38:34 2021,-0.030000,1632476314920,
Fri Sep 24 11:38:34 2021,-0.030000,1632476314930,
Fri Sep 24 11:38:34 2021,-0.030000,1632476314940,
Fri Sep 24 11:38:34 2021,-0.030000,1632476314950,
Fri Sep 24 11:38:34 2021,-0.030000,1632476314960,
Fri Sep 24 11:38:34 2021,-0.030000,1632476314970,
Fri Sep 24 11:38:34 2021,-0.030000,1632476314980,
Fri Sep 24 11:38:34 2021,-0.030000,1632476314990,
Fri Sep 24 11:38:35 2021,-0.030000,1632476315000,
Fri Sep 24 11:38:35 2021,-0.030000,1632476315010,
Fri Sep 24 11:38:35 2021,-0.030000,1632476315020,
Fri Sep 24 11:38:35 2021,-0.030000,1632476315030,
Fri Sep 24 11:38:35 2021,-0.030000,1632476315040,
Fri Sep 24 11:38:35 2021,-0.030000,1632476315050,
Fri Sep 24 11:38:35 2021,-0.030000,1632476315060,
Fri Sep 24 11:38:35 2021,-0.030000,1632476315070,
Fri Sep 24 11:38:35 2021,-0.030000,1632476315080,
Fri Sep 24 11:38:35 2021,-0.030000,1632476315090,
Fri Sep 24 11:38:35 2021,-0.030000,1632476315100,
Fri Sep 24 11:38:35 2021,-0.030000,1632476315110,
Fri Sep 24 11:38:35 2021,-0.030000,1632476315120,
Fri Sep 24 11:38:35 2021,-0.030000,1632476315130,
Fri Sep 24 11:38:35 2021,-0.030000,1632476315140,
Fri Sep 24 11:38:35 2021,-0.030000,1632476315150,
Fri Sep 24 11:38:35 2021,-0.030000,1632476315160,
Fri Sep 24 11:38:35 2021,-0.030000,1632476315170,
Fri Sep 24 11:38:35 2021,-0.030000,1632476315180,
Fri Sep 24 11:38:35 2021,-0.030000,1632476315190,
Fri Sep 24 11:38:35 2021,-0.030000,1632476315200,
Fri Sep 24 11:38:35 2021,-0.030000,1632476315210,
Fri Sep 24 11:38:35 2021,-0.030000,1632476315220,
Fri Sep 24 11:38:35 2021,-0.030000,1632476315230,
Fri Sep 24 11:38:35 2021,-0.030000,1632476315240,
Fri Sep 24 11:38:35 2021,-0.030000,1632476315250,
Fri Sep 24 11:38:35 2021,-0.030000,1632476315260,
Fri Sep 24 11:38:35 2021,-0.030000,1632476315270,
Fri Sep 24 11:38:35 2021,-0.030000,1632476315280,
Fri Sep 24 11:38:35 2021,-0.030000,1632476315290,
Fri Sep 24 11:38:35 2021,-0.030000,1632476315300,
Fri Sep 24 11:38:35 2021,-0.030000,1632476315310,
Fri Sep 24 11:38:35 2021,-0.030000,1632476315320,
Fri Sep 24 11:38:35 2021,-0.030000,1632476315330,
Fri Sep 24 11:38:35 2021,-0.030000,1632476315340,
Fri Sep 24 11:38:35 2021,-0.030000,1632476315350,
Fri Sep 24 11:38:35 2021,-0.030000,1632476315360,
Fri Sep 24 11:38:35 2021,-0.030000,1632476315370,
Fri Sep 24 11:38:35 2021,-0.030000,1632476315380,
Fri Sep 24 11:38:35 2021,-0.030000,1632476315390,
Fri Sep 24 11:38:35 2021,-0.030000,1632476315400,
Fri Sep 24 11:38:35 2021,-0.030000,1632476315410,
Fri Sep 24 11:38:35 2021,-0.030000,1632476315420,
Fri Sep 24 11:38:35 2021,-0.030000,1632476315430,
Fri Sep 24 11:38:35 2021,-0.030000,1632476315440,
Fri Sep 24 11:38:35 2021,-0.030000,1632476315450,
Fri Sep 24 11:38:35 2021,-0.030000,1632476315460,
Fri Sep 24 11:38:35 2021,-0.030000,1632476315470,
Fri Sep 24 11:38:35 2021,-0.030000,1632476315480,
Fri Sep 24 11:38:35 2021,-0.030000,1632476315490,
Fri Sep 24 11:38:35 2021,-0.030000,1632476315500,
Fri Sep 24 11:38:35 2021,-0.030000,1632476315510,
Fri Sep 24 11:38:35 2021,-0.030000,1632476315520,
Fri Sep 24 11:38:35 2021,-0.030000,1632476315530,
Fri Sep 24 11:38:35 2021,-0.030000,1632476315540,
Fri Sep 24 11:38:35 2021,-0.030000,1632476315550,
Fri Sep 24 11:38:35 2021,-0.030000,1632476315560,
Fri Sep 24 11:38:35 2021,-0.030000,1632476315570,
Fri Sep 24 11:38:35 2021,-0.030000,1632476315580,
Fri Sep 24 11:38:35 2021,-0.030000,1632476315590,
Fri Sep 24 11:38:35 2021,-0.030000,1632476315600,
Fri Sep 24 11:38:35 2021,-0.030000,1632476315610,
Fri Sep 24 11:38:35 2021,-0.030000,1632476315620,
Fri Sep 24 11:38:35 2021,-0.030000,1632476315630,
Fri Sep 24 11:38:35 2021,-0.030000,1632476315640,
Fri Sep 24 11:38:35 2021,-0.030000,1632476315650,
Fri Sep 24 11:38:35 2021,-0.030000,1632476315660,
Fri Sep 24 11:38:35 2021,-0.030000,1632476315670,
Fri Sep 24 11:38:35 2021,-0.030000,1632476315680,
Fri Sep 24 11:38:35 2021,-0.030000,1632476315690,
Fri Sep 24 11:38:35 2021,-0.030000,1632476315700,
Fri Sep 24 11:38:35 2021,-0.030000,1632476315710,
Fri Sep 24 11:38:35 2021,-0.030000,1632476315720,
Fri Sep 24 11:38:35 2021,-0.030000,1632476315730,
Fri Sep 24 11:38:35 2021,-0.030000,1632476315740,
Fri Sep 24 11:38:35 2021,-0.030000,1632476315750,
Fri Sep 24 11:38:35 2021,-0.030000,1632476315760,
Fri Sep 24 11:38:35 2021,-0.030000,1632476315770,
Fri Sep 24 11:38:35 2021,-0.030000,1632476315780,
Fri Sep 24 11:38:35 2021,-0.030000,1632476315790,
Fri Sep 24 11:38:35 2021,-0.030000,1632476315800,
Fri Sep 24 11:38:35 2021,-0.030000,1632476315810,
Fri Sep 24 11:38:35 2021,-0.030000,1632476315820,
Fri Sep 24 11:38:35 2021,-0.030000,1632476315830,
Fri Sep 24 11:38:35 2021,-0.030000,1632476315840,
Fri Sep 24 11:38:35 2021,-0.030000,1632476315850,
Fri Sep 24 11:38:35 2021,-0.030000,1632476315860,
Fri Sep 24 11:38:35 2021,-0.030000,1632476315870,
Fri Sep 24 11:38:35 2021,-0.030000,1632476315880,
Fri Sep 24 11:38:35 2021,-0.030000,1632476315890,
Fri Sep 24 11:38:35 2021,-0.030000,1632476315900,
Fri Sep 24 11:38:35 2021,-0.030000,1632476315910,
Fri Sep 24 11:38:35 2021,-0.030000,1632476315920,
Fri Sep 24 11:38:35 2021,-0.030000,1632476315930,
Fri Sep 24 11:38:35 2021,-0.030000,1632476315940,
Fri Sep 24 11:38:35 2021,-0.030000,1632476315950,
Fri Sep 24 11:38:35 2021,-0.030000,1632476315960,
Fri Sep 24 11:38:35 2021,-0.030000,1632476315970,
Fri Sep 24 11:38:35 2021,-0.030000,1632476315980,
Fri Sep 24 11:38:35 2021,-0.030000,1632476315990,
Fri Sep 24 11:38:36 2021,-0.030000,1632476316000,
Fri Sep 24 11:38:36 2021,-0.030000,1632476316010,
Fri Sep 24 11:38:36 2021,-0.030000,1632476316020,
Fri Sep 24 11:38:36 2021,-0.030000,1632476316030,
Fri Sep 24 11:38:36 2021,-0.030000,1632476316040,
Fri Sep 24 11:38:36 2021,-0.030000,1632476316050,
Fri Sep 24 11:38:36 2021,-0.030000,1632476316060,
Fri Sep 24 11:38:36 2021,-0.030000,1632476316070,
Fri Sep 24 11:38:36 2021,-0.030000,1632476316080,
Fri Sep 24 11:38:36 2021,-0.030000,1632476316090,
Fri Sep 24 11:38:36 2021,-0.030000,1632476316100,
Fri Sep 24 11:38:36 2021,-0.030000,1632476316110,
Fri Sep 24 11:38:36 2021,-0.030000,1632476316120,
Fri Sep 24 11:38:36 2021,-0.030000,1632476316130,
Fri Sep 24 11:38:36 2021,-0.030000,1632476316140,
Fri Sep 24 11:38:36 2021,-0.030000,1632476316150,
Fri Sep 24 11:38:36 2021,-0.030000,1632476316160,
Fri Sep 24 11:38:36 2021,-0.030000,1632476316170,
Fri Sep 24 11:38:36 2021,-0.030000,1632476316180,
Fri Sep 24 11:38:36 2021,-0.030000,1632476316190,
Fri Sep 24 11:38:36 2021,-0.030000,1632476316200,
Fri Sep 24 11:38:36 2021,-0.030000,1632476316210,
Fri Sep 24 11:38:36 2021,-0.030000,1632476316220,
Fri Sep 24 11:38:36 2021,-0.030000,1632476316230,
Fri Sep 24 11:38:36 2021,-0.030000,1632476316240,
Fri Sep 24 11:38:36 2021,-0.030000,1632476316250,
Fri Sep 24 11:38:36 2021,-0.030000,1632476316260,
Fri Sep 24 11:38:36 2021,-0.030000,1632476316270,
Fri Sep 24 11:38:36 2021,-0.030000,1632476316280,
Fri Sep 24 11:38:36 2021,-0.030000,1632476316290,
Fri Sep 24 11:38:36 2021,-0.030000,1632476316300,
Fri Sep 24 11:38:36 2021,-0.030000,1632476316310,
Fri Sep 24 11:38:36 2021,-0.030000,1632476316320,
Fri Sep 24 11:38:36 2021,-0.030000,1632476316330,
Fri Sep 24 11:38:36 2021,-0.030000,1632476316340,
Fri Sep 24 11:38:36 2021,-0.030000,1632476316350,
Fri Sep 24 11:38:36 2021,-0.030000,1632476316360,
Fri Sep 24 11:38:36 2021,-0.030000,1632476316370,
Fri Sep 24 11:38:36 2021,-0.030000,1632476316380,
Fri Sep 24 11:38:36 2021,-0.030000,1632476316390,
Fri Sep 24 11:38:36 2021,-0.030000,1632476316400,
Fri Sep 24 11:38:36 2021,-0.030000,1632476316410,
Fri Sep 24 11:38:36 2021,-0.030000,1632476316420,
Fri Sep 24 11:38:36 2021,-0.030000,1632476316430,
Fri Sep 24 11:38:36 2021,-0.030000,1632476316440,
Fri Sep 24 11:38:36 2021,-0.030000,1632476316450,
Fri Sep 24 11:38:36 2021,-0.030000,1632476316460,
Fri Sep 24 11:38:36 2021,-0.030000,1632476316470,
Fri Sep 24 11:38:36 2021,-0.030000,1632476316480,
Fri Sep 24 11:38:36 2021,-0.030000,1632476316490,
Fri Sep 24 11:38:36 2021,-0.030000,1632476316500,
Fri Sep 24 11:38:36 2021,-0.030000,1632476316510,
Fri Sep 24 11:38:36 2021,-0.030000,1632476316520,
Fri Sep 24 11:38:36 2021,-0.030000,1632476316530,
Fri Sep 24 11:38:36 2021,-0.030000,1632476316540,
Fri Sep 24 11:38:36 2021,-0.030000,1632476316550,
Fri Sep 24 11:38:36 2021,-0.030000,1632476316560,
Fri Sep 24 11:38:36 2021,-0.030000,1632476316570,
Fri Sep 24 11:38:36 2021,-0.030000,1632476316580,
Fri Sep 24 11:38:36 2021,-0.030000,1632476316590,
Fri Sep 24 11:38:36 2021,-0.030000,1632476316600,
Fri Sep 24 11:38:36 2021,-0.030000,1632476316610,
Fri Sep 24 11:38:36 2021,-0.030000,1632476316620,
Fri Sep 24 11:38:36 2021,-0.030000,1632476316630,
Fri Sep 24 11:38:36 2021,-0.030000,1632476316640,
Fri Sep 24 11:38:36 2021,-0.030000,1632476316650,
Fri Sep 24 11:38:36 2021,-0.030000,1632476316660,
Fri Sep 24 11:38:36 2021,-0.030000,1632476316670,
Fri Sep 24 11:38:36 2021,-0.030000,1632476316680,
Fri Sep 24 11:38:36 2021,-0.030000,1632476316690,
Fri Sep 24 11:38:36 2021,-0.030000,1632476316700,
Fri Sep 24 11:38:36 2021,-0.030000,1632476316710,
Fri Sep 24 11:38:36 2021,-0.030000,1632476316720,
Fri Sep 24 11:38:36 2021,-0.030000,1632476316730,
Fri Sep 24 11:38:36 2021,-0.030000,1632476316740,
Fri Sep 24 11:38:36 2021,-0.030000,1632476316750,
Fri Sep 24 11:38:36 2021,-0.030000,1632476316760,
Fri Sep 24 11:38:36 2021,-0.030000,1632476316770,
Fri Sep 24 11:38:36 2021,-0.030000,1632476316780,
Fri Sep 24 11:38:36 2021,-0.030000,1632476316790,
Fri Sep 24 11:38:36 2021,-0.030000,1632476316800,
Fri Sep 24 11:38:36 2021,-0.030000,1632476316810,
Fri Sep 24 11:38:36 2021,-0.030000,1632476316820,
Fri Sep 24 11:38:36 2021,-0.030000,1632476316830,
Fri Sep 24 11:38:36 2021,-0.030000,1632476316840,
Fri Sep 24 11:38:36 2021,-0.030000,1632476316850,
Fri Sep 24 11:38:36 2021,-0.030000,1632476316860,
Fri Sep 24 11:38:36 2021,-0.030000,1632476316870,
Fri Sep 24 11:38:36 2021,-0.030000,1632476316880,
Fri Sep 24 11:38:36 2021,-0.030000,1632476316890,
Fri Sep 24 11:38:36 2021,-0.030000,1632476316900,
Fri Sep 24 11:38:36 2021,-0.030000,1632476316910,
Fri Sep 24 11:38:36 2021,-0.030000,1632476316920,
Fri Sep 24 11:38:36 2021,-0.030000,1632476316930,
Fri Sep 24 11:38:36 2021,-0.030000,1632476316940,
Fri Sep 24 11:38:36 2021,-0.030000,1632476316950,
Fri Sep 24 11:38:36 2021,-0.030000,1632476316960,
Fri Sep 24 11:38:36 2021,-0.030000,1632476316970,
Fri Sep 24 11:38:36 2021,-0.030000,1632476316980,
Fri Sep 24 11:38:36 2021,-0.030000,1632476316990,
Fri Sep 24 11:38:37 2021,-0.030000,1632476317000,
Fri Sep 24 11:38:37 2021,-0.030000,1632476317010,
Fri Sep 24 11:38:37 2021,-0.030000,1632476317020,
Fri Sep 24 11:38:37 2021,-0.030000,1632476317030,
Fri Sep 24 11:38:37 2021,-0.030000,1632476317040,
Fri Sep 24 11:38:37 2021,-0.030000,1632476317050,
Fri Sep 24 11:38:37 2021,-0.030000,1632476317060,
Fri Sep 24 11:38:37 2021,-0.030000,1632476317070,
Fri Sep 24 11:38:37 2021,-0.030000,1632476317080,
Fri Sep 24 11:38:37 2021,-0.030000,1632476317090,
Fri Sep 24 11:38:37 2021,-0.030000,1632476317100,
Fri Sep 24 11:38:37 2021,-0.030000,1632476317110,
Fri Sep 24 11:38:37 2021,-0.030000,1632476317120,
Fri Sep 24 11:38:37 2021,-0.030000,1632476317130,
Fri Sep 24 11:38:37 2021,-0.030000,1632476317140,
Fri Sep 24 11:38:37 2021,-0.030000,1632476317150,
Fri Sep 24 11:38:37 2021,-0.030000,1632476317160,
Fri Sep 24 11:38:37 2021,-0.030000,1632476317170,
Fri Sep 24 11:38:37 2021,-0.030000,1632476317180,
Fri Sep 24 11:38:37 2021,-0.030000,1632476317190,
Fri Sep 24 11:38:37 2021,-0.030000,1632476317200,
Fri Sep 24 11:38:37 2021,-0.030000,1632476317210,
Fri Sep 24 11:38:37 2021,-0.030000,1632476317220,
Fri Sep 24 11:38:37 2021,-0.030000,1632476317230,
Fri Sep 24 11:38:37 2021,-0.030000,1632476317240,
Fri Sep 24 11:38:37 2021,-0.030000,1632476317250,
Fri Sep 24 11:38:37 2021,-0.030000,1632476317260,
Fri Sep 24 11:38:37 2021,-0.030000,1632476317270,
Fri Sep 24 11:38:37 2021,-0.030000,1632476317280,
Fri Sep 24 11:38:37 2021,-0.030000,1632476317290,
Fri Sep 24 11:38:37 2021,-0.030000,1632476317300,
Fri Sep 24 11:38:37 2021,-0.030000,1632476317310,
Fri Sep 24 11:38:37 2021,-0.030000,1632476317320,
Fri Sep 24 11:38:37 2021,-0.030000,1632476317330,
Fri Sep 24 11:38:37 2021,-0.030000,1632476317340,
Fri Sep 24 11:38:37 2021,-0.030000,1632476317350,
Fri Sep 24 11:38:37 2021,-0.030000,1632476317360,
Fri Sep 24 11:38:37 2021,-0.030000,1632476317370,
Fri Sep 24 11:38:37 2021,-0.030000,1632476317380,
Fri Sep 24 11:38:37 2021,-0.030000,1632476317390,
Fri Sep 24 11:38:37 2021,-0.030000,1632476317400,
Fri Sep 24 11:38:37 2021,-0.030000,1632476317410,
Fri Sep 24 11:38:37 2021,-0.030000,1632476317420,
Fri Sep 24 11:38:37 2021,-0.030000,1632476317430,
Fri Sep 24 11:38:37 2021,-0.030000,1632476317440,
Fri Sep 24 11:38:37 2021,-0.030000,1632476317450,
Fri Sep 24 11:38:37 2021,-0.030000,1632476317460,
Fri Sep 24 11:38:37 2021,-0.030000,1632476317470,
Fri Sep 24 11:38:37 2021,-0.030000,1632476317480,
Fri Sep 24 11:38:37 2021,-0.030000,1632476317490,
Fri Sep 24 11:38:37 2021,-0.030000,1632476317500,
Fri Sep 24 11:38:37 2021,-0.030000,1632476317510,
Fri Sep 24 11:38:37 2021,-0.030000,1632476317520,
Fri Sep 24 11:38:37 2021,-0.030000,1632476317530,
Fri Sep 24 11:38:37 2021,-0.030000,1632476317540,
Fri Sep 24 11:38:37 2021,-0.030000,1632476317550,
Fri Sep 24 11:38:37 2021,-0.030000,1632476317560,
Fri Sep 24 11:38:37 2021,-0.030000,1632476317570,
Fri Sep 24 11:38:37 2021,-0.030000,1632476317580,
Fri Sep 24 11:38:37 2021,-0.030000,1632476317590,
Fri Sep 24 11:38:37 2021,-0.030000,1632476317600,
Fri Sep 24 11:38:37 2021,-0.030000,1632476317610,
Fri Sep 24 11:38:37 2021,-0.030000,1632476317620,
Fri Sep 24 11:38:37 2021,-0.030000,1632476317630,
Fri Sep 24 11:38:37 2021,-0.030000,1632476317640,
Fri Sep 24 11:38:37 2021,-0.030000,1632476317650,
Fri Sep 24 11:38:37 2021,-0.030000,1632476317660,
Fri Sep 24 11:38:37 2021,-0.030000,1632476317670,
Fri Sep 24 11:38:37 2021,-0.030000,1632476317680,
Fri Sep 24 11:38:37 2021,-0.030000,1632476317690,
Fri Sep 24 11:38:37 2021,-0.030000,1632476317700,
Fri Sep 24 11:38:37 2021,-0.030000,1632476317710,
Fri Sep 24 11:38:37 2021,-0.030000,1632476317720,
Fri Sep 24 11:38:37 2021,-0.030000,1632476317730,
Fri Sep 24 11:38:37 2021,-0.030000,1632476317740,
Fri Sep 24 11:38:37 2021,-0.030000,1632476317750,
Fri Sep 24 11:38:37 2021,-0.030000,1632476317760,
Fri Sep 24 11:38:37 2021,-0.030000,1632476317770,
Fri Sep 24 11:38:37 2021,-0.030000,1632476317780,
Fri Sep 24 11:38:37 2021,-0.030000,1632476317790,
Fri Sep 24 11:38:37 2021,-0.030000,1632476317800,
Fri Sep 24 11:38:37 2021,-0.030000,1632476317810,
Fri Sep 24 11:38:37 2021,-0.030000,1632476317820,
Fri Sep 24 11:38:37 2021,-0.030000,1632476317830,
Fri Sep 24 11:38:37 2021,-0.030000,1632476317840,
Fri Sep 24 11:38:37 2021,-0.030000,1632476317850,
Fri Sep 24 11:38:37 2021,-0.030000,1632476317860,
Fri Sep 24 11:38:37 2021,-0.030000,1632476317870,
Fri Sep 24 11:38:37 2021,-0.030000,1632476317880,
Fri Sep 24 11:38:37 2021,-0.030000,1632476317890,
Fri Sep 24 11:38:37 2021,-0.030000,1632476317900,
Fri Sep 24 11:38:37 2021,-0.030000,1632476317910,
Fri Sep 24 11:38:37 2021,-0.030000,1632476317920,
Fri Sep 24 11:38:37 2021,-0.030000,1632476317930,
Fri Sep 24 11:38:37 2021,-0.030000,1632476317940,
Fri Sep 24 11:38:37 2021,-0.030000,1632476317950,
Fri Sep 24 11:38:37 2021,-0.030000,1632476317960,
Fri Sep 24 11:38:37 2021,-0.030000,1632476317970,
Fri Sep 24 11:38:37 2021,-0.030000,1632476317980,
Fri Sep 24 11:38:37 2021,-0.030000,1632476317990,
Fri Sep 24 11:38:38 2021,-0.030000,1632476318000,
Fri Sep 24 11:38:38 2021,-0.030000,1632476318010,
Fri Sep 24 11:38:38 2021,-0.030000,1632476318020,
Fri Sep 24 11:38:38 2021,-0.030000,1632476318030,
Fri Sep 24 11:38:38 2021,-0.030000,1632476318040,
Fri Sep 24 11:38:38 2021,-0.030000,1632476318050,
Fri Sep 24 11:38:38 2021,-0.030000,1632476318060,
Fri Sep 24 11:38:38 2021,-0.030000,1632476318070,
Fri Sep 24 11:38:38 2021,-0.030000,1632476318080,
Fri Sep 24 11:38:38 2021,-0.030000,1632476318090,
Fri Sep 24 11:38:38 2021,-0.030000,1632476318100,
Fri Sep 24 11:38:38 2021,-0.030000,1632476318110,
Fri Sep 24 11:38:38 2021,-0.030000,1632476318120,
Fri Sep 24 11:38:38 2021,-0.030000,1632476318130,
Fri Sep 24 11:38:38 2021,-0.030000,1632476318140,
Fri Sep 24 11:38:38 2021,-0.030000,1632476318150,
Fri Sep 24 11:38:38 2021,-0.030000,1632476318160,
Fri Sep 24 11:38:38 2021,-0.030000,1632476318170,
Fri Sep 24 11:38:38 2021,-0.030000,1632476318180,
Fri Sep 24 11:38:38 2021,-0.030000,1632476318190,
Fri Sep 24 11:38:38 2021,-0.030000,1632476318200,
Fri Sep 24 11:38:38 2021,-0.030000,1632476318210,
Fri Sep 24 11:38:38 2021,-0.030000,1632476318220,
Fri Sep 24 11:38:38 2021,-0.030000,1632476318230,
Fri Sep 24 11:38:38 2021,-0.030000,1632476318240,
Fri Sep 24 11:38:38 2021,-0.030000,1632476318250,
Fri Sep 24 11:38:38 2021,-0.030000,1632476318260,
Fri Sep 24 11:38:38 2021,-0.030000,1632476318270,
Fri Sep 24 11:38:38 2021,-0.030000,1632476318280,
Fri Sep 24 11:38:38 2021,-0.030000,1632476318290,
Fri Sep 24 11:38:38 2021,-0.030000,1632476318300,
Fri Sep 24 11:38:38 2021,-0.030000,1632476318310,
Fri Sep 24 11:38:38 2021,-0.030000,1632476318320,
Fri Sep 24 11:38:38 2021,-0.030000,1632476318330,
Fri Sep 24 11:38:38 2021,-0.030000,1632476318340,
Fri Sep 24 11:38:38 2021,-0.030000,1632476318350,
Fri Sep 24 11:38:38 2021,-0.030000,1632476318360,
Fri Sep 24 11:38:38 2021,-0.030000,1632476318370,
Fri Sep 24 11:38:38 2021,-0.030000,1632476318380,
Fri Sep 24 11:38:38 2021,-0.030000,1632476318390,
Fri Sep 24 11:38:38 2021,-0.030000,1632476318400,
Fri Sep 24 11:38:38 2021,-0.030000,1632476318410,
Fri Sep 24 11:38:38 2021,-0.030000,1632476318420,
Fri Sep 24 11:38:38 2021,-0.030000,1632476318430,
Fri Sep 24 11:38:38 2021,-0.030000,1632476318440,
Fri Sep 24 11:38:38 2021,-0.030000,1632476318450,
Fri Sep 24 11:38:38 2021,-0.030000,1632476318460,
Fri Sep 24 11:38:38 2021,-0.030000,1632476318470,
Fri Sep 24 11:38:38 2021,-0.030000,1632476318480,
Fri Sep 24 11:38:38 2021,-0.030000,1632476318490,
Fri Sep 24 11:38:38 2021,-0.030000,1632476318500,
Fri Sep 24 11:38:38 2021,-0.030000,1632476318510,
Fri Sep 24 11:38:38 2021,-0.030000,1632476318520,
Fri Sep 24 11:38:38 2021,-0.030000,1632476318530,
Fri Sep 24 11:38:38 2021,-0.030000,1632476318540,
Fri Sep 24 11:38:38 2021,-0.030000,1632476318550,
Fri Sep 24 11:38:38 2021,-0.030000,1632476318560,
Fri Sep 24 11:38:38 2021,-0.030000,1632476318570,
Fri Sep 24 11:38:38 2021,-0.030000,1632476318580,
Fri Sep 24 11:38:38 2021,-0.030000,1632476318590,
Fri Sep 24 11:38:38 2021,-0.030000,1632476318600,
Fri Sep 24 11:38:38 2021,-0.030000,1632476318610,
Fri Sep 24 11:38:38 2021,-0.030000,1632476318620,
Fri Sep 24 11:38:38 2021,-0.030000,1632476318630,
Fri Sep 24 11:38:38 2021,-0.030000,1632476318640,
Fri Sep 24 11:38:38 2021,-0.030000,1632476318650,
Fri Sep 24 11:38:38 2021,-0.030000,1632476318660,
Fri Sep 24 11:38:38 2021,-0.030000,1632476318670,
Fri Sep 24 11:38:38 2021,-0.030000,1632476318680,
Fri Sep 24 11:38:38 2021,-0.030000,1632476318690,
Fri Sep 24 11:38:38 2021,-0.030000,1632476318700,
Fri Sep 24 11:38:38 2021,-0.030000,1632476318710,
Fri Sep 24 11:38:38 2021,-0.030000,1632476318720,
Fri Sep 24 11:38:38 2021,-0.030000,1632476318730,
Fri Sep 24 11:38:38 2021,-0.030000,1632476318740,
Fri Sep 24 11:38:38 2021,-0.030000,1632476318750,
Fri Sep 24 11:38:38 2021,-0.030000,1632476318760,
Fri Sep 24 11:38:38 2021,-0.030000,1632476318770,
Fri Sep 24 11:38:38 2021,-0.030000,1632476318780,
Fri Sep 24 11:38:38 2021,-0.030000,1632476318790,
Fri Sep 24 11:38:38 2021,-0.030000,1632476318800,
Fri Sep 24 11:38:38 2021,-0.030000,1632476318810,
Fri Sep 24 11:38:38 2021,-0.030000,1632476318820,
Fri Sep 24 11:38:38 2021,-0.030000,1632476318830,
Fri Sep 24 11:38:38 2021,-0.030000,1632476318840,
Fri Sep 24 11:38:38 2021,-0.030000,1632476318850,
Fri Sep 24 11:38:38 2021,-0.030000,1632476318860,
Fri Sep 24 11:38:38 2021,-0.030000,1632476318870,
Fri Sep 24 11:38:38 2021,-0.030000,1632476318880,
Fri Sep 24 11:38:38 2021,-0.030000,1632476318890,
Fri Sep 24 11:38:38 2021,-0.030000,1632476318900,
Fri Sep 24 11:38:38 2021,-0.030000,1632476318910,
Fri Sep 24 11:38:38 2021,-0.030000,1632476318920,
Fri Sep 24 11:38:38 2021,-0.030000,1632476318930,
Fri Sep 24 11:38:38 2021,-0.030000,1632476318940,
Fri Sep 24 11:38:38 2021,-0.030000,1632476318950,
Fri Sep 24 11:38:38 2021,-0.030000,1632476318960,
Fri Sep 24 11:38:38 2021,-0.030000,1632476318970,
Fri Sep 24 11:38:38 2021,-0.030000,1632476318980,
Fri Sep 24 11:38:38 2021,-0.030000,1632476318990,
