Wed Sep 15 12:12:48 2021,-0,030000,1631700768000,
Wed Sep 15 12:12:48 2021,-0,030000,1631700768010,
Wed Sep 15 12:12:48 2021,-0,030000,1631700768020,
Wed Sep 15 12:12:48 2021,-0,030000,1631700768030,
Wed Sep 15 12:12:48 2021,-0,030000,1631700768040,
Wed Sep 15 12:12:48 2021,-0,030000,1631700768050,
Wed Sep 15 12:12:48 2021,-0,030000,1631700768060,
Wed Sep 15 12:12:48 2021,-0,030000,1631700768070,
Wed Sep 15 12:12:48 2021,-0,030000,1631700768080,
Wed Sep 15 12:12:48 2021,-0,030000,1631700768090,
Wed Sep 15 12:12:48 2021,-0,030000,1631700768100,
Wed Sep 15 12:12:48 2021,-0,030000,1631700768110,
Wed Sep 15 12:12:48 2021,-0,030000,1631700768120,
Wed Sep 15 12:12:48 2021,-0,030000,1631700768130,
Wed Sep 15 12:12:48 2021,-0,030000,1631700768140,
Wed Sep 15 12:12:48 2021,-0,030000,1631700768150,
Wed Sep 15 12:12:48 2021,-0,030000,1631700768160,
Wed Sep 15 12:12:48 2021,-0,030000,1631700768170,
Wed Sep 15 12:12:48 2021,-0,030000,1631700768180,
Wed Sep 15 12:12:48 2021,-0,030000,1631700768190,
Wed Sep 15 12:12:48 2021,-0,030000,1631700768200,
Wed Sep 15 12:12:48 2021,-0,030000,1631700768210,
Wed Sep 15 12:12:48 2021,-0,030000,1631700768220,
Wed Sep 15 12:12:48 2021,-0,030000,1631700768230,
Wed Sep 15 12:12:48 2021,-0,030000,1631700768240,
Wed Sep 15 12:12:48 2021,-0,030000,1631700768250,
Wed Sep 15 12:12:48 2021,-0,030000,1631700768260,
Wed Sep 15 12:12:48 2021,-0,030000,1631700768270,
Wed Sep 15 12:12:48 2021,-0,030000,1631700768280,
Wed Sep 15 12:12:48 2021,-0,030000,1631700768290,
Wed Sep 15 12:12:48 2021,-0,030000,1631700768300,
Wed Sep 15 12:12:48 2021,-0,030000,1631700768310,
Wed Sep 15 12:12:48 2021,-0,030000,1631700768320,
Wed Sep 15 12:12:48 2021,-0,030000,1631700768330,
Wed Sep 15 12:12:48 2021,-0,030000,1631700768340,
Wed Sep 15 12:12:48 2021,-0,030000,1631700768350,
Wed Sep 15 12:12:48 2021,-0,030000,1631700768360,
Wed Sep 15 12:12:48 2021,-0,030000,1631700768370,
Wed Sep 15 12:12:48 2021,-0,030000,1631700768380,
Wed Sep 15 12:12:48 2021,-0,030000,1631700768390,
Wed Sep 15 12:12:48 2021,-0,030000,1631700768400,
Wed Sep 15 12:12:48 2021,-0,030000,1631700768410,
Wed Sep 15 12:12:48 2021,-0,030000,1631700768420,
Wed Sep 15 12:12:48 2021,-0,030000,1631700768430,
Wed Sep 15 12:12:48 2021,-0,030000,1631700768440,
Wed Sep 15 12:12:48 2021,-0,030000,1631700768450,
Wed Sep 15 12:12:48 2021,-0,030000,1631700768460,
Wed Sep 15 12:12:48 2021,-0,030000,1631700768470,
Wed Sep 15 12:12:48 2021,-0,030000,1631700768480,
Wed Sep 15 12:12:48 2021,-0,030000,1631700768490,
Wed Sep 15 12:12:48 2021,-0,030000,1631700768500,
Wed Sep 15 12:12:48 2021,-0,030000,1631700768510,
Wed Sep 15 12:12:48 2021,-0,030000,1631700768520,
Wed Sep 15 12:12:48 2021,-0,030000,1631700768530,
Wed Sep 15 12:12:48 2021,-0,030000,1631700768540,
Wed Sep 15 12:12:48 2021,-0,030000,1631700768550,
Wed Sep 15 12:12:48 2021,-0,030000,1631700768560,
Wed Sep 15 12:12:48 2021,-0,030000,1631700768570,
Wed Sep 15 12:12:48 2021,-0,030000,1631700768580,
Wed Sep 15 12:12:48 2021,-0,030000,1631700768590,
Wed Sep 15 12:12:48 2021,-0,030000,1631700768600,
Wed Sep 15 12:12:48 2021,-0,030000,1631700768610,
Wed Sep 15 12:12:48 2021,-0,030000,1631700768620,
Wed Sep 15 12:12:48 2021,-0,030000,1631700768630,
Wed Sep 15 12:12:48 2021,-0,030000,1631700768640,
Wed Sep 15 12:12:48 2021,-0,030000,1631700768650,
Wed Sep 15 12:12:48 2021,-0,030000,1631700768660,
Wed Sep 15 12:12:48 2021,-0,030000,1631700768670,
Wed Sep 15 12:12:48 2021,-0,030000,1631700768680,
Wed Sep 15 12:12:48 2021,-0,030000,1631700768690,
Wed Sep 15 12:12:48 2021,-0,030000,1631700768700,
Wed Sep 15 12:12:48 2021,-0,030000,1631700768710,
Wed Sep 15 12:12:48 2021,-0,030000,1631700768720,
Wed Sep 15 12:12:48 2021,-0,030000,1631700768730,
Wed Sep 15 12:12:48 2021,-0,030000,1631700768740,
Wed Sep 15 12:12:48 2021,-0,030000,1631700768750,
Wed Sep 15 12:12:48 2021,-0,030000,1631700768760,
Wed Sep 15 12:12:48 2021,-0,030000,1631700768770,
Wed Sep 15 12:12:48 2021,-0,030000,1631700768780,
Wed Sep 15 12:12:48 2021,-0,030000,1631700768790,
Wed Sep 15 12:12:48 2021,-0,030000,1631700768800,
Wed Sep 15 12:12:48 2021,-0,030000,1631700768810,
Wed Sep 15 12:12:48 2021,-0,030000,1631700768820,
Wed Sep 15 12:12:48 2021,-0,030000,1631700768830,
Wed Sep 15 12:12:48 2021,-0,030000,1631700768840,
Wed Sep 15 12:12:48 2021,-0,030000,1631700768850,
Wed Sep 15 12:12:48 2021,-0,030000,1631700768860,
Wed Sep 15 12:12:48 2021,-0,030000,1631700768870,
Wed Sep 15 12:12:48 2021,-0,030000,1631700768880,
Wed Sep 15 12:12:48 2021,-0,030000,1631700768890,
Wed Sep 15 12:12:48 2021,-0,030000,1631700768900,
Wed Sep 15 12:12:48 2021,-0,030000,1631700768910,
Wed Sep 15 12:12:48 2021,-0,030000,1631700768920,
Wed Sep 15 12:12:48 2021,-0,030000,1631700768930,
Wed Sep 15 12:12:48 2021,-0,030000,1631700768940,
Wed Sep 15 12:12:48 2021,-0,030000,1631700768950,
Wed Sep 15 12:12:48 2021,-0,030000,1631700768960,
Wed Sep 15 12:12:48 2021,-0,030000,1631700768970,
Wed Sep 15 12:12:48 2021,-0,030000,1631700768980,
Wed Sep 15 12:12:48 2021,-0,030000,1631700768990,
Wed Sep 15 12:12:49 2021,-0,030000,1631700769000,
Wed Sep 15 12:12:49 2021,-0,030000,1631700769010,
Wed Sep 15 12:12:49 2021,-0,030000,1631700769020,
Wed Sep 15 12:12:49 2021,-0,030000,1631700769030,
Wed Sep 15 12:12:49 2021,-0,030000,1631700769040,
Wed Sep 15 12:12:49 2021,-0,030000,1631700769050,
Wed Sep 15 12:12:49 2021,-0,030000,1631700769060,
Wed Sep 15 12:12:49 2021,-0,030000,1631700769070,
Wed Sep 15 12:12:49 2021,-0,030000,1631700769080,
Wed Sep 15 12:12:49 2021,-0,030000,1631700769090,
Wed Sep 15 12:12:49 2021,-0,030000,1631700769100,
Wed Sep 15 12:12:49 2021,-0,030000,1631700769110,
Wed Sep 15 12:12:49 2021,-0,030000,1631700769120,
Wed Sep 15 12:12:49 2021,-0,030000,1631700769130,
Wed Sep 15 12:12:49 2021,-0,030000,1631700769140,
Wed Sep 15 12:12:49 2021,-0,030000,1631700769150,
Wed Sep 15 12:12:49 2021,-0,030000,1631700769160,
Wed Sep 15 12:12:49 2021,-0,030000,1631700769170,
Wed Sep 15 12:12:49 2021,-0,030000,1631700769180,
Wed Sep 15 12:12:49 2021,-0,030000,1631700769190,
Wed Sep 15 12:12:49 2021,-0,030000,1631700769200,
Wed Sep 15 12:12:49 2021,-0,030000,1631700769210,
Wed Sep 15 12:12:49 2021,-0,030000,1631700769220,
Wed Sep 15 12:12:49 2021,-0,030000,1631700769230,
Wed Sep 15 12:12:49 2021,-0,030000,1631700769240,
Wed Sep 15 12:12:49 2021,-0,030000,1631700769250,
Wed Sep 15 12:12:49 2021,-0,030000,1631700769260,
Wed Sep 15 12:12:49 2021,-0,030000,1631700769270,
Wed Sep 15 12:12:49 2021,-0,030000,1631700769280,
Wed Sep 15 12:12:49 2021,-0,030000,1631700769290,
Wed Sep 15 12:12:49 2021,-0,030000,1631700769300,
Wed Sep 15 12:12:49 2021,-0,030000,1631700769310,
Wed Sep 15 12:12:49 2021,-0,030000,1631700769320,
Wed Sep 15 12:12:49 2021,-0,030000,1631700769330,
Wed Sep 15 12:12:49 2021,-0,030000,1631700769340,
Wed Sep 15 12:12:49 2021,-0,030000,1631700769350,
Wed Sep 15 12:12:49 2021,-0,030000,1631700769360,
Wed Sep 15 12:12:49 2021,-0,030000,1631700769370,
Wed Sep 15 12:12:49 2021,-0,030000,1631700769380,
Wed Sep 15 12:12:49 2021,-0,030000,1631700769390,
Wed Sep 15 12:12:49 2021,-0,030000,1631700769400,
Wed Sep 15 12:12:49 2021,-0,030000,1631700769410,
Wed Sep 15 12:12:49 2021,-0,030000,1631700769420,
Wed Sep 15 12:12:49 2021,-0,030000,1631700769430,
Wed Sep 15 12:12:49 2021,-0,030000,1631700769440,
Wed Sep 15 12:12:49 2021,-0,030000,1631700769450,
Wed Sep 15 12:12:49 2021,-0,030000,1631700769460,
Wed Sep 15 12:12:49 2021,-0,030000,1631700769470,
Wed Sep 15 12:12:49 2021,-0,030000,1631700769480,
Wed Sep 15 12:12:49 2021,-0,030000,1631700769490,
Wed Sep 15 12:12:49 2021,-0,030000,1631700769500,
Wed Sep 15 12:12:49 2021,-0,030000,1631700769510,
Wed Sep 15 12:12:49 2021,-0,030000,1631700769520,
Wed Sep 15 12:12:49 2021,-0,030000,1631700769530,
Wed Sep 15 12:12:49 2021,-0,030000,1631700769540,
Wed Sep 15 12:12:49 2021,-0,030000,1631700769550,
Wed Sep 15 12:12:49 2021,-0,030000,1631700769560,
Wed Sep 15 12:12:49 2021,-0,030000,1631700769570,
Wed Sep 15 12:12:49 2021,-0,030000,1631700769580,
Wed Sep 15 12:12:49 2021,-0,030000,1631700769590,
Wed Sep 15 12:12:49 2021,-0,030000,1631700769600,
Wed Sep 15 12:12:49 2021,-0,030000,1631700769610,
Wed Sep 15 12:12:49 2021,-0,030000,1631700769620,
Wed Sep 15 12:12:49 2021,-0,030000,1631700769630,
Wed Sep 15 12:12:49 2021,-0,030000,1631700769640,
Wed Sep 15 12:12:49 2021,-0,030000,1631700769650,
Wed Sep 15 12:12:49 2021,-0,030000,1631700769660,
Wed Sep 15 12:12:49 2021,-0,030000,1631700769670,
Wed Sep 15 12:12:49 2021,-0,030000,1631700769680,
Wed Sep 15 12:12:49 2021,-0,030000,1631700769690,
Wed Sep 15 12:12:49 2021,-0,030000,1631700769700,
Wed Sep 15 12:12:49 2021,-0,030000,1631700769710,
Wed Sep 15 12:12:49 2021,-0,030000,1631700769720,
Wed Sep 15 12:12:49 2021,-0,030000,1631700769730,
Wed Sep 15 12:12:49 2021,-0,030000,1631700769740,
Wed Sep 15 12:12:49 2021,-0,030000,1631700769750,
Wed Sep 15 12:12:49 2021,-0,030000,1631700769760,
Wed Sep 15 12:12:49 2021,-0,030000,1631700769770,
Wed Sep 15 12:12:49 2021,-0,030000,1631700769780,
Wed Sep 15 12:12:49 2021,-0,030000,1631700769790,
Wed Sep 15 12:12:49 2021,-0,030000,1631700769800,
Wed Sep 15 12:12:49 2021,-0,030000,1631700769810,
Wed Sep 15 12:12:49 2021,-0,030000,1631700769820,
Wed Sep 15 12:12:49 2021,-0,030000,1631700769830,
Wed Sep 15 12:12:49 2021,-0,030000,1631700769840,
Wed Sep 15 12:12:49 2021,-0,030000,1631700769850,
Wed Sep 15 12:12:49 2021,-0,030000,1631700769860,
Wed Sep 15 12:12:49 2021,-0,030000,1631700769870,
Wed Sep 15 12:12:49 2021,-0,030000,1631700769880,
Wed Sep 15 12:12:49 2021,-0,030000,1631700769890,
Wed Sep 15 12:12:49 2021,-0,030000,1631700769900,
Wed Sep 15 12:12:49 2021,-0,030000,1631700769910,
Wed Sep 15 12:12:49 2021,-0,030000,1631700769920,
Wed Sep 15 12:12:49 2021,-0,030000,1631700769930,
Wed Sep 15 12:12:49 2021,-0,030000,1631700769940,
Wed Sep 15 12:12:49 2021,-0,030000,1631700769950,
Wed Sep 15 12:12:49 2021,-0,030000,1631700769960,
Wed Sep 15 12:12:49 2021,-0,030000,1631700769970,
Wed Sep 15 12:12:49 2021,-0,030000,1631700769980,
Wed Sep 15 12:12:49 2021,-0,030000,1631700769990,
Wed Sep 15 12:12:50 2021,-0,030000,1631700770000,
Wed Sep 15 12:12:50 2021,-0,030000,1631700770010,
Wed Sep 15 12:12:50 2021,-0,030000,1631700770020,
Wed Sep 15 12:12:50 2021,-0,030000,1631700770030,
Wed Sep 15 12:12:50 2021,-0,030000,1631700770040,
Wed Sep 15 12:12:50 2021,-0,030000,1631700770050,
Wed Sep 15 12:12:50 2021,-0,030000,1631700770060,
Wed Sep 15 12:12:50 2021,-0,030000,1631700770070,
Wed Sep 15 12:12:50 2021,-0,030000,1631700770080,
Wed Sep 15 12:12:50 2021,-0,030000,1631700770090,
Wed Sep 15 12:12:50 2021,-0,030000,1631700770100,
Wed Sep 15 12:12:50 2021,-0,030000,1631700770110,
Wed Sep 15 12:12:50 2021,-0,030000,1631700770120,
Wed Sep 15 12:12:50 2021,-0,030000,1631700770130,
Wed Sep 15 12:12:50 2021,-0,030000,1631700770140,
Wed Sep 15 12:12:50 2021,-0,030000,1631700770150,
Wed Sep 15 12:12:50 2021,-0,030000,1631700770160,
Wed Sep 15 12:12:50 2021,-0,030000,1631700770170,
Wed Sep 15 12:12:50 2021,-0,030000,1631700770180,
Wed Sep 15 12:12:50 2021,-0,030000,1631700770190,
Wed Sep 15 12:12:50 2021,-0,030000,1631700770200,
Wed Sep 15 12:12:50 2021,-0,030000,1631700770210,
Wed Sep 15 12:12:50 2021,-0,030000,1631700770220,
Wed Sep 15 12:12:50 2021,-0,030000,1631700770230,
Wed Sep 15 12:12:50 2021,-0,030000,1631700770240,
Wed Sep 15 12:12:50 2021,-0,030000,1631700770250,
Wed Sep 15 12:12:50 2021,-0,030000,1631700770260,
Wed Sep 15 12:12:50 2021,-0,030000,1631700770270,
Wed Sep 15 12:12:50 2021,-0,030000,1631700770280,
Wed Sep 15 12:12:50 2021,-0,030000,1631700770290,
Wed Sep 15 12:12:50 2021,-0,030000,1631700770300,
Wed Sep 15 12:12:50 2021,-0,030000,1631700770310,
Wed Sep 15 12:12:50 2021,-0,030000,1631700770320,
Wed Sep 15 12:12:50 2021,-0,030000,1631700770330,
Wed Sep 15 12:12:50 2021,-0,030000,1631700770340,
Wed Sep 15 12:12:50 2021,-0,030000,1631700770350,
Wed Sep 15 12:12:50 2021,-0,030000,1631700770360,
Wed Sep 15 12:12:50 2021,-0,030000,1631700770370,
Wed Sep 15 12:12:50 2021,-0,030000,1631700770380,
Wed Sep 15 12:12:50 2021,-0,030000,1631700770390,
Wed Sep 15 12:12:50 2021,-0,030000,1631700770400,
Wed Sep 15 12:12:50 2021,-0,030000,1631700770410,
Wed Sep 15 12:12:50 2021,-0,030000,1631700770420,
Wed Sep 15 12:12:50 2021,-0,030000,1631700770430,
Wed Sep 15 12:12:50 2021,-0,030000,1631700770440,
Wed Sep 15 12:12:50 2021,-0,030000,1631700770450,
Wed Sep 15 12:12:50 2021,-0,030000,1631700770460,
Wed Sep 15 12:12:50 2021,-0,030000,1631700770470,
Wed Sep 15 12:12:50 2021,-0,030000,1631700770480,
Wed Sep 15 12:12:50 2021,-0,030000,1631700770490,
Wed Sep 15 12:12:50 2021,-0,030000,1631700770500,
Wed Sep 15 12:12:50 2021,-0,030000,1631700770510,
Wed Sep 15 12:12:50 2021,-0,030000,1631700770520,
Wed Sep 15 12:12:50 2021,-0,030000,1631700770530,
Wed Sep 15 12:12:50 2021,-0,030000,1631700770540,
Wed Sep 15 12:12:50 2021,-0,030000,1631700770550,
Wed Sep 15 12:12:50 2021,-0,030000,1631700770560,
Wed Sep 15 12:12:50 2021,-0,030000,1631700770570,
Wed Sep 15 12:12:50 2021,-0,030000,1631700770580,
Wed Sep 15 12:12:50 2021,-0,030000,1631700770590,
Wed Sep 15 12:12:50 2021,-0,030000,1631700770600,
Wed Sep 15 12:12:50 2021,-0,030000,1631700770610,
Wed Sep 15 12:12:50 2021,-0,030000,1631700770620,
Wed Sep 15 12:12:50 2021,-0,030000,1631700770630,
Wed Sep 15 12:12:50 2021,-0,030000,1631700770640,
Wed Sep 15 12:12:50 2021,-0,030000,1631700770650,
Wed Sep 15 12:12:50 2021,-0,030000,1631700770660,
Wed Sep 15 12:12:50 2021,-0,030000,1631700770670,
Wed Sep 15 12:12:50 2021,-0,030000,1631700770680,
Wed Sep 15 12:12:50 2021,-0,030000,1631700770690,
Wed Sep 15 12:12:50 2021,-0,030000,1631700770700,
Wed Sep 15 12:12:50 2021,-0,030000,1631700770710,
Wed Sep 15 12:12:50 2021,-0,030000,1631700770720,
Wed Sep 15 12:12:50 2021,-0,030000,1631700770730,
Wed Sep 15 12:12:50 2021,-0,030000,1631700770740,
Wed Sep 15 12:12:50 2021,-0,030000,1631700770750,
Wed Sep 15 12:12:50 2021,-0,030000,1631700770760,
Wed Sep 15 12:12:50 2021,-0,030000,1631700770770,
Wed Sep 15 12:12:50 2021,-0,030000,1631700770780,
Wed Sep 15 12:12:50 2021,-0,030000,1631700770790,
Wed Sep 15 12:12:50 2021,-0,030000,1631700770800,
Wed Sep 15 12:12:50 2021,-0,030000,1631700770810,
Wed Sep 15 12:12:50 2021,-0,030000,1631700770820,
Wed Sep 15 12:12:50 2021,-0,030000,1631700770830,
Wed Sep 15 12:12:50 2021,-0,030000,1631700770840,
Wed Sep 15 12:12:50 2021,-0,030000,1631700770850,
Wed Sep 15 12:12:50 2021,-0,030000,1631700770860,
Wed Sep 15 12:12:50 2021,-0,030000,1631700770870,
Wed Sep 15 12:12:50 2021,-0,030000,1631700770880,
Wed Sep 15 12:12:50 2021,-0,030000,1631700770890,
Wed Sep 15 12:12:50 2021,-0,030000,1631700770900,
Wed Sep 15 12:12:50 2021,-0,030000,1631700770910,
Wed Sep 15 12:12:50 2021,-0,030000,1631700770920,
Wed Sep 15 12:12:50 2021,-0,030000,1631700770930,
Wed Sep 15 12:12:50 2021,-0,030000,1631700770940,
Wed Sep 15 12:12:50 2021,-0,030000,1631700770950,
Wed Sep 15 12:12:50 2021,-0,030000,1631700770960,
Wed Sep 15 12:12:50 2021,-0,030000,1631700770970,
Wed Sep 15 12:12:50 2021,-0,030000,1631700770980,
Wed Sep 15 12:12:50 2021,-0,030000,1631700770990,
Wed Sep 15 12:12:51 2021,-0,030000,1631700771000,
Wed Sep 15 12:12:51 2021,-0,030000,1631700771010,
Wed Sep 15 12:12:51 2021,-0,030000,1631700771020,
Wed Sep 15 12:12:51 2021,-0,030000,1631700771030,
Wed Sep 15 12:12:51 2021,-0,030000,1631700771040,
Wed Sep 15 12:12:51 2021,-0,030000,1631700771050,
Wed Sep 15 12:12:51 2021,-0,030000,1631700771060,
Wed Sep 15 12:12:51 2021,-0,030000,1631700771070,
Wed Sep 15 12:12:51 2021,-0,030000,1631700771080,
Wed Sep 15 12:12:51 2021,-0,030000,1631700771090,
Wed Sep 15 12:12:51 2021,-0,030000,1631700771100,
Wed Sep 15 12:12:51 2021,-0,030000,1631700771110,
Wed Sep 15 12:12:51 2021,-0,030000,1631700771120,
Wed Sep 15 12:12:51 2021,-0,030000,1631700771130,
Wed Sep 15 12:12:51 2021,-0,030000,1631700771140,
Wed Sep 15 12:12:51 2021,-0,030000,1631700771150,
Wed Sep 15 12:12:51 2021,-0,030000,1631700771160,
Wed Sep 15 12:12:51 2021,-0,030000,1631700771170,
Wed Sep 15 12:12:51 2021,-0,030000,1631700771180,
Wed Sep 15 12:12:51 2021,-0,030000,1631700771190,
Wed Sep 15 12:12:51 2021,-0,030000,1631700771200,
Wed Sep 15 12:12:51 2021,-0,030000,1631700771210,
Wed Sep 15 12:12:51 2021,-0,030000,1631700771220,
Wed Sep 15 12:12:51 2021,-0,030000,1631700771230,
Wed Sep 15 12:12:51 2021,-0,030000,1631700771240,
Wed Sep 15 12:12:51 2021,-0,030000,1631700771250,
Wed Sep 15 12:12:51 2021,-0,030000,1631700771260,
Wed Sep 15 12:12:51 2021,-0,030000,1631700771270,
Wed Sep 15 12:12:51 2021,-0,030000,1631700771280,
Wed Sep 15 12:12:51 2021,-0,030000,1631700771290,
Wed Sep 15 12:12:51 2021,-0,030000,1631700771300,
Wed Sep 15 12:12:51 2021,-0,030000,1631700771310,
Wed Sep 15 12:12:51 2021,-0,030000,1631700771320,
Wed Sep 15 12:12:51 2021,-0,030000,1631700771330,
Wed Sep 15 12:12:51 2021,-0,030000,1631700771340,
Wed Sep 15 12:12:51 2021,-0,030000,1631700771350,
Wed Sep 15 12:12:51 2021,-0,030000,1631700771360,
Wed Sep 15 12:12:51 2021,-0,030000,1631700771370,
Wed Sep 15 12:12:51 2021,-0,030000,1631700771380,
Wed Sep 15 12:12:51 2021,-0,030000,1631700771390,
Wed Sep 15 12:12:51 2021,-0,030000,1631700771400,
Wed Sep 15 12:12:51 2021,-0,030000,1631700771410,
Wed Sep 15 12:12:51 2021,-0,030000,1631700771420,
Wed Sep 15 12:12:51 2021,-0,030000,1631700771430,
Wed Sep 15 12:12:51 2021,-0,030000,1631700771440,
Wed Sep 15 12:12:51 2021,-0,030000,1631700771450,
Wed Sep 15 12:12:51 2021,-0,030000,1631700771460,
Wed Sep 15 12:12:51 2021,-0,030000,1631700771470,
Wed Sep 15 12:12:51 2021,-0,030000,1631700771480,
Wed Sep 15 12:12:51 2021,-0,030000,1631700771490,
Wed Sep 15 12:12:51 2021,-0,030000,1631700771500,
Wed Sep 15 12:12:51 2021,-0,030000,1631700771510,
Wed Sep 15 12:12:51 2021,-0,030000,1631700771520,
Wed Sep 15 12:12:51 2021,-0,030000,1631700771530,
Wed Sep 15 12:12:51 2021,-0,030000,1631700771540,
Wed Sep 15 12:12:51 2021,-0,030000,1631700771550,
Wed Sep 15 12:12:51 2021,-0,030000,1631700771560,
Wed Sep 15 12:12:51 2021,-0,030000,1631700771570,
Wed Sep 15 12:12:51 2021,-0,030000,1631700771580,
Wed Sep 15 12:12:51 2021,-0,030000,1631700771590,
Wed Sep 15 12:12:51 2021,-0,030000,1631700771600,
Wed Sep 15 12:12:51 2021,-0,030000,1631700771610,
Wed Sep 15 12:12:51 2021,-0,030000,1631700771620,
Wed Sep 15 12:12:51 2021,-0,030000,1631700771630,
Wed Sep 15 12:12:51 2021,-0,030000,1631700771640,
Wed Sep 15 12:12:51 2021,-0,030000,1631700771650,
Wed Sep 15 12:12:51 2021,-0,030000,1631700771660,
Wed Sep 15 12:12:51 2021,-0,030000,1631700771670,
Wed Sep 15 12:12:51 2021,-0,030000,1631700771680,
Wed Sep 15 12:12:51 2021,-0,030000,1631700771690,
Wed Sep 15 12:12:51 2021,-0,030000,1631700771700,
Wed Sep 15 12:12:51 2021,-0,030000,1631700771710,
Wed Sep 15 12:12:51 2021,-0,030000,1631700771720,
Wed Sep 15 12:12:51 2021,-0,030000,1631700771730,
Wed Sep 15 12:12:51 2021,-0,030000,1631700771740,
Wed Sep 15 12:12:51 2021,-0,030000,1631700771750,
Wed Sep 15 12:12:51 2021,-0,030000,1631700771760,
Wed Sep 15 12:12:51 2021,-0,030000,1631700771770,
Wed Sep 15 12:12:51 2021,-0,030000,1631700771780,
Wed Sep 15 12:12:51 2021,-0,030000,1631700771790,
Wed Sep 15 12:12:51 2021,-0,030000,1631700771800,
Wed Sep 15 12:12:51 2021,-0,030000,1631700771810,
Wed Sep 15 12:12:51 2021,-0,030000,1631700771820,
Wed Sep 15 12:12:51 2021,-0,030000,1631700771830,
Wed Sep 15 12:12:51 2021,-0,030000,1631700771840,
Wed Sep 15 12:12:51 2021,-0,030000,1631700771850,
Wed Sep 15 12:12:51 2021,-0,030000,1631700771860,
Wed Sep 15 12:12:51 2021,-0,030000,1631700771870,
Wed Sep 15 12:12:51 2021,-0,030000,1631700771880,
Wed Sep 15 12:12:51 2021,-0,030000,1631700771890,
Wed Sep 15 12:12:51 2021,-0,030000,1631700771900,
Wed Sep 15 12:12:51 2021,-0,030000,1631700771910,
Wed Sep 15 12:12:51 2021,-0,030000,1631700771920,
Wed Sep 15 12:12:51 2021,-0,030000,1631700771930,
Wed Sep 15 12:12:51 2021,-0,030000,1631700771940,
Wed Sep 15 12:12:51 2021,-0,030000,1631700771950,
Wed Sep 15 12:12:51 2021,-0,030000,1631700771960,
Wed Sep 15 12:12:51 2021,-0,030000,1631700771970,
Wed Sep 15 12:12:51 2021,-0,030000,1631700771980,
Wed Sep 15 12:12:51 2021,-0,030000,1631700771990,
Wed Sep 15 12:12:52 2021,-0,030000,1631700772000,
Wed Sep 15 12:12:52 2021,-0,030000,1631700772010,
Wed Sep 15 12:12:52 2021,-0,030000,1631700772020,
Wed Sep 15 12:12:52 2021,-0,030000,1631700772030,
Wed Sep 15 12:12:52 2021,-0,030000,1631700772040,
Wed Sep 15 12:12:52 2021,-0,030000,1631700772050,
Wed Sep 15 12:12:52 2021,-0,030000,1631700772060,
Wed Sep 15 12:12:52 2021,-0,030000,1631700772070,
Wed Sep 15 12:12:52 2021,-0,030000,1631700772080,
Wed Sep 15 12:12:52 2021,-0,030000,1631700772090,
Wed Sep 15 12:12:52 2021,-0,030000,1631700772100,
Wed Sep 15 12:12:52 2021,-0,030000,1631700772110,
Wed Sep 15 12:12:52 2021,-0,030000,1631700772120,
Wed Sep 15 12:12:52 2021,-0,030000,1631700772130,
Wed Sep 15 12:12:52 2021,-0,030000,1631700772140,
Wed Sep 15 12:12:52 2021,-0,030000,1631700772150,
Wed Sep 15 12:12:52 2021,-0,030000,1631700772160,
Wed Sep 15 12:12:52 2021,-0,030000,1631700772170,
Wed Sep 15 12:12:52 2021,-0,030000,1631700772180,
Wed Sep 15 12:12:52 2021,-0,030000,1631700772190,
Wed Sep 15 12:12:52 2021,-0,030000,1631700772200,
Wed Sep 15 12:12:52 2021,-0,030000,1631700772210,
Wed Sep 15 12:12:52 2021,-0,030000,1631700772220,
Wed Sep 15 12:12:52 2021,-0,030000,1631700772230,
Wed Sep 15 12:12:52 2021,-0,030000,1631700772240,
Wed Sep 15 12:12:52 2021,-0,030000,1631700772250,
Wed Sep 15 12:12:52 2021,-0,030000,1631700772260,
Wed Sep 15 12:12:52 2021,-0,030000,1631700772270,
Wed Sep 15 12:12:52 2021,-0,030000,1631700772280,
Wed Sep 15 12:12:52 2021,-0,030000,1631700772290,
Wed Sep 15 12:12:52 2021,-0,030000,1631700772300,
Wed Sep 15 12:12:52 2021,-0,030000,1631700772310,
Wed Sep 15 12:12:52 2021,-0,030000,1631700772320,
Wed Sep 15 12:12:52 2021,-0,030000,1631700772330,
Wed Sep 15 12:12:52 2021,-0,030000,1631700772340,
Wed Sep 15 12:12:52 2021,-0,030000,1631700772350,
Wed Sep 15 12:12:52 2021,-0,030000,1631700772360,
Wed Sep 15 12:12:52 2021,-0,030000,1631700772370,
Wed Sep 15 12:12:52 2021,-0,030000,1631700772380,
Wed Sep 15 12:12:52 2021,-0,030000,1631700772390,
Wed Sep 15 12:12:52 2021,-0,030000,1631700772400,
Wed Sep 15 12:12:52 2021,-0,030000,1631700772410,
Wed Sep 15 12:12:52 2021,-0,030000,1631700772420,
Wed Sep 15 12:12:52 2021,-0,030000,1631700772430,
Wed Sep 15 12:12:52 2021,-0,030000,1631700772440,
Wed Sep 15 12:12:52 2021,-0,030000,1631700772450,
Wed Sep 15 12:12:52 2021,-0,030000,1631700772460,
Wed Sep 15 12:12:52 2021,-0,030000,1631700772470,
Wed Sep 15 12:12:52 2021,-0,030000,1631700772480,
Wed Sep 15 12:12:52 2021,-0,030000,1631700772490,
Wed Sep 15 12:12:52 2021,-0,030000,1631700772500,
Wed Sep 15 12:12:52 2021,-0,030000,1631700772510,
Wed Sep 15 12:12:52 2021,-0,030000,1631700772520,
Wed Sep 15 12:12:52 2021,-0,030000,1631700772530,
Wed Sep 15 12:12:52 2021,-0,030000,1631700772540,
Wed Sep 15 12:12:52 2021,-0,030000,1631700772550,
Wed Sep 15 12:12:52 2021,-0,030000,1631700772560,
Wed Sep 15 12:12:52 2021,-0,030000,1631700772570,
Wed Sep 15 12:12:52 2021,-0,030000,1631700772580,
Wed Sep 15 12:12:52 2021,-0,030000,1631700772590,
Wed Sep 15 12:12:52 2021,-0,030000,1631700772600,
Wed Sep 15 12:12:52 2021,-0,030000,1631700772610,
Wed Sep 15 12:12:52 2021,-0,030000,1631700772620,
Wed Sep 15 12:12:52 2021,-0,030000,1631700772630,
Wed Sep 15 12:12:52 2021,-0,030000,1631700772640,
Wed Sep 15 12:12:52 2021,-0,030000,1631700772650,
Wed Sep 15 12:12:52 2021,-0,030000,1631700772660,
Wed Sep 15 12:12:52 2021,-0,030000,1631700772670,
Wed Sep 15 12:12:52 2021,-0,030000,1631700772680,
Wed Sep 15 12:12:52 2021,-0,030000,1631700772690,
Wed Sep 15 12:12:52 2021,-0,030000,1631700772700,
Wed Sep 15 12:12:52 2021,-0,030000,1631700772710,
Wed Sep 15 12:12:52 2021,-0,030000,1631700772720,
Wed Sep 15 12:12:52 2021,-0,030000,1631700772730,
Wed Sep 15 12:12:52 2021,-0,030000,1631700772740,
Wed Sep 15 12:12:52 2021,-0,030000,1631700772750,
Wed Sep 15 12:12:52 2021,-0,030000,1631700772760,
Wed Sep 15 12:12:52 2021,-0,030000,1631700772770,
Wed Sep 15 12:12:52 2021,-0,030000,1631700772780,
Wed Sep 15 12:12:52 2021,-0,030000,1631700772790,
Wed Sep 15 12:12:52 2021,-0,030000,1631700772800,
Wed Sep 15 12:12:52 2021,-0,030000,1631700772810,
Wed Sep 15 12:12:52 2021,-0,030000,1631700772820,
Wed Sep 15 12:12:52 2021,-0,030000,1631700772830,
Wed Sep 15 12:12:52 2021,-0,030000,1631700772840,
Wed Sep 15 12:12:52 2021,-0,030000,1631700772850,
Wed Sep 15 12:12:52 2021,-0,030000,1631700772860,
Wed Sep 15 12:12:52 2021,-0,030000,1631700772870,
Wed Sep 15 12:12:52 2021,-0,030000,1631700772880,
Wed Sep 15 12:12:52 2021,-0,030000,1631700772890,
Wed Sep 15 12:12:52 2021,-0,030000,1631700772900,
Wed Sep 15 12:12:52 2021,-0,030000,1631700772910,
Wed Sep 15 12:12:52 2021,-0,030000,1631700772920,
Wed Sep 15 12:12:52 2021,-0,030000,1631700772930,
Wed Sep 15 12:12:52 2021,-0,030000,1631700772940,
Wed Sep 15 12:12:52 2021,-0,030000,1631700772950,
Wed Sep 15 12:12:52 2021,-0,030000,1631700772960,
Wed Sep 15 12:12:52 2021,-0,030000,1631700772970,
Wed Sep 15 12:12:52 2021,-0,030000,1631700772980,
Wed Sep 15 12:12:52 2021,-0,030000,1631700772990,
Wed Sep 15 12:12:53 2021,-0,030000,1631700773000,
Wed Sep 15 12:12:53 2021,-0,030000,1631700773010,
Wed Sep 15 12:12:53 2021,-0,030000,1631700773020,
Wed Sep 15 12:12:53 2021,-0,030000,1631700773030,
Wed Sep 15 12:12:53 2021,-0,030000,1631700773040,
Wed Sep 15 12:12:53 2021,-0,030000,1631700773050,
Wed Sep 15 12:12:53 2021,-0,030000,1631700773060,
Wed Sep 15 12:12:53 2021,-0,030000,1631700773070,
Wed Sep 15 12:12:53 2021,-0,030000,1631700773080,
Wed Sep 15 12:12:53 2021,-0,030000,1631700773090,
Wed Sep 15 12:12:53 2021,-0,030000,1631700773100,
Wed Sep 15 12:12:53 2021,-0,030000,1631700773110,
Wed Sep 15 12:12:53 2021,-0,030000,1631700773120,
Wed Sep 15 12:12:53 2021,-0,030000,1631700773130,
Wed Sep 15 12:12:53 2021,-0,030000,1631700773140,
Wed Sep 15 12:12:53 2021,-0,030000,1631700773150,
Wed Sep 15 12:12:53 2021,-0,030000,1631700773160,
Wed Sep 15 12:12:53 2021,-0,030000,1631700773170,
Wed Sep 15 12:12:53 2021,-0,030000,1631700773180,
Wed Sep 15 12:12:53 2021,-0,030000,1631700773190,
Wed Sep 15 12:12:53 2021,-0,030000,1631700773200,
Wed Sep 15 12:12:53 2021,-0,030000,1631700773210,
Wed Sep 15 12:12:53 2021,-0,030000,1631700773220,
Wed Sep 15 12:12:53 2021,-0,030000,1631700773230,
Wed Sep 15 12:12:53 2021,-0,030000,1631700773240,
Wed Sep 15 12:12:53 2021,-0,030000,1631700773250,
Wed Sep 15 12:12:53 2021,-0,030000,1631700773260,
Wed Sep 15 12:12:53 2021,-0,030000,1631700773270,
Wed Sep 15 12:12:53 2021,-0,030000,1631700773280,
Wed Sep 15 12:12:53 2021,-0,030000,1631700773290,
Wed Sep 15 12:12:53 2021,-0,030000,1631700773300,
Wed Sep 15 12:12:53 2021,-0,030000,1631700773310,
Wed Sep 15 12:12:53 2021,-0,030000,1631700773320,
Wed Sep 15 12:12:53 2021,-0,030000,1631700773330,
Wed Sep 15 12:12:53 2021,-0,030000,1631700773340,
Wed Sep 15 12:12:53 2021,-0,030000,1631700773350,
Wed Sep 15 12:12:53 2021,-0,030000,1631700773360,
Wed Sep 15 12:12:53 2021,-0,030000,1631700773370,
Wed Sep 15 12:12:53 2021,-0,030000,1631700773380,
Wed Sep 15 12:12:53 2021,-0,030000,1631700773390,
Wed Sep 15 12:12:53 2021,-0,030000,1631700773400,
Wed Sep 15 12:12:53 2021,-0,030000,1631700773410,
Wed Sep 15 12:12:53 2021,-0,030000,1631700773420,
Wed Sep 15 12:12:53 2021,-0,030000,1631700773430,
Wed Sep 15 12:12:53 2021,-0,030000,1631700773440,
Wed Sep 15 12:12:53 2021,-0,030000,1631700773450,
Wed Sep 15 12:12:53 2021,-0,030000,1631700773460,
Wed Sep 15 12:12:53 2021,-0,030000,1631700773470,
Wed Sep 15 12:12:53 2021,-0,030000,1631700773480,
Wed Sep 15 12:12:53 2021,-0,030000,1631700773490,
Wed Sep 15 12:12:53 2021,-0,030000,1631700773500,
Wed Sep 15 12:12:53 2021,-0,030000,1631700773510,
Wed Sep 15 12:12:53 2021,-0,030000,1631700773520,
Wed Sep 15 12:12:53 2021,-0,030000,1631700773530,
Wed Sep 15 12:12:53 2021,-0,030000,1631700773540,
Wed Sep 15 12:12:53 2021,-0,030000,1631700773550,
Wed Sep 15 12:12:53 2021,-0,030000,1631700773560,
Wed Sep 15 12:12:53 2021,-0,030000,1631700773570,
Wed Sep 15 12:12:53 2021,-0,030000,1631700773580,
Wed Sep 15 12:12:53 2021,-0,030000,1631700773590,
Wed Sep 15 12:12:53 2021,-0,030000,1631700773600,
Wed Sep 15 12:12:53 2021,-0,030000,1631700773610,
Wed Sep 15 12:12:53 2021,-0,030000,1631700773620,
Wed Sep 15 12:12:53 2021,-0,030000,1631700773630,
Wed Sep 15 12:12:53 2021,-0,030000,1631700773640,
Wed Sep 15 12:12:53 2021,-0,030000,1631700773650,
Wed Sep 15 12:12:53 2021,-0,030000,1631700773660,
Wed Sep 15 12:12:53 2021,-0,030000,1631700773670,
Wed Sep 15 12:12:53 2021,-0,030000,1631700773680,
Wed Sep 15 12:12:53 2021,-0,030000,1631700773690,
Wed Sep 15 12:12:53 2021,-0,030000,1631700773700,
Wed Sep 15 12:12:53 2021,-0,030000,1631700773710,
Wed Sep 15 12:12:53 2021,-0,030000,1631700773720,
Wed Sep 15 12:12:53 2021,-0,030000,1631700773730,
Wed Sep 15 12:12:53 2021,-0,030000,1631700773740,
Wed Sep 15 12:12:53 2021,-0,030000,1631700773750,
Wed Sep 15 12:12:53 2021,-0,030000,1631700773760,
Wed Sep 15 12:12:53 2021,-0,030000,1631700773770,
Wed Sep 15 12:12:53 2021,-0,030000,1631700773780,
Wed Sep 15 12:12:53 2021,-0,030000,1631700773790,
Wed Sep 15 12:12:53 2021,-0,030000,1631700773800,
Wed Sep 15 12:12:53 2021,-0,030000,1631700773810,
Wed Sep 15 12:12:53 2021,-0,030000,1631700773820,
Wed Sep 15 12:12:53 2021,-0,030000,1631700773830,
Wed Sep 15 12:12:53 2021,-0,030000,1631700773840,
Wed Sep 15 12:12:53 2021,-0,030000,1631700773850,
Wed Sep 15 12:12:53 2021,-0,030000,1631700773860,
Wed Sep 15 12:12:53 2021,-0,030000,1631700773870,
Wed Sep 15 12:12:53 2021,-0,030000,1631700773880,
Wed Sep 15 12:12:53 2021,-0,030000,1631700773890,
Wed Sep 15 12:12:53 2021,-0,030000,1631700773900,
Wed Sep 15 12:12:53 2021,-0,030000,1631700773910,
Wed Sep 15 12:12:53 2021,-0,030000,1631700773920,
Wed Sep 15 12:12:53 2021,-0,030000,1631700773930,
Wed Sep 15 12:12:53 2021,-0,030000,1631700773940,
Wed Sep 15 12:12:53 2021,-0,030000,1631700773950,
Wed Sep 15 12:12:53 2021,-0,030000,1631700773960,
Wed Sep 15 12:12:53 2021,-0,030000,1631700773970,
Wed Sep 15 12:12:53 2021,-0,030000,1631700773980,
Wed Sep 15 12:12:53 2021,-0,030000,1631700773990,
Wed Sep 15 12:12:54 2021,-0,030000,1631700774000,
Wed Sep 15 12:12:54 2021,-0,030000,1631700774010,
Wed Sep 15 12:12:54 2021,-0,030000,1631700774020,
Wed Sep 15 12:12:54 2021,-0,030000,1631700774030,
Wed Sep 15 12:12:54 2021,-0,030000,1631700774040,
Wed Sep 15 12:12:54 2021,-0,030000,1631700774050,
Wed Sep 15 12:12:54 2021,-0,030000,1631700774060,
Wed Sep 15 12:12:54 2021,-0,030000,1631700774070,
Wed Sep 15 12:12:54 2021,-0,030000,1631700774080,
Wed Sep 15 12:12:54 2021,-0,030000,1631700774090,
Wed Sep 15 12:12:54 2021,-0,030000,1631700774100,
Wed Sep 15 12:12:54 2021,-0,030000,1631700774110,
Wed Sep 15 12:12:54 2021,-0,030000,1631700774120,
Wed Sep 15 12:12:54 2021,-0,030000,1631700774130,
Wed Sep 15 12:12:54 2021,-0,030000,1631700774140,
Wed Sep 15 12:12:54 2021,-0,030000,1631700774150,
Wed Sep 15 12:12:54 2021,-0,030000,1631700774160,
Wed Sep 15 12:12:54 2021,-0,030000,1631700774170,
Wed Sep 15 12:12:54 2021,-0,030000,1631700774180,
Wed Sep 15 12:12:54 2021,-0,030000,1631700774190,
Wed Sep 15 12:12:54 2021,-0,030000,1631700774200,
Wed Sep 15 12:12:54 2021,-0,030000,1631700774210,
Wed Sep 15 12:12:54 2021,-0,030000,1631700774220,
Wed Sep 15 12:12:54 2021,-0,030000,1631700774230,
Wed Sep 15 12:12:54 2021,-0,030000,1631700774240,
Wed Sep 15 12:12:54 2021,-0,030000,1631700774250,
Wed Sep 15 12:12:54 2021,-0,030000,1631700774260,
Wed Sep 15 12:12:54 2021,-0,030000,1631700774270,
Wed Sep 15 12:12:54 2021,-0,030000,1631700774280,
Wed Sep 15 12:12:54 2021,-0,030000,1631700774290,
Wed Sep 15 12:12:54 2021,-0,030000,1631700774300,
Wed Sep 15 12:12:54 2021,-0,030000,1631700774310,
Wed Sep 15 12:12:54 2021,-0,030000,1631700774320,
Wed Sep 15 12:12:54 2021,-0,030000,1631700774330,
Wed Sep 15 12:12:54 2021,-0,030000,1631700774340,
Wed Sep 15 12:12:54 2021,-0,030000,1631700774350,
Wed Sep 15 12:12:54 2021,-0,030000,1631700774360,
Wed Sep 15 12:12:54 2021,-0,030000,1631700774370,
Wed Sep 15 12:12:54 2021,-0,030000,1631700774380,
Wed Sep 15 12:12:54 2021,-0,030000,1631700774390,
Wed Sep 15 12:12:54 2021,-0,030000,1631700774400,
Wed Sep 15 12:12:54 2021,-0,030000,1631700774410,
Wed Sep 15 12:12:54 2021,-0,030000,1631700774420,
Wed Sep 15 12:12:54 2021,-0,030000,1631700774430,
Wed Sep 15 12:12:54 2021,-0,030000,1631700774440,
Wed Sep 15 12:12:54 2021,-0,030000,1631700774450,
Wed Sep 15 12:12:54 2021,-0,030000,1631700774460,
Wed Sep 15 12:12:54 2021,-0,030000,1631700774470,
Wed Sep 15 12:12:54 2021,-0,030000,1631700774480,
Wed Sep 15 12:12:54 2021,-0,030000,1631700774490,
Wed Sep 15 12:12:54 2021,-0,030000,1631700774500,
Wed Sep 15 12:12:54 2021,-0,030000,1631700774510,
Wed Sep 15 12:12:54 2021,-0,030000,1631700774520,
Wed Sep 15 12:12:54 2021,-0,030000,1631700774530,
Wed Sep 15 12:12:54 2021,-0,030000,1631700774540,
Wed Sep 15 12:12:54 2021,-0,030000,1631700774550,
Wed Sep 15 12:12:54 2021,-0,030000,1631700774560,
Wed Sep 15 12:12:54 2021,-0,030000,1631700774570,
Wed Sep 15 12:12:54 2021,-0,030000,1631700774580,
Wed Sep 15 12:12:54 2021,-0,030000,1631700774590,
Wed Sep 15 12:12:54 2021,-0,030000,1631700774600,
Wed Sep 15 12:12:54 2021,-0,030000,1631700774610,
Wed Sep 15 12:12:54 2021,-0,030000,1631700774620,
Wed Sep 15 12:12:54 2021,-0,030000,1631700774630,
Wed Sep 15 12:12:54 2021,-0,030000,1631700774640,
Wed Sep 15 12:12:54 2021,-0,030000,1631700774650,
Wed Sep 15 12:12:54 2021,-0,030000,1631700774660,
Wed Sep 15 12:12:54 2021,-0,030000,1631700774670,
Wed Sep 15 12:12:54 2021,-0,030000,1631700774680,
Wed Sep 15 12:12:54 2021,-0,030000,1631700774690,
Wed Sep 15 12:12:54 2021,-0,030000,1631700774700,
Wed Sep 15 12:12:54 2021,-0,030000,1631700774710,
Wed Sep 15 12:12:54 2021,-0,030000,1631700774720,
Wed Sep 15 12:12:54 2021,-0,030000,1631700774730,
Wed Sep 15 12:12:54 2021,-0,030000,1631700774740,
Wed Sep 15 12:12:54 2021,-0,030000,1631700774750,
Wed Sep 15 12:12:54 2021,-0,030000,1631700774760,
Wed Sep 15 12:12:54 2021,-0,030000,1631700774770,
Wed Sep 15 12:12:54 2021,-0,030000,1631700774780,
Wed Sep 15 12:12:54 2021,-0,030000,1631700774790,
Wed Sep 15 12:12:54 2021,-0,030000,1631700774800,
Wed Sep 15 12:12:54 2021,-0,030000,1631700774810,
Wed Sep 15 12:12:54 2021,-0,030000,1631700774820,
Wed Sep 15 12:12:54 2021,-0,030000,1631700774830,
Wed Sep 15 12:12:54 2021,-0,030000,1631700774840,
Wed Sep 15 12:12:54 2021,-0,030000,1631700774850,
Wed Sep 15 12:12:54 2021,-0,030000,1631700774860,
Wed Sep 15 12:12:54 2021,-0,030000,1631700774870,
Wed Sep 15 12:12:54 2021,-0,030000,1631700774880,
Wed Sep 15 12:12:54 2021,-0,030000,1631700774890,
Wed Sep 15 12:12:54 2021,-0,030000,1631700774900,
Wed Sep 15 12:12:54 2021,-0,030000,1631700774910,
Wed Sep 15 12:12:54 2021,-0,030000,1631700774920,
Wed Sep 15 12:12:54 2021,-0,030000,1631700774930,
Wed Sep 15 12:12:54 2021,-0,030000,1631700774940,
Wed Sep 15 12:12:54 2021,-0,030000,1631700774950,
Wed Sep 15 12:12:54 2021,-0,030000,1631700774960,
Wed Sep 15 12:12:54 2021,-0,030000,1631700774970,
Wed Sep 15 12:12:54 2021,-0,030000,1631700774980,
Wed Sep 15 12:12:54 2021,-0,030000,1631700774990,
Wed Sep 15 12:12:55 2021,-0,030000,1631700775000,
Wed Sep 15 12:12:55 2021,-0,030000,1631700775010,
Wed Sep 15 12:12:55 2021,-0,030000,1631700775020,
Wed Sep 15 12:12:55 2021,-0,030000,1631700775030,
Wed Sep 15 12:12:55 2021,-0,030000,1631700775040,
Wed Sep 15 12:12:55 2021,-0,030000,1631700775050,
Wed Sep 15 12:12:55 2021,-0,030000,1631700775060,
Wed Sep 15 12:12:55 2021,-0,030000,1631700775070,
Wed Sep 15 12:12:55 2021,-0,030000,1631700775080,
Wed Sep 15 12:12:55 2021,-0,030000,1631700775090,
Wed Sep 15 12:12:55 2021,-0,030000,1631700775100,
Wed Sep 15 12:12:55 2021,-0,030000,1631700775110,
Wed Sep 15 12:12:55 2021,-0,030000,1631700775120,
Wed Sep 15 12:12:55 2021,-0,030000,1631700775130,
Wed Sep 15 12:12:55 2021,-0,030000,1631700775140,
Wed Sep 15 12:12:55 2021,-0,030000,1631700775150,
Wed Sep 15 12:12:55 2021,-0,030000,1631700775160,
Wed Sep 15 12:12:55 2021,-0,030000,1631700775170,
Wed Sep 15 12:12:55 2021,-0,030000,1631700775180,
Wed Sep 15 12:12:55 2021,-0,030000,1631700775190,
Wed Sep 15 12:12:55 2021,-0,030000,1631700775200,
Wed Sep 15 12:12:55 2021,-0,030000,1631700775210,
Wed Sep 15 12:12:55 2021,-0,030000,1631700775220,
Wed Sep 15 12:12:55 2021,-0,030000,1631700775230,
Wed Sep 15 12:12:55 2021,-0,030000,1631700775240,
Wed Sep 15 12:12:55 2021,-0,030000,1631700775250,
Wed Sep 15 12:12:55 2021,-0,030000,1631700775260,
Wed Sep 15 12:12:55 2021,-0,030000,1631700775270,
Wed Sep 15 12:12:55 2021,-0,030000,1631700775280,
Wed Sep 15 12:12:55 2021,-0,030000,1631700775290,
Wed Sep 15 12:12:55 2021,-0,030000,1631700775300,
Wed Sep 15 12:12:55 2021,-0,030000,1631700775310,
Wed Sep 15 12:12:55 2021,-0,030000,1631700775320,
Wed Sep 15 12:12:55 2021,-0,030000,1631700775330,
Wed Sep 15 12:12:55 2021,-0,030000,1631700775340,
Wed Sep 15 12:12:55 2021,-0,030000,1631700775350,
Wed Sep 15 12:12:55 2021,-0,030000,1631700775360,
Wed Sep 15 12:12:55 2021,-0,030000,1631700775370,
Wed Sep 15 12:12:55 2021,-0,030000,1631700775380,
Wed Sep 15 12:12:55 2021,-0,030000,1631700775390,
Wed Sep 15 12:12:55 2021,-0,030000,1631700775400,
Wed Sep 15 12:12:55 2021,-0,030000,1631700775410,
Wed Sep 15 12:12:55 2021,-0,030000,1631700775420,
Wed Sep 15 12:12:55 2021,-0,030000,1631700775430,
Wed Sep 15 12:12:55 2021,-0,030000,1631700775440,
Wed Sep 15 12:12:55 2021,-0,030000,1631700775450,
Wed Sep 15 12:12:55 2021,-0,030000,1631700775460,
Wed Sep 15 12:12:55 2021,-0,030000,1631700775470,
Wed Sep 15 12:12:55 2021,-0,030000,1631700775480,
Wed Sep 15 12:12:55 2021,-0,030000,1631700775490,
Wed Sep 15 12:12:55 2021,-0,030000,1631700775500,
Wed Sep 15 12:12:55 2021,-0,030000,1631700775510,
Wed Sep 15 12:12:55 2021,-0,030000,1631700775520,
Wed Sep 15 12:12:55 2021,-0,030000,1631700775530,
Wed Sep 15 12:12:55 2021,-0,030000,1631700775540,
Wed Sep 15 12:12:55 2021,-0,030000,1631700775550,
Wed Sep 15 12:12:55 2021,-0,030000,1631700775560,
Wed Sep 15 12:12:55 2021,-0,030000,1631700775570,
Wed Sep 15 12:12:55 2021,-0,030000,1631700775580,
Wed Sep 15 12:12:55 2021,-0,030000,1631700775590,
Wed Sep 15 12:12:55 2021,-0,030000,1631700775600,
Wed Sep 15 12:12:55 2021,-0,030000,1631700775610,
Wed Sep 15 12:12:55 2021,-0,030000,1631700775620,
Wed Sep 15 12:12:55 2021,-0,030000,1631700775630,
Wed Sep 15 12:12:55 2021,-0,030000,1631700775640,
Wed Sep 15 12:12:55 2021,-0,030000,1631700775650,
Wed Sep 15 12:12:55 2021,-0,030000,1631700775660,
Wed Sep 15 12:12:55 2021,-0,030000,1631700775670,
Wed Sep 15 12:12:55 2021,-0,030000,1631700775680,
Wed Sep 15 12:12:55 2021,-0,030000,1631700775690,
Wed Sep 15 12:12:55 2021,-0,030000,1631700775700,
Wed Sep 15 12:12:55 2021,-0,030000,1631700775710,
Wed Sep 15 12:12:55 2021,-0,030000,1631700775720,
Wed Sep 15 12:12:55 2021,-0,030000,1631700775730,
Wed Sep 15 12:12:55 2021,-0,030000,1631700775740,
Wed Sep 15 12:12:55 2021,-0,030000,1631700775750,
Wed Sep 15 12:12:55 2021,-0,030000,1631700775760,
Wed Sep 15 12:12:55 2021,-0,030000,1631700775770,
Wed Sep 15 12:12:55 2021,-0,030000,1631700775780,
Wed Sep 15 12:12:55 2021,-0,030000,1631700775790,
Wed Sep 15 12:12:55 2021,-0,030000,1631700775800,
Wed Sep 15 12:12:55 2021,-0,030000,1631700775810,
Wed Sep 15 12:12:55 2021,-0,030000,1631700775820,
Wed Sep 15 12:12:55 2021,-0,030000,1631700775830,
Wed Sep 15 12:12:55 2021,-0,030000,1631700775840,
Wed Sep 15 12:12:55 2021,-0,030000,1631700775850,
Wed Sep 15 12:12:55 2021,-0,030000,1631700775860,
Wed Sep 15 12:12:55 2021,-0,030000,1631700775870,
Wed Sep 15 12:12:55 2021,-0,030000,1631700775880,
Wed Sep 15 12:12:55 2021,-0,030000,1631700775890,
Wed Sep 15 12:12:55 2021,-0,030000,1631700775900,
Wed Sep 15 12:12:55 2021,-0,030000,1631700775910,
Wed Sep 15 12:12:55 2021,-0,030000,1631700775920,
Wed Sep 15 12:12:55 2021,-0,030000,1631700775930,
Wed Sep 15 12:12:55 2021,-0,030000,1631700775940,
Wed Sep 15 12:12:55 2021,-0,030000,1631700775950,
Wed Sep 15 12:12:55 2021,-0,030000,1631700775960,
Wed Sep 15 12:12:55 2021,-0,030000,1631700775970,
Wed Sep 15 12:12:55 2021,-0,030000,1631700775980,
Wed Sep 15 12:12:55 2021,-0,030000,1631700775990,
Wed Sep 15 12:12:56 2021,-0,030000,1631700776000,
Wed Sep 15 12:12:56 2021,-0,030000,1631700776010,
Wed Sep 15 12:12:56 2021,-0,030000,1631700776020,
Wed Sep 15 12:12:56 2021,-0,030000,1631700776030,
Wed Sep 15 12:12:56 2021,-0,030000,1631700776040,
Wed Sep 15 12:12:56 2021,-0,030000,1631700776050,
Wed Sep 15 12:12:56 2021,-0,030000,1631700776060,
Wed Sep 15 12:12:56 2021,-0,030000,1631700776070,
Wed Sep 15 12:12:56 2021,-0,030000,1631700776080,
Wed Sep 15 12:12:56 2021,-0,030000,1631700776090,
Wed Sep 15 12:12:56 2021,-0,030000,1631700776100,
Wed Sep 15 12:12:56 2021,-0,030000,1631700776110,
Wed Sep 15 12:12:56 2021,-0,030000,1631700776120,
Wed Sep 15 12:12:56 2021,-0,030000,1631700776130,
Wed Sep 15 12:12:56 2021,-0,030000,1631700776140,
Wed Sep 15 12:12:56 2021,-0,030000,1631700776150,
Wed Sep 15 12:12:56 2021,-0,030000,1631700776160,
Wed Sep 15 12:12:56 2021,-0,030000,1631700776170,
Wed Sep 15 12:12:56 2021,-0,030000,1631700776180,
Wed Sep 15 12:12:56 2021,-0,030000,1631700776190,
Wed Sep 15 12:12:56 2021,-0,030000,1631700776200,
Wed Sep 15 12:12:56 2021,-0,030000,1631700776210,
Wed Sep 15 12:12:56 2021,-0,030000,1631700776220,
Wed Sep 15 12:12:56 2021,-0,030000,1631700776230,
Wed Sep 15 12:12:56 2021,-0,030000,1631700776240,
Wed Sep 15 12:12:56 2021,-0,030000,1631700776250,
Wed Sep 15 12:12:56 2021,-0,030000,1631700776260,
Wed Sep 15 12:12:56 2021,-0,030000,1631700776270,
Wed Sep 15 12:12:56 2021,-0,030000,1631700776280,
Wed Sep 15 12:12:56 2021,-0,030000,1631700776290,
Wed Sep 15 12:12:56 2021,-0,030000,1631700776300,
Wed Sep 15 12:12:56 2021,-0,030000,1631700776310,
Wed Sep 15 12:12:56 2021,-0,030000,1631700776320,
Wed Sep 15 12:12:56 2021,-0,030000,1631700776330,
Wed Sep 15 12:12:56 2021,-0,030000,1631700776340,
Wed Sep 15 12:12:56 2021,-0,030000,1631700776350,
Wed Sep 15 12:12:56 2021,-0,030000,1631700776360,
Wed Sep 15 12:12:56 2021,-0,030000,1631700776370,
Wed Sep 15 12:12:56 2021,-0,030000,1631700776380,
Wed Sep 15 12:12:56 2021,-0,030000,1631700776390,
Wed Sep 15 12:12:56 2021,-0,030000,1631700776400,
Wed Sep 15 12:12:56 2021,-0,030000,1631700776410,
Wed Sep 15 12:12:56 2021,-0,030000,1631700776420,
Wed Sep 15 12:12:56 2021,-0,030000,1631700776430,
Wed Sep 15 12:12:56 2021,-0,030000,1631700776440,
Wed Sep 15 12:12:56 2021,-0,030000,1631700776450,
Wed Sep 15 12:12:56 2021,-0,030000,1631700776460,
Wed Sep 15 12:12:56 2021,-0,030000,1631700776470,
Wed Sep 15 12:12:56 2021,-0,030000,1631700776480,
Wed Sep 15 12:12:56 2021,-0,030000,1631700776490,
Wed Sep 15 12:12:56 2021,-0,030000,1631700776500,
Wed Sep 15 12:12:56 2021,-0,030000,1631700776510,
Wed Sep 15 12:12:56 2021,-0,030000,1631700776520,
Wed Sep 15 12:12:56 2021,-0,030000,1631700776530,
Wed Sep 15 12:12:56 2021,-0,030000,1631700776540,
Wed Sep 15 12:12:56 2021,-0,030000,1631700776550,
Wed Sep 15 12:12:56 2021,-0,030000,1631700776560,
Wed Sep 15 12:12:56 2021,-0,030000,1631700776570,
Wed Sep 15 12:12:56 2021,-0,030000,1631700776580,
Wed Sep 15 12:12:56 2021,-0,030000,1631700776590,
Wed Sep 15 12:12:56 2021,-0,030000,1631700776600,
Wed Sep 15 12:12:56 2021,-0,030000,1631700776610,
Wed Sep 15 12:12:56 2021,-0,030000,1631700776620,
Wed Sep 15 12:12:56 2021,-0,030000,1631700776630,
Wed Sep 15 12:12:56 2021,-0,030000,1631700776640,
Wed Sep 15 12:12:56 2021,-0,030000,1631700776650,
Wed Sep 15 12:12:56 2021,-0,030000,1631700776660,
Wed Sep 15 12:12:56 2021,-0,030000,1631700776670,
Wed Sep 15 12:12:56 2021,-0,030000,1631700776680,
Wed Sep 15 12:12:56 2021,-0,030000,1631700776690,
Wed Sep 15 12:12:56 2021,-0,030000,1631700776700,
Wed Sep 15 12:12:56 2021,-0,030000,1631700776710,
Wed Sep 15 12:12:56 2021,-0,030000,1631700776720,
Wed Sep 15 12:12:56 2021,-0,030000,1631700776730,
Wed Sep 15 12:12:56 2021,-0,030000,1631700776740,
Wed Sep 15 12:12:56 2021,-0,030000,1631700776750,
Wed Sep 15 12:12:56 2021,-0,030000,1631700776760,
Wed Sep 15 12:12:56 2021,-0,030000,1631700776770,
Wed Sep 15 12:12:56 2021,-0,030000,1631700776780,
Wed Sep 15 12:12:56 2021,-0,030000,1631700776790,
Wed Sep 15 12:12:56 2021,-0,030000,1631700776800,
Wed Sep 15 12:12:56 2021,-0,030000,1631700776810,
Wed Sep 15 12:12:56 2021,-0,030000,1631700776820,
Wed Sep 15 12:12:56 2021,-0,030000,1631700776830,
Wed Sep 15 12:12:56 2021,-0,030000,1631700776840,
Wed Sep 15 12:12:56 2021,-0,030000,1631700776850,
Wed Sep 15 12:12:56 2021,-0,030000,1631700776860,
Wed Sep 15 12:12:56 2021,-0,030000,1631700776870,
Wed Sep 15 12:12:56 2021,-0,030000,1631700776880,
Wed Sep 15 12:12:56 2021,-0,030000,1631700776890,
Wed Sep 15 12:12:56 2021,-0,030000,1631700776900,
Wed Sep 15 12:12:56 2021,-0,030000,1631700776910,
Wed Sep 15 12:12:56 2021,-0,030000,1631700776920,
Wed Sep 15 12:12:56 2021,-0,030000,1631700776930,
Wed Sep 15 12:12:56 2021,-0,030000,1631700776940,
Wed Sep 15 12:12:56 2021,-0,030000,1631700776950,
Wed Sep 15 12:12:56 2021,-0,030000,1631700776960,
Wed Sep 15 12:12:56 2021,-0,030000,1631700776970,
Wed Sep 15 12:12:56 2021,-0,030000,1631700776980,
Wed Sep 15 12:12:56 2021,-0,030000,1631700776990,
Wed Sep 15 12:12:57 2021,-0,030000,1631700777000,
Wed Sep 15 12:12:57 2021,-0,030000,1631700777010,
Wed Sep 15 12:12:57 2021,-0,030000,1631700777020,
Wed Sep 15 12:12:57 2021,-0,030000,1631700777030,
Wed Sep 15 12:12:57 2021,-0,030000,1631700777040,
Wed Sep 15 12:12:57 2021,-0,030000,1631700777050,
Wed Sep 15 12:12:57 2021,-0,030000,1631700777060,
Wed Sep 15 12:12:57 2021,-0,030000,1631700777070,
Wed Sep 15 12:12:57 2021,-0,030000,1631700777080,
Wed Sep 15 12:12:57 2021,-0,030000,1631700777090,
Wed Sep 15 12:12:57 2021,-0,030000,1631700777100,
Wed Sep 15 12:12:57 2021,-0,030000,1631700777110,
Wed Sep 15 12:12:57 2021,-0,030000,1631700777120,
Wed Sep 15 12:12:57 2021,-0,030000,1631700777130,
Wed Sep 15 12:12:57 2021,-0,030000,1631700777140,
Wed Sep 15 12:12:57 2021,-0,030000,1631700777150,
Wed Sep 15 12:12:57 2021,-0,030000,1631700777160,
Wed Sep 15 12:12:57 2021,-0,030000,1631700777170,
Wed Sep 15 12:12:57 2021,-0,030000,1631700777180,
Wed Sep 15 12:12:57 2021,-0,030000,1631700777190,
Wed Sep 15 12:12:57 2021,-0,030000,1631700777200,
Wed Sep 15 12:12:57 2021,-0,030000,1631700777210,
Wed Sep 15 12:12:57 2021,-0,030000,1631700777220,
Wed Sep 15 12:12:57 2021,-0,030000,1631700777230,
Wed Sep 15 12:12:57 2021,-0,030000,1631700777240,
Wed Sep 15 12:12:57 2021,-0,030000,1631700777250,
Wed Sep 15 12:12:57 2021,-0,030000,1631700777260,
Wed Sep 15 12:12:57 2021,-0,030000,1631700777270,
Wed Sep 15 12:12:57 2021,-0,030000,1631700777280,
Wed Sep 15 12:12:57 2021,-0,030000,1631700777290,
Wed Sep 15 12:12:57 2021,-0,030000,1631700777300,
Wed Sep 15 12:12:57 2021,-0,030000,1631700777310,
Wed Sep 15 12:12:57 2021,-0,030000,1631700777320,
Wed Sep 15 12:12:57 2021,-0,030000,1631700777330,
Wed Sep 15 12:12:57 2021,-0,030000,1631700777340,
Wed Sep 15 12:12:57 2021,-0,030000,1631700777350,
Wed Sep 15 12:12:57 2021,-0,030000,1631700777360,
Wed Sep 15 12:12:57 2021,-0,030000,1631700777370,
Wed Sep 15 12:12:57 2021,-0,030000,1631700777380,
Wed Sep 15 12:12:57 2021,-0,030000,1631700777390,
Wed Sep 15 12:12:57 2021,-0,030000,1631700777400,
Wed Sep 15 12:12:57 2021,-0,030000,1631700777410,
Wed Sep 15 12:12:57 2021,-0,030000,1631700777420,
Wed Sep 15 12:12:57 2021,-0,030000,1631700777430,
Wed Sep 15 12:12:57 2021,-0,030000,1631700777440,
Wed Sep 15 12:12:57 2021,-0,030000,1631700777450,
Wed Sep 15 12:12:57 2021,-0,030000,1631700777460,
Wed Sep 15 12:12:57 2021,-0,030000,1631700777470,
Wed Sep 15 12:12:57 2021,-0,030000,1631700777480,
Wed Sep 15 12:12:57 2021,-0,030000,1631700777490,
Wed Sep 15 12:12:57 2021,-0,030000,1631700777500,
Wed Sep 15 12:12:57 2021,-0,030000,1631700777510,
Wed Sep 15 12:12:57 2021,-0,030000,1631700777520,
Wed Sep 15 12:12:57 2021,-0,030000,1631700777530,
Wed Sep 15 12:12:57 2021,-0,030000,1631700777540,
Wed Sep 15 12:12:57 2021,-0,030000,1631700777550,
Wed Sep 15 12:12:57 2021,-0,030000,1631700777560,
Wed Sep 15 12:12:57 2021,-0,030000,1631700777570,
Wed Sep 15 12:12:57 2021,-0,030000,1631700777580,
Wed Sep 15 12:12:57 2021,-0,030000,1631700777590,
Wed Sep 15 12:12:57 2021,-0,030000,1631700777600,
Wed Sep 15 12:12:57 2021,-0,030000,1631700777610,
Wed Sep 15 12:12:57 2021,-0,030000,1631700777620,
Wed Sep 15 12:12:57 2021,-0,030000,1631700777630,
Wed Sep 15 12:12:57 2021,-0,030000,1631700777640,
Wed Sep 15 12:12:57 2021,-0,030000,1631700777650,
Wed Sep 15 12:12:57 2021,-0,030000,1631700777660,
Wed Sep 15 12:12:57 2021,-0,030000,1631700777670,
Wed Sep 15 12:12:57 2021,-0,030000,1631700777680,
Wed Sep 15 12:12:57 2021,-0,030000,1631700777690,
Wed Sep 15 12:12:57 2021,-0,030000,1631700777700,
Wed Sep 15 12:12:57 2021,-0,030000,1631700777710,
Wed Sep 15 12:12:57 2021,-0,030000,1631700777720,
Wed Sep 15 12:12:57 2021,-0,030000,1631700777730,
Wed Sep 15 12:12:57 2021,-0,030000,1631700777740,
Wed Sep 15 12:12:57 2021,-0,030000,1631700777750,
Wed Sep 15 12:12:57 2021,-0,030000,1631700777760,
Wed Sep 15 12:12:57 2021,-0,030000,1631700777770,
Wed Sep 15 12:12:57 2021,-0,030000,1631700777780,
Wed Sep 15 12:12:57 2021,-0,030000,1631700777790,
Wed Sep 15 12:12:57 2021,-0,030000,1631700777800,
Wed Sep 15 12:12:57 2021,-0,030000,1631700777810,
Wed Sep 15 12:12:57 2021,-0,030000,1631700777820,
Wed Sep 15 12:12:57 2021,-0,030000,1631700777830,
Wed Sep 15 12:12:57 2021,-0,030000,1631700777840,
Wed Sep 15 12:12:57 2021,-0,030000,1631700777850,
Wed Sep 15 12:12:57 2021,-0,030000,1631700777860,
Wed Sep 15 12:12:57 2021,-0,030000,1631700777870,
Wed Sep 15 12:12:57 2021,-0,030000,1631700777880,
Wed Sep 15 12:12:57 2021,-0,030000,1631700777890,
Wed Sep 15 12:12:57 2021,-0,030000,1631700777900,
Wed Sep 15 12:12:57 2021,-0,030000,1631700777910,
Wed Sep 15 12:12:57 2021,-0,030000,1631700777920,
Wed Sep 15 12:12:57 2021,-0,030000,1631700777930,
Wed Sep 15 12:12:57 2021,-0,030000,1631700777940,
Wed Sep 15 12:12:57 2021,-0,030000,1631700777950,
Wed Sep 15 12:12:57 2021,-0,030000,1631700777960,
Wed Sep 15 12:12:57 2021,-0,030000,1631700777970,
Wed Sep 15 12:12:57 2021,-0,030000,1631700777980,
Wed Sep 15 12:12:57 2021,-0,030000,1631700777990,
Wed Sep 15 12:12:58 2021,-0,030000,1631700778000,
Wed Sep 15 12:12:58 2021,-0,030000,1631700778010,
Wed Sep 15 12:12:58 2021,-0,030000,1631700778020,
Wed Sep 15 12:12:58 2021,-0,030000,1631700778030,
Wed Sep 15 12:12:58 2021,-0,030000,1631700778040,
Wed Sep 15 12:12:58 2021,-0,030000,1631700778050,
Wed Sep 15 12:12:58 2021,-0,030000,1631700778060,
Wed Sep 15 12:12:58 2021,-0,030000,1631700778070,
Wed Sep 15 12:12:58 2021,-0,030000,1631700778080,
Wed Sep 15 12:12:58 2021,-0,030000,1631700778090,
Wed Sep 15 12:12:58 2021,-0,030000,1631700778100,
Wed Sep 15 12:12:58 2021,-0,030000,1631700778110,
Wed Sep 15 12:12:58 2021,-0,030000,1631700778120,
Wed Sep 15 12:12:58 2021,-0,030000,1631700778130,
Wed Sep 15 12:12:58 2021,-0,030000,1631700778140,
Wed Sep 15 12:12:58 2021,-0,030000,1631700778150,
Wed Sep 15 12:12:58 2021,-0,030000,1631700778160,
Wed Sep 15 12:12:58 2021,-0,030000,1631700778170,
Wed Sep 15 12:12:58 2021,-0,030000,1631700778180,
Wed Sep 15 12:12:58 2021,-0,030000,1631700778190,
Wed Sep 15 12:12:58 2021,-0,030000,1631700778200,
Wed Sep 15 12:12:58 2021,-0,030000,1631700778210,
Wed Sep 15 12:12:58 2021,-0,030000,1631700778220,
Wed Sep 15 12:12:58 2021,-0,030000,1631700778230,
Wed Sep 15 12:12:58 2021,-0,030000,1631700778240,
Wed Sep 15 12:12:58 2021,-0,030000,1631700778250,
Wed Sep 15 12:12:58 2021,-0,030000,1631700778260,
Wed Sep 15 12:12:58 2021,-0,030000,1631700778270,
Wed Sep 15 12:12:58 2021,-0,030000,1631700778280,
Wed Sep 15 12:12:58 2021,-0,030000,1631700778290,
Wed Sep 15 12:12:58 2021,-0,030000,1631700778300,
Wed Sep 15 12:12:58 2021,-0,030000,1631700778310,
Wed Sep 15 12:12:58 2021,-0,030000,1631700778320,
Wed Sep 15 12:12:58 2021,-0,030000,1631700778330,
Wed Sep 15 12:12:58 2021,-0,030000,1631700778340,
Wed Sep 15 12:12:58 2021,-0,030000,1631700778350,
Wed Sep 15 12:12:58 2021,-0,030000,1631700778360,
Wed Sep 15 12:12:58 2021,-0,030000,1631700778370,
Wed Sep 15 12:12:58 2021,-0,030000,1631700778380,
Wed Sep 15 12:12:58 2021,-0,030000,1631700778390,
Wed Sep 15 12:12:58 2021,-0,030000,1631700778400,
Wed Sep 15 12:12:58 2021,-0,030000,1631700778410,
Wed Sep 15 12:12:58 2021,-0,030000,1631700778420,
Wed Sep 15 12:12:58 2021,-0,030000,1631700778430,
Wed Sep 15 12:12:58 2021,-0,030000,1631700778440,
Wed Sep 15 12:12:58 2021,-0,030000,1631700778450,
Wed Sep 15 12:12:58 2021,-0,030000,1631700778460,
Wed Sep 15 12:12:58 2021,-0,030000,1631700778470,
Wed Sep 15 12:12:58 2021,-0,030000,1631700778480,
Wed Sep 15 12:12:58 2021,-0,030000,1631700778490,
Wed Sep 15 12:12:58 2021,-0,030000,1631700778500,
Wed Sep 15 12:12:58 2021,-0,030000,1631700778510,
Wed Sep 15 12:12:58 2021,-0,030000,1631700778520,
Wed Sep 15 12:12:58 2021,-0,030000,1631700778530,
Wed Sep 15 12:12:58 2021,-0,030000,1631700778540,
Wed Sep 15 12:12:58 2021,-0,030000,1631700778550,
Wed Sep 15 12:12:58 2021,-0,030000,1631700778560,
Wed Sep 15 12:12:58 2021,-0,030000,1631700778570,
Wed Sep 15 12:12:58 2021,-0,030000,1631700778580,
Wed Sep 15 12:12:58 2021,-0,030000,1631700778590,
Wed Sep 15 12:12:58 2021,-0,030000,1631700778600,
Wed Sep 15 12:12:58 2021,-0,030000,1631700778610,
Wed Sep 15 12:12:58 2021,-0,030000,1631700778620,
Wed Sep 15 12:12:58 2021,-0,030000,1631700778630,
Wed Sep 15 12:12:58 2021,-0,030000,1631700778640,
Wed Sep 15 12:12:58 2021,-0,030000,1631700778650,
Wed Sep 15 12:12:58 2021,-0,030000,1631700778660,
Wed Sep 15 12:12:58 2021,-0,030000,1631700778670,
Wed Sep 15 12:12:58 2021,-0,030000,1631700778680,
Wed Sep 15 12:12:58 2021,-0,030000,1631700778690,
Wed Sep 15 12:12:58 2021,-0,030000,1631700778700,
Wed Sep 15 12:12:58 2021,-0,030000,1631700778710,
Wed Sep 15 12:12:58 2021,-0,030000,1631700778720,
Wed Sep 15 12:12:58 2021,-0,030000,1631700778730,
Wed Sep 15 12:12:58 2021,-0,030000,1631700778740,
Wed Sep 15 12:12:58 2021,-0,030000,1631700778750,
Wed Sep 15 12:12:58 2021,-0,030000,1631700778760,
Wed Sep 15 12:12:58 2021,-0,030000,1631700778770,
Wed Sep 15 12:12:58 2021,-0,030000,1631700778780,
Wed Sep 15 12:12:58 2021,-0,030000,1631700778790,
Wed Sep 15 12:12:58 2021,-0,030000,1631700778800,
Wed Sep 15 12:12:58 2021,-0,030000,1631700778810,
Wed Sep 15 12:12:58 2021,-0,030000,1631700778820,
Wed Sep 15 12:12:58 2021,-0,030000,1631700778830,
Wed Sep 15 12:12:58 2021,-0,030000,1631700778840,
Wed Sep 15 12:12:58 2021,-0,030000,1631700778850,
Wed Sep 15 12:12:58 2021,-0,030000,1631700778860,
Wed Sep 15 12:12:58 2021,-0,030000,1631700778870,
Wed Sep 15 12:12:58 2021,-0,030000,1631700778880,
Wed Sep 15 12:12:58 2021,-0,030000,1631700778890,
Wed Sep 15 12:12:58 2021,-0,030000,1631700778900,
Wed Sep 15 12:12:58 2021,-0,030000,1631700778910,
Wed Sep 15 12:12:58 2021,-0,030000,1631700778920,
Wed Sep 15 12:12:58 2021,-0,030000,1631700778930,
Wed Sep 15 12:12:58 2021,-0,030000,1631700778940,
Wed Sep 15 12:12:58 2021,-0,030000,1631700778950,
Wed Sep 15 12:12:58 2021,-0,030000,1631700778960,
Wed Sep 15 12:12:58 2021,-0,030000,1631700778970,
Wed Sep 15 12:12:58 2021,-0,030000,1631700778980,
Wed Sep 15 12:12:58 2021,-0,030000,1631700778990,
