2021-07-19 10:55:52 AM,-,1626684878000,
2021-07-19 10:55:52 AM,-,1626684878010,
2021-07-19 10:55:52 AM,-,1626684878020,
2021-07-19 10:55:52 AM,-,1626684878030,
2021-07-19 10:55:52 AM,-,1626684878040,
2021-07-19 10:55:52 AM,-,1626684878050,
2021-07-19 10:55:52 AM,-,1626684878060,
2021-07-19 10:55:52 AM,-,1626684878070,
2021-07-19 10:55:52 AM,-,1626684878080,
2021-07-19 10:55:52 AM,-,1626684878090,
2021-07-19 10:55:52 AM,-,1626684878100,
2021-07-19 10:55:52 AM,-,1626684878110,
2021-07-19 10:55:52 AM,-,1626684878120,
2021-07-19 10:55:52 AM,-,1626684878130,
2021-07-19 10:55:52 AM,-,1626684878140,
2021-07-19 10:55:52 AM,-,1626684878150,
2021-07-19 10:55:52 AM,-,1626684878160,
2021-07-19 10:55:52 AM,-,1626684878170,
2021-07-19 10:55:52 AM,-,1626684878180,
2021-07-19 10:55:52 AM,-,1626684878190,
2021-07-19 10:55:52 AM,-,1626684878200,
2021-07-19 10:55:52 AM,-,1626684878210,
2021-07-19 10:55:52 AM,-,1626684878220,
2021-07-19 10:55:52 AM,-,1626684878230,
2021-07-19 10:55:52 AM,-,1626684878240,
2021-07-19 10:55:52 AM,-,1626684878250,
2021-07-19 10:55:52 AM,-,1626684878260,
2021-07-19 10:55:52 AM,-,1626684878270,
2021-07-19 10:55:52 AM,-,1626684878280,
2021-07-19 10:55:52 AM,-,1626684878290,
2021-07-19 10:55:52 AM,-,1626684878300,
2021-07-19 10:55:52 AM,-,1626684878310,
2021-07-19 10:55:52 AM,-,1626684878320,
2021-07-19 10:55:52 AM,-,1626684878330,
2021-07-19 10:55:52 AM,-,1626684878340,
2021-07-19 10:55:52 AM,-,1626684878350,
2021-07-19 10:55:52 AM,-,1626684878360,
2021-07-19 10:55:52 AM,-,1626684878370,
2021-07-19 10:55:52 AM,-,1626684878380,
2021-07-19 10:55:52 AM,-,1626684878390,
2021-07-19 10:55:52 AM,-,1626684878400,
2021-07-19 10:55:52 AM,-,1626684878410,
2021-07-19 10:55:52 AM,-,1626684878420,
2021-07-19 10:55:52 AM,-,1626684878430,
2021-07-19 10:55:52 AM,-,1626684878440,
2021-07-19 10:55:52 AM,-,1626684878450,
2021-07-19 10:55:52 AM,-,1626684878460,
2021-07-19 10:55:52 AM,-,1626684878470,
2021-07-19 10:55:52 AM,-,1626684878480,
2021-07-19 10:55:52 AM,-,1626684878490,
2021-07-19 10:55:52 AM,-,1626684878500,
2021-07-19 10:55:52 AM,-,1626684878510,
2021-07-19 10:55:52 AM,-,1626684878520,
2021-07-19 10:55:52 AM,-,1626684878530,
2021-07-19 10:55:52 AM,-,1626684878540,
2021-07-19 10:55:52 AM,-,1626684878550,
2021-07-19 10:55:52 AM,-,1626684878560,
2021-07-19 10:55:52 AM,-,1626684878570,
2021-07-19 10:55:52 AM,-,1626684878580,
2021-07-19 10:55:52 AM,-,1626684878590,
2021-07-19 10:55:52 AM,-,1626684878600,
2021-07-19 10:55:52 AM,-,1626684878610,
2021-07-19 10:55:52 AM,-,1626684878620,
2021-07-19 10:55:52 AM,-,1626684878630,
2021-07-19 10:55:52 AM,-,1626684878640,
2021-07-19 10:55:52 AM,-,1626684878650,
2021-07-19 10:55:52 AM,-,1626684878660,
2021-07-19 10:55:52 AM,-,1626684878670,
2021-07-19 10:55:52 AM,-,1626684878680,
2021-07-19 10:55:52 AM,-,1626684878690,
2021-07-19 10:55:52 AM,-,1626684878700,
2021-07-19 10:55:52 AM,-,1626684878710,
2021-07-19 10:55:52 AM,-,1626684878720,
2021-07-19 10:55:52 AM,-,1626684878730,
2021-07-19 10:55:52 AM,-,1626684878740,
2021-07-19 10:55:52 AM,-,1626684878750,
2021-07-19 10:55:52 AM,-,1626684878760,
2021-07-19 10:55:52 AM,-,1626684878770,
2021-07-19 10:55:52 AM,-,1626684878780,
2021-07-19 10:55:52 AM,-,1626684878790,
2021-07-19 10:55:52 AM,-,1626684878800,
2021-07-19 10:55:52 AM,-,1626684878810,
2021-07-19 10:55:52 AM,-,1626684878820,
2021-07-19 10:55:52 AM,-,1626684878830,
2021-07-19 10:55:52 AM,-,1626684878840,
2021-07-19 10:55:52 AM,-,1626684878850,
2021-07-19 10:55:52 AM,-,1626684878860,
2021-07-19 10:55:52 AM,-,1626684878870,
2021-07-19 10:55:52 AM,-,1626684878880,
2021-07-19 10:55:52 AM,-,1626684878890,
2021-07-19 10:55:52 AM,-,1626684878900,
2021-07-19 10:55:52 AM,-,1626684878910,
2021-07-19 10:55:52 AM,-,1626684878920,
2021-07-19 10:55:52 AM,-,1626684878930,
2021-07-19 10:55:52 AM,-,1626684878940,
2021-07-19 10:55:52 AM,-,1626684878950,
2021-07-19 10:55:52 AM,-,1626684878960,
2021-07-19 10:55:52 AM,-,1626684878970,
2021-07-19 10:55:52 AM,-,1626684878980,
2021-07-19 10:55:52 AM,-,1626684878990,
2021-07-19 10:55:53 AM,-,1626684878000,
2021-07-19 10:55:53 AM,-,1626684878010,
2021-07-19 10:55:53 AM,-,1626684878020,
2021-07-19 10:55:53 AM,-,1626684878030,
2021-07-19 10:55:53 AM,-,1626684878040,
2021-07-19 10:55:53 AM,-,1626684878050,
2021-07-19 10:55:53 AM,-,1626684878060,
2021-07-19 10:55:53 AM,-,1626684878070,
2021-07-19 10:55:53 AM,-,1626684878080,
2021-07-19 10:55:53 AM,-,1626684878090,
2021-07-19 10:55:53 AM,-,1626684878100,
2021-07-19 10:55:53 AM,-,1626684878110,
2021-07-19 10:55:53 AM,-,1626684878120,
2021-07-19 10:55:53 AM,-,1626684878130,
2021-07-19 10:55:53 AM,-,1626684878140,
2021-07-19 10:55:53 AM,-,1626684878150,
2021-07-19 10:55:53 AM,-,1626684878160,
2021-07-19 10:55:53 AM,-,1626684878170,
2021-07-19 10:55:53 AM,-,1626684878180,
2021-07-19 10:55:53 AM,-,1626684878190,
2021-07-19 10:55:53 AM,-,1626684878200,
2021-07-19 10:55:53 AM,-,1626684878210,
2021-07-19 10:55:53 AM,-,1626684878220,
2021-07-19 10:55:53 AM,-,1626684878230,
2021-07-19 10:55:53 AM,-,1626684878240,
2021-07-19 10:55:53 AM,-,1626684878250,
2021-07-19 10:55:53 AM,-,1626684878260,
2021-07-19 10:55:53 AM,-,1626684878270,
2021-07-19 10:55:53 AM,-,1626684878280,
2021-07-19 10:55:53 AM,-,1626684878290,
2021-07-19 10:55:53 AM,-,1626684878300,
2021-07-19 10:55:53 AM,-,1626684878310,
2021-07-19 10:55:53 AM,-,1626684878320,
2021-07-19 10:55:53 AM,-,1626684878330,
2021-07-19 10:55:53 AM,-,1626684878340,
2021-07-19 10:55:53 AM,-,1626684878350,
2021-07-19 10:55:53 AM,-,1626684878360,
2021-07-19 10:55:53 AM,-,1626684878370,
2021-07-19 10:55:53 AM,-,1626684878380,
2021-07-19 10:55:53 AM,-,1626684878390,
2021-07-19 10:55:53 AM,-,1626684878400,
2021-07-19 10:55:53 AM,-,1626684878410,
2021-07-19 10:55:53 AM,-,1626684878420,
2021-07-19 10:55:53 AM,-,1626684878430,
2021-07-19 10:55:53 AM,-,1626684878440,
2021-07-19 10:55:53 AM,-,1626684878450,
2021-07-19 10:55:53 AM,-,1626684878460,
2021-07-19 10:55:53 AM,-,1626684878470,
2021-07-19 10:55:53 AM,-,1626684878480,
2021-07-19 10:55:53 AM,-,1626684878490,
2021-07-19 10:55:53 AM,-,1626684878500,
2021-07-19 10:55:53 AM,-,1626684878510,
2021-07-19 10:55:53 AM,-,1626684878520,
2021-07-19 10:55:53 AM,-,1626684878530,
2021-07-19 10:55:53 AM,-,1626684878540,
2021-07-19 10:55:53 AM,-,1626684878550,
2021-07-19 10:55:53 AM,-,1626684878560,
2021-07-19 10:55:53 AM,-,1626684878570,
2021-07-19 10:55:53 AM,-,1626684878580,
2021-07-19 10:55:53 AM,-,1626684878590,
2021-07-19 10:55:53 AM,-,1626684878600,
2021-07-19 10:55:53 AM,-,1626684878610,
2021-07-19 10:55:53 AM,-,1626684878620,
2021-07-19 10:55:53 AM,-,1626684878630,
2021-07-19 10:55:53 AM,-,1626684878640,
2021-07-19 10:55:53 AM,-,1626684878650,
2021-07-19 10:55:53 AM,-,1626684878660,
2021-07-19 10:55:53 AM,-,1626684878670,
2021-07-19 10:55:53 AM,-,1626684878680,
2021-07-19 10:55:53 AM,-,1626684878690,
2021-07-19 10:55:53 AM,-,1626684878700,
2021-07-19 10:55:53 AM,-,1626684878710,
2021-07-19 10:55:53 AM,-,1626684878720,
2021-07-19 10:55:53 AM,-,1626684878730,
2021-07-19 10:55:53 AM,-,1626684878740,
2021-07-19 10:55:53 AM,-,1626684878750,
2021-07-19 10:55:53 AM,-,1626684878760,
2021-07-19 10:55:53 AM,-,1626684878770,
2021-07-19 10:55:53 AM,-,1626684878780,
2021-07-19 10:55:53 AM,-,1626684878790,
2021-07-19 10:55:53 AM,-,1626684878800,
2021-07-19 10:55:53 AM,-,1626684878810,
2021-07-19 10:55:53 AM,-,1626684878820,
2021-07-19 10:55:53 AM,-,1626684878830,
2021-07-19 10:55:53 AM,-,1626684878840,
2021-07-19 10:55:53 AM,-,1626684878850,
2021-07-19 10:55:53 AM,-,1626684878860,
2021-07-19 10:55:53 AM,-,1626684878870,
2021-07-19 10:55:53 AM,-,1626684878880,
2021-07-19 10:55:53 AM,-,1626684878890,
2021-07-19 10:55:53 AM,-,1626684878900,
2021-07-19 10:55:53 AM,-,1626684878910,
2021-07-19 10:55:53 AM,-,1626684878920,
2021-07-19 10:55:53 AM,-,1626684878930,
2021-07-19 10:55:53 AM,-,1626684878940,
2021-07-19 10:55:53 AM,-,1626684878950,
2021-07-19 10:55:53 AM,-,1626684878960,
2021-07-19 10:55:53 AM,-,1626684878970,
2021-07-19 10:55:53 AM,-,1626684878980,
2021-07-19 10:55:53 AM,-,1626684878990,
2021-07-19 10:55:54 AM,-,1626684878000,
2021-07-19 10:55:54 AM,-,1626684878010,
2021-07-19 10:55:54 AM,-,1626684878020,
2021-07-19 10:55:54 AM,-,1626684878030,
2021-07-19 10:55:54 AM,-,1626684878040,
2021-07-19 10:55:54 AM,-,1626684878050,
2021-07-19 10:55:54 AM,-,1626684878060,
2021-07-19 10:55:54 AM,-,1626684878070,
2021-07-19 10:55:54 AM,-,1626684878080,
2021-07-19 10:55:54 AM,-,1626684878090,
2021-07-19 10:55:54 AM,-,1626684878100,
2021-07-19 10:55:54 AM,-,1626684878110,
2021-07-19 10:55:54 AM,-,1626684878120,
2021-07-19 10:55:54 AM,-,1626684878130,
2021-07-19 10:55:54 AM,-,1626684878140,
2021-07-19 10:55:54 AM,-,1626684878150,
2021-07-19 10:55:54 AM,-,1626684878160,
2021-07-19 10:55:54 AM,-,1626684878170,
2021-07-19 10:55:54 AM,-,1626684878180,
2021-07-19 10:55:54 AM,-,1626684878190,
2021-07-19 10:55:54 AM,-,1626684878200,
2021-07-19 10:55:54 AM,-,1626684878210,
2021-07-19 10:55:54 AM,-,1626684878220,
2021-07-19 10:55:54 AM,-,1626684878230,
2021-07-19 10:55:54 AM,-,1626684878240,
2021-07-19 10:55:54 AM,-,1626684878250,
2021-07-19 10:55:54 AM,-,1626684878260,
2021-07-19 10:55:54 AM,-,1626684878270,
2021-07-19 10:55:54 AM,-,1626684878280,
2021-07-19 10:55:54 AM,-,1626684878290,
2021-07-19 10:55:54 AM,-,1626684878300,
2021-07-19 10:55:54 AM,-,1626684878310,
2021-07-19 10:55:54 AM,-,1626684878320,
2021-07-19 10:55:54 AM,-,1626684878330,
2021-07-19 10:55:54 AM,-,1626684878340,
2021-07-19 10:55:54 AM,-,1626684878350,
2021-07-19 10:55:54 AM,-,1626684878360,
2021-07-19 10:55:54 AM,-,1626684878370,
2021-07-19 10:55:54 AM,-,1626684878380,
2021-07-19 10:55:54 AM,-,1626684878390,
2021-07-19 10:55:54 AM,-,1626684878400,
2021-07-19 10:55:54 AM,-,1626684878410,
2021-07-19 10:55:54 AM,-,1626684878420,
2021-07-19 10:55:54 AM,-,1626684878430,
2021-07-19 10:55:54 AM,-,1626684878440,
2021-07-19 10:55:54 AM,-,1626684878450,
2021-07-19 10:55:54 AM,-,1626684878460,
2021-07-19 10:55:54 AM,-,1626684878470,
2021-07-19 10:55:54 AM,-,1626684878480,
2021-07-19 10:55:54 AM,-,1626684878490,
2021-07-19 10:55:54 AM,-,1626684878500,
2021-07-19 10:55:54 AM,-,1626684878510,
2021-07-19 10:55:54 AM,-,1626684878520,
2021-07-19 10:55:54 AM,-,1626684878530,
2021-07-19 10:55:54 AM,-,1626684878540,
2021-07-19 10:55:54 AM,-,1626684878550,
2021-07-19 10:55:54 AM,-,1626684878560,
2021-07-19 10:55:54 AM,-,1626684878570,
2021-07-19 10:55:54 AM,-,1626684878580,
2021-07-19 10:55:54 AM,-,1626684878590,
2021-07-19 10:55:54 AM,-,1626684878600,
2021-07-19 10:55:54 AM,-,1626684878610,
2021-07-19 10:55:54 AM,-,1626684878620,
2021-07-19 10:55:54 AM,-,1626684878630,
2021-07-19 10:55:54 AM,-,1626684878640,
2021-07-19 10:55:54 AM,-,1626684878650,
2021-07-19 10:55:54 AM,-,1626684878660,
2021-07-19 10:55:54 AM,-,1626684878670,
2021-07-19 10:55:54 AM,-,1626684878680,
2021-07-19 10:55:54 AM,-,1626684878690,
2021-07-19 10:55:54 AM,-,1626684878700,
2021-07-19 10:55:54 AM,-,1626684878710,
2021-07-19 10:55:54 AM,-,1626684878720,
2021-07-19 10:55:54 AM,-,1626684878730,
2021-07-19 10:55:54 AM,-,1626684878740,
2021-07-19 10:55:54 AM,-,1626684878750,
2021-07-19 10:55:54 AM,-,1626684878760,
2021-07-19 10:55:54 AM,-,1626684878770,
2021-07-19 10:55:54 AM,-,1626684878780,
2021-07-19 10:55:54 AM,-,1626684878790,
2021-07-19 10:55:54 AM,-,1626684878800,
2021-07-19 10:55:54 AM,-,1626684878810,
2021-07-19 10:55:54 AM,-,1626684878820,
2021-07-19 10:55:54 AM,-,1626684878830,
2021-07-19 10:55:54 AM,-,1626684878840,
2021-07-19 10:55:54 AM,-,1626684878850,
2021-07-19 10:55:54 AM,-,1626684878860,
2021-07-19 10:55:54 AM,-,1626684878870,
2021-07-19 10:55:54 AM,-,1626684878880,
2021-07-19 10:55:54 AM,-,1626684878890,
2021-07-19 10:55:54 AM,-,1626684878900,
2021-07-19 10:55:54 AM,-,1626684878910,
2021-07-19 10:55:54 AM,-,1626684878920,
2021-07-19 10:55:54 AM,-,1626684878930,
2021-07-19 10:55:54 AM,-,1626684878940,
2021-07-19 10:55:54 AM,-,1626684878950,
2021-07-19 10:55:54 AM,-,1626684878960,
2021-07-19 10:55:54 AM,-,1626684878970,
2021-07-19 10:55:54 AM,-,1626684878980,
2021-07-19 10:55:54 AM,-,1626684878990,
2021-07-19 10:55:55 AM,-,1626684878000,
2021-07-19 10:55:55 AM,-,1626684878010,
2021-07-19 10:55:55 AM,-,1626684878020,
2021-07-19 10:55:55 AM,-,1626684878030,
2021-07-19 10:55:55 AM,-,1626684878040,
2021-07-19 10:55:55 AM,-,1626684878050,
2021-07-19 10:55:55 AM,-,1626684878060,
2021-07-19 10:55:55 AM,-,1626684878070,
2021-07-19 10:55:55 AM,-,1626684878080,
2021-07-19 10:55:55 AM,-,1626684878090,
2021-07-19 10:55:55 AM,-,1626684878100,
2021-07-19 10:55:55 AM,-,1626684878110,
2021-07-19 10:55:55 AM,-,1626684878120,
2021-07-19 10:55:55 AM,-,1626684878130,
2021-07-19 10:55:55 AM,-,1626684878140,
2021-07-19 10:55:55 AM,-,1626684878150,
2021-07-19 10:55:55 AM,-,1626684878160,
2021-07-19 10:55:55 AM,-,1626684878170,
2021-07-19 10:55:55 AM,-,1626684878180,
2021-07-19 10:55:55 AM,-,1626684878190,
2021-07-19 10:55:55 AM,-,1626684878200,
2021-07-19 10:55:55 AM,-,1626684878210,
2021-07-19 10:55:55 AM,-,1626684878220,
2021-07-19 10:55:55 AM,-,1626684878230,
2021-07-19 10:55:55 AM,-,1626684878240,
2021-07-19 10:55:55 AM,-,1626684878250,
2021-07-19 10:55:55 AM,-,1626684878260,
2021-07-19 10:55:55 AM,-,1626684878270,
2021-07-19 10:55:55 AM,-,1626684878280,
2021-07-19 10:55:55 AM,-,1626684878290,
2021-07-19 10:55:55 AM,-,1626684878300,
2021-07-19 10:55:55 AM,-,1626684878310,
2021-07-19 10:55:55 AM,-,1626684878320,
2021-07-19 10:55:55 AM,-,1626684878330,
2021-07-19 10:55:55 AM,-,1626684878340,
2021-07-19 10:55:55 AM,-,1626684878350,
2021-07-19 10:55:55 AM,-,1626684878360,
2021-07-19 10:55:55 AM,-,1626684878370,
2021-07-19 10:55:55 AM,-,1626684878380,
2021-07-19 10:55:55 AM,-,1626684878390,
2021-07-19 10:55:55 AM,-,1626684878400,
2021-07-19 10:55:55 AM,-,1626684878410,
2021-07-19 10:55:55 AM,-,1626684878420,
2021-07-19 10:55:55 AM,-,1626684878430,
2021-07-19 10:55:55 AM,-,1626684878440,
2021-07-19 10:55:55 AM,-,1626684878450,
2021-07-19 10:55:55 AM,-,1626684878460,
2021-07-19 10:55:55 AM,-,1626684878470,
2021-07-19 10:55:55 AM,-,1626684878480,
2021-07-19 10:55:55 AM,-,1626684878490,
2021-07-19 10:55:55 AM,-,1626684878500,
2021-07-19 10:55:55 AM,-,1626684878510,
2021-07-19 10:55:55 AM,-,1626684878520,
2021-07-19 10:55:55 AM,-,1626684878530,
2021-07-19 10:55:55 AM,-,1626684878540,
2021-07-19 10:55:55 AM,-,1626684878550,
2021-07-19 10:55:55 AM,-,1626684878560,
2021-07-19 10:55:55 AM,-,1626684878570,
2021-07-19 10:55:55 AM,-,1626684878580,
2021-07-19 10:55:55 AM,-,1626684878590,
2021-07-19 10:55:55 AM,-,1626684878600,
2021-07-19 10:55:55 AM,-,1626684878610,
2021-07-19 10:55:55 AM,-,1626684878620,
2021-07-19 10:55:55 AM,-,1626684878630,
2021-07-19 10:55:55 AM,-,1626684878640,
2021-07-19 10:55:55 AM,-,1626684878650,
2021-07-19 10:55:55 AM,-,1626684878660,
2021-07-19 10:55:55 AM,-,1626684878670,
2021-07-19 10:55:55 AM,-,1626684878680,
2021-07-19 10:55:55 AM,-,1626684878690,
2021-07-19 10:55:55 AM,-,1626684878700,
2021-07-19 10:55:55 AM,-,1626684878710,
2021-07-19 10:55:55 AM,-,1626684878720,
2021-07-19 10:55:55 AM,-,1626684878730,
2021-07-19 10:55:55 AM,-,1626684878740,
2021-07-19 10:55:55 AM,-,1626684878750,
2021-07-19 10:55:55 AM,-,1626684878760,
2021-07-19 10:55:55 AM,-,1626684878770,
2021-07-19 10:55:55 AM,-,1626684878780,
2021-07-19 10:55:55 AM,-,1626684878790,
2021-07-19 10:55:55 AM,-,1626684878800,
2021-07-19 10:55:55 AM,-,1626684878810,
2021-07-19 10:55:55 AM,-,1626684878820,
2021-07-19 10:55:55 AM,-,1626684878830,
2021-07-19 10:55:55 AM,-,1626684878840,
2021-07-19 10:55:55 AM,-,1626684878850,
2021-07-19 10:55:55 AM,-,1626684878860,
2021-07-19 10:55:55 AM,-,1626684878870,
2021-07-19 10:55:55 AM,-,1626684878880,
2021-07-19 10:55:55 AM,-,1626684878890,
2021-07-19 10:55:55 AM,-,1626684878900,
2021-07-19 10:55:55 AM,-,1626684878910,
2021-07-19 10:55:55 AM,-,1626684878920,
2021-07-19 10:55:55 AM,-,1626684878930,
2021-07-19 10:55:55 AM,-,1626684878940,
2021-07-19 10:55:55 AM,-,1626684878950,
2021-07-19 10:55:55 AM,-,1626684878960,
2021-07-19 10:55:55 AM,-,1626684878970,
2021-07-19 10:55:55 AM,-,1626684878980,
2021-07-19 10:55:55 AM,-,1626684878990,
2021-07-19 10:56:40 AM,-,1626684892000,
2021-07-19 10:56:40 AM,-,1626684892010,
2021-07-19 10:56:40 AM,-,1626684892020,
2021-07-19 10:56:40 AM,-,1626684892030,
2021-07-19 10:56:40 AM,-,1626684892040,
2021-07-19 10:56:40 AM,-,1626684892050,
2021-07-19 10:56:40 AM,-,1626684892060,
2021-07-19 10:56:40 AM,-,1626684892070,
2021-07-19 10:56:40 AM,-,1626684892080,
2021-07-19 10:56:40 AM,-,1626684892090,
2021-07-19 10:56:40 AM,-,1626684892100,
2021-07-19 10:56:40 AM,-,1626684892110,
2021-07-19 10:56:40 AM,-,1626684892120,
2021-07-19 10:56:40 AM,-,1626684892130,
2021-07-19 10:56:40 AM,-,1626684892140,
2021-07-19 10:56:40 AM,-,1626684892150,
2021-07-19 10:56:40 AM,-,1626684892160,
2021-07-19 10:56:40 AM,-,1626684892170,
2021-07-19 10:56:40 AM,-,1626684892180,
2021-07-19 10:56:40 AM,-,1626684892190,
2021-07-19 10:56:40 AM,-,1626684892200,
2021-07-19 10:56:40 AM,-,1626684892210,
2021-07-19 10:56:40 AM,-,1626684892220,
2021-07-19 10:56:40 AM,-,1626684892230,
2021-07-19 10:56:40 AM,-,1626684892240,
2021-07-19 10:56:40 AM,-,1626684892250,
2021-07-19 10:56:40 AM,-,1626684892260,
2021-07-19 10:56:40 AM,-,1626684892270,
2021-07-19 10:56:40 AM,-,1626684892280,
2021-07-19 10:56:40 AM,-,1626684892290,
2021-07-19 10:56:40 AM,-,1626684892300,
2021-07-19 10:56:40 AM,-,1626684892310,
2021-07-19 10:56:40 AM,-,1626684892320,
2021-07-19 10:56:40 AM,-,1626684892330,
2021-07-19 10:56:40 AM,-,1626684892340,
2021-07-19 10:56:40 AM,-,1626684892350,
2021-07-19 10:56:40 AM,-,1626684892360,
2021-07-19 10:56:40 AM,-,1626684892370,
2021-07-19 10:56:40 AM,-,1626684892380,
2021-07-19 10:56:40 AM,-,1626684892390,
2021-07-19 10:56:40 AM,-,1626684892400,
2021-07-19 10:56:40 AM,-,1626684892410,
2021-07-19 10:56:40 AM,-,1626684892420,
2021-07-19 10:56:40 AM,-,1626684892430,
2021-07-19 10:56:40 AM,-,1626684892440,
2021-07-19 10:56:40 AM,-,1626684892450,
2021-07-19 10:56:40 AM,-,1626684892460,
2021-07-19 10:56:40 AM,-,1626684892470,
2021-07-19 10:56:40 AM,-,1626684892480,
2021-07-19 10:56:40 AM,-,1626684892490,
2021-07-19 10:56:40 AM,-,1626684892500,
2021-07-19 10:56:40 AM,-,1626684892510,
2021-07-19 10:56:40 AM,-,1626684892520,
2021-07-19 10:56:40 AM,-,1626684892530,
2021-07-19 10:56:40 AM,-,1626684892540,
2021-07-19 10:56:40 AM,-,1626684892550,
2021-07-19 10:56:40 AM,-,1626684892560,
2021-07-19 10:56:40 AM,-,1626684892570,
2021-07-19 10:56:40 AM,-,1626684892580,
2021-07-19 10:56:40 AM,-,1626684892590,
2021-07-19 10:56:40 AM,-,1626684892600,
2021-07-19 10:56:40 AM,-,1626684892610,
2021-07-19 10:56:40 AM,-,1626684892620,
2021-07-19 10:56:40 AM,-,1626684892630,
2021-07-19 10:56:40 AM,-,1626684892640,
2021-07-19 10:56:40 AM,-,1626684892650,
2021-07-19 10:56:40 AM,-,1626684892660,
2021-07-19 10:56:40 AM,-,1626684892670,
2021-07-19 10:56:40 AM,-,1626684892680,
2021-07-19 10:56:40 AM,-,1626684892690,
2021-07-19 10:56:40 AM,-,1626684892700,
2021-07-19 10:56:40 AM,-,1626684892710,
2021-07-19 10:56:40 AM,-,1626684892720,
2021-07-19 10:56:40 AM,-,1626684892730,
2021-07-19 10:56:40 AM,-,1626684892740,
2021-07-19 10:56:40 AM,-,1626684892750,
2021-07-19 10:56:40 AM,-,1626684892760,
2021-07-19 10:56:40 AM,-,1626684892770,
2021-07-19 10:56:40 AM,-,1626684892780,
2021-07-19 10:56:40 AM,-,1626684892790,
2021-07-19 10:56:40 AM,-,1626684892800,
2021-07-19 10:56:40 AM,-,1626684892810,
2021-07-19 10:56:40 AM,-,1626684892820,
2021-07-19 10:56:40 AM,-,1626684892830,
2021-07-19 10:56:40 AM,-,1626684892840,
2021-07-19 10:56:40 AM,-,1626684892850,
2021-07-19 10:56:40 AM,-,1626684892860,
2021-07-19 10:56:40 AM,-,1626684892870,
2021-07-19 10:56:40 AM,-,1626684892880,
2021-07-19 10:56:40 AM,-,1626684892890,
2021-07-19 10:56:40 AM,-,1626684892900,
2021-07-19 10:56:40 AM,-,1626684892910,
2021-07-19 10:56:40 AM,-,1626684892920,
2021-07-19 10:56:40 AM,-,1626684892930,
2021-07-19 10:56:40 AM,-,1626684892940,
2021-07-19 10:56:40 AM,-,1626684892950,
2021-07-19 10:56:40 AM,-,1626684892960,
2021-07-19 10:56:40 AM,-,1626684892970,
2021-07-19 10:56:40 AM,-,1626684892980,
2021-07-19 10:56:40 AM,-,1626684892990,
2021-07-19 10:56:41 AM,-,1626684892000,
2021-07-19 10:56:41 AM,-,1626684892010,
2021-07-19 10:56:41 AM,-,1626684892020,
2021-07-19 10:56:41 AM,-,1626684892030,
2021-07-19 10:56:41 AM,-,1626684892040,
2021-07-19 10:56:41 AM,-,1626684892050,
2021-07-19 10:56:41 AM,-,1626684892060,
2021-07-19 10:56:41 AM,-,1626684892070,
2021-07-19 10:56:41 AM,-,1626684892080,
2021-07-19 10:56:41 AM,-,1626684892090,
2021-07-19 10:56:41 AM,-,1626684892100,
2021-07-19 10:56:41 AM,-,1626684892110,
2021-07-19 10:56:41 AM,-,1626684892120,
2021-07-19 10:56:41 AM,-,1626684892130,
2021-07-19 10:56:41 AM,-,1626684892140,
2021-07-19 10:56:41 AM,-,1626684892150,
2021-07-19 10:56:41 AM,-,1626684892160,
2021-07-19 10:56:41 AM,-,1626684892170,
2021-07-19 10:56:41 AM,-,1626684892180,
2021-07-19 10:56:41 AM,-,1626684892190,
2021-07-19 10:56:41 AM,-,1626684892200,
2021-07-19 10:56:41 AM,-,1626684892210,
2021-07-19 10:56:41 AM,-,1626684892220,
2021-07-19 10:56:41 AM,-,1626684892230,
2021-07-19 10:56:41 AM,-,1626684892240,
2021-07-19 10:56:41 AM,-,1626684892250,
2021-07-19 10:56:41 AM,-,1626684892260,
2021-07-19 10:56:41 AM,-,1626684892270,
2021-07-19 10:56:41 AM,-,1626684892280,
2021-07-19 10:56:41 AM,-,1626684892290,
2021-07-19 10:56:41 AM,-,1626684892300,
2021-07-19 10:56:41 AM,-,1626684892310,
2021-07-19 10:56:41 AM,-,1626684892320,
2021-07-19 10:56:41 AM,-,1626684892330,
2021-07-19 10:56:41 AM,-,1626684892340,
2021-07-19 10:56:41 AM,-,1626684892350,
2021-07-19 10:56:41 AM,-,1626684892360,
2021-07-19 10:56:41 AM,-,1626684892370,
2021-07-19 10:56:41 AM,-,1626684892380,
2021-07-19 10:56:41 AM,-,1626684892390,
2021-07-19 10:56:41 AM,-,1626684892400,
2021-07-19 10:56:41 AM,-,1626684892410,
2021-07-19 10:56:41 AM,-,1626684892420,
2021-07-19 10:56:41 AM,-,1626684892430,
2021-07-19 10:56:41 AM,-,1626684892440,
2021-07-19 10:56:41 AM,-,1626684892450,
2021-07-19 10:56:41 AM,-,1626684892460,
2021-07-19 10:56:41 AM,-,1626684892470,
2021-07-19 10:56:41 AM,-,1626684892480,
2021-07-19 10:56:41 AM,-,1626684892490,
2021-07-19 10:56:41 AM,-,1626684892500,
2021-07-19 10:56:41 AM,-,1626684892510,
2021-07-19 10:56:41 AM,-,1626684892520,
2021-07-19 10:56:41 AM,-,1626684892530,
2021-07-19 10:56:41 AM,-,1626684892540,
2021-07-19 10:56:41 AM,-,1626684892550,
2021-07-19 10:56:41 AM,-,1626684892560,
2021-07-19 10:56:41 AM,-,1626684892570,
2021-07-19 10:56:41 AM,-,1626684892580,
2021-07-19 10:56:41 AM,-,1626684892590,
2021-07-19 10:56:41 AM,-,1626684892600,
2021-07-19 10:56:41 AM,-,1626684892610,
2021-07-19 10:56:41 AM,-,1626684892620,
2021-07-19 10:56:41 AM,-,1626684892630,
2021-07-19 10:56:41 AM,-,1626684892640,
2021-07-19 10:56:41 AM,-,1626684892650,
2021-07-19 10:56:41 AM,-,1626684892660,
2021-07-19 10:56:41 AM,-,1626684892670,
2021-07-19 10:56:41 AM,-,1626684892680,
2021-07-19 10:56:41 AM,-,1626684892690,
2021-07-19 10:56:41 AM,-,1626684892700,
2021-07-19 10:56:41 AM,-,1626684892710,
2021-07-19 10:56:41 AM,-,1626684892720,
2021-07-19 10:56:41 AM,-,1626684892730,
2021-07-19 10:56:41 AM,-,1626684892740,
2021-07-19 10:56:41 AM,-,1626684892750,
2021-07-19 10:56:41 AM,-,1626684892760,
2021-07-19 10:56:41 AM,-,1626684892770,
2021-07-19 10:56:41 AM,-,1626684892780,
2021-07-19 10:56:41 AM,-,1626684892790,
2021-07-19 10:56:41 AM,-,1626684892800,
2021-07-19 10:56:41 AM,-,1626684892810,
2021-07-19 10:56:41 AM,-,1626684892820,
2021-07-19 10:56:41 AM,-,1626684892830,
2021-07-19 10:56:41 AM,-,1626684892840,
2021-07-19 10:56:41 AM,-,1626684892850,
2021-07-19 10:56:41 AM,-,1626684892860,
2021-07-19 10:56:41 AM,-,1626684892870,
2021-07-19 10:56:41 AM,-,1626684892880,
2021-07-19 10:56:41 AM,-,1626684892890,
2021-07-19 10:56:41 AM,-,1626684892900,
2021-07-19 10:56:41 AM,-,1626684892910,
2021-07-19 10:56:41 AM,-,1626684892920,
2021-07-19 10:56:41 AM,-,1626684892930,
2021-07-19 10:56:41 AM,-,1626684892940,
2021-07-19 10:56:41 AM,-,1626684892950,
2021-07-19 10:56:41 AM,-,1626684892960,
2021-07-19 10:56:41 AM,-,1626684892970,
2021-07-19 10:56:41 AM,-,1626684892980,
2021-07-19 10:56:41 AM,-,1626684892990,
2021-07-19 10:56:42 AM,-,1626684892000,
2021-07-19 10:56:42 AM,-,1626684892010,
2021-07-19 10:56:42 AM,-,1626684892020,
2021-07-19 10:56:42 AM,-,1626684892030,
2021-07-19 10:56:42 AM,-,1626684892040,
2021-07-19 10:56:42 AM,-,1626684892050,
2021-07-19 10:56:42 AM,-,1626684892060,
2021-07-19 10:56:42 AM,-,1626684892070,
2021-07-19 10:56:42 AM,-,1626684892080,
2021-07-19 10:56:42 AM,-,1626684892090,
2021-07-19 10:56:42 AM,-,1626684892100,
2021-07-19 10:56:42 AM,-,1626684892110,
2021-07-19 10:56:42 AM,-,1626684892120,
2021-07-19 10:56:42 AM,-,1626684892130,
2021-07-19 10:56:42 AM,-,1626684892140,
2021-07-19 10:56:42 AM,-,1626684892150,
2021-07-19 10:56:42 AM,-,1626684892160,
2021-07-19 10:56:42 AM,-,1626684892170,
2021-07-19 10:56:42 AM,-,1626684892180,
2021-07-19 10:56:42 AM,-,1626684892190,
2021-07-19 10:56:42 AM,-,1626684892200,
2021-07-19 10:56:42 AM,-,1626684892210,
2021-07-19 10:56:42 AM,-,1626684892220,
2021-07-19 10:56:42 AM,-,1626684892230,
2021-07-19 10:56:42 AM,-,1626684892240,
2021-07-19 10:56:42 AM,-,1626684892250,
2021-07-19 10:56:42 AM,-,1626684892260,
2021-07-19 10:56:42 AM,-,1626684892270,
2021-07-19 10:56:42 AM,-,1626684892280,
2021-07-19 10:56:42 AM,-,1626684892290,
2021-07-19 10:56:42 AM,-,1626684892300,
2021-07-19 10:56:42 AM,-,1626684892310,
2021-07-19 10:56:42 AM,-,1626684892320,
2021-07-19 10:56:42 AM,-,1626684892330,
2021-07-19 10:56:42 AM,-,1626684892340,
2021-07-19 10:56:42 AM,-,1626684892350,
2021-07-19 10:56:42 AM,-,1626684892360,
2021-07-19 10:56:42 AM,-,1626684892370,
2021-07-19 10:56:42 AM,-,1626684892380,
2021-07-19 10:56:42 AM,-,1626684892390,
2021-07-19 10:56:42 AM,-,1626684892400,
2021-07-19 10:56:42 AM,-,1626684892410,
2021-07-19 10:56:42 AM,-,1626684892420,
2021-07-19 10:56:42 AM,-,1626684892430,
2021-07-19 10:56:42 AM,-,1626684892440,
2021-07-19 10:56:42 AM,-,1626684892450,
2021-07-19 10:56:42 AM,-,1626684892460,
2021-07-19 10:56:42 AM,-,1626684892470,
2021-07-19 10:56:42 AM,-,1626684892480,
2021-07-19 10:56:42 AM,-,1626684892490,
2021-07-19 10:56:42 AM,-,1626684892500,
2021-07-19 10:56:42 AM,-,1626684892510,
2021-07-19 10:56:42 AM,-,1626684892520,
2021-07-19 10:56:42 AM,-,1626684892530,
2021-07-19 10:56:42 AM,-,1626684892540,
2021-07-19 10:56:42 AM,-,1626684892550,
2021-07-19 10:56:42 AM,-,1626684892560,
2021-07-19 10:56:42 AM,-,1626684892570,
2021-07-19 10:56:42 AM,-,1626684892580,
2021-07-19 10:56:42 AM,-,1626684892590,
2021-07-19 10:56:42 AM,-,1626684892600,
2021-07-19 10:56:42 AM,-,1626684892610,
2021-07-19 10:56:42 AM,-,1626684892620,
2021-07-19 10:56:42 AM,-,1626684892630,
2021-07-19 10:56:42 AM,-,1626684892640,
2021-07-19 10:56:42 AM,-,1626684892650,
2021-07-19 10:56:42 AM,-,1626684892660,
2021-07-19 10:56:42 AM,-,1626684892670,
2021-07-19 10:56:42 AM,-,1626684892680,
2021-07-19 10:56:42 AM,-,1626684892690,
2021-07-19 10:56:42 AM,-,1626684892700,
2021-07-19 10:56:42 AM,-,1626684892710,
2021-07-19 10:56:42 AM,-,1626684892720,
2021-07-19 10:56:42 AM,-,1626684892730,
2021-07-19 10:56:42 AM,-,1626684892740,
2021-07-19 10:56:42 AM,-,1626684892750,
2021-07-19 10:56:42 AM,-,1626684892760,
2021-07-19 10:56:42 AM,-,1626684892770,
2021-07-19 10:56:42 AM,-,1626684892780,
2021-07-19 10:56:42 AM,-,1626684892790,
2021-07-19 10:56:42 AM,-,1626684892800,
2021-07-19 10:56:42 AM,-,1626684892810,
2021-07-19 10:56:42 AM,-,1626684892820,
2021-07-19 10:56:42 AM,-,1626684892830,
2021-07-19 10:56:42 AM,-,1626684892840,
2021-07-19 10:56:42 AM,-,1626684892850,
2021-07-19 10:56:42 AM,-,1626684892860,
2021-07-19 10:56:42 AM,-,1626684892870,
2021-07-19 10:56:42 AM,-,1626684892880,
2021-07-19 10:56:42 AM,-,1626684892890,
2021-07-19 10:56:42 AM,-,1626684892900,
2021-07-19 10:56:42 AM,-,1626684892910,
2021-07-19 10:56:42 AM,-,1626684892920,
2021-07-19 10:56:42 AM,-,1626684892930,
2021-07-19 10:56:42 AM,-,1626684892940,
2021-07-19 10:56:42 AM,-,1626684892950,
2021-07-19 10:56:42 AM,-,1626684892960,
2021-07-19 10:56:42 AM,-,1626684892970,
2021-07-19 10:56:42 AM,-,1626684892980,
2021-07-19 10:56:42 AM,-,1626684892990,
2021-07-19 10:56:43 AM,-,1626684892000,
2021-07-19 10:56:43 AM,-,1626684892010,
2021-07-19 10:56:43 AM,-,1626684892020,
2021-07-19 10:56:43 AM,-,1626684892030,
2021-07-19 10:56:43 AM,-,1626684892040,
2021-07-19 10:56:43 AM,-,1626684892050,
2021-07-19 10:56:43 AM,-,1626684892060,
2021-07-19 10:56:43 AM,-,1626684892070,
2021-07-19 10:56:43 AM,-,1626684892080,
2021-07-19 10:56:43 AM,-,1626684892090,
2021-07-19 10:56:43 AM,-,1626684892100,
2021-07-19 10:56:43 AM,-,1626684892110,
2021-07-19 10:56:43 AM,-,1626684892120,
2021-07-19 10:56:43 AM,-,1626684892130,
2021-07-19 10:56:43 AM,-,1626684892140,
2021-07-19 10:56:43 AM,-,1626684892150,
2021-07-19 10:56:43 AM,-,1626684892160,
2021-07-19 10:56:43 AM,-,1626684892170,
2021-07-19 10:56:43 AM,-,1626684892180,
2021-07-19 10:56:43 AM,-,1626684892190,
2021-07-19 10:56:43 AM,-,1626684892200,
2021-07-19 10:56:43 AM,-,1626684892210,
2021-07-19 10:56:43 AM,-,1626684892220,
2021-07-19 10:56:43 AM,-,1626684892230,
2021-07-19 10:56:43 AM,-,1626684892240,
2021-07-19 10:56:43 AM,-,1626684892250,
2021-07-19 10:56:43 AM,-,1626684892260,
2021-07-19 10:56:43 AM,-,1626684892270,
2021-07-19 10:56:43 AM,-,1626684892280,
2021-07-19 10:56:43 AM,-,1626684892290,
2021-07-19 10:56:43 AM,-,1626684892300,
2021-07-19 10:56:43 AM,-,1626684892310,
2021-07-19 10:56:43 AM,-,1626684892320,
2021-07-19 10:56:43 AM,-,1626684892330,
2021-07-19 10:56:43 AM,-,1626684892340,
2021-07-19 10:56:43 AM,-,1626684892350,
2021-07-19 10:56:43 AM,-,1626684892360,
2021-07-19 10:56:43 AM,-,1626684892370,
2021-07-19 10:56:43 AM,-,1626684892380,
2021-07-19 10:56:43 AM,-,1626684892390,
2021-07-19 10:56:43 AM,-,1626684892400,
2021-07-19 10:56:43 AM,-,1626684892410,
2021-07-19 10:56:43 AM,-,1626684892420,
2021-07-19 10:56:43 AM,-,1626684892430,
2021-07-19 10:56:43 AM,-,1626684892440,
2021-07-19 10:56:43 AM,-,1626684892450,
2021-07-19 10:56:43 AM,-,1626684892460,
2021-07-19 10:56:43 AM,-,1626684892470,
2021-07-19 10:56:43 AM,-,1626684892480,
2021-07-19 10:56:43 AM,-,1626684892490,
2021-07-19 10:56:43 AM,-,1626684892500,
2021-07-19 10:56:43 AM,-,1626684892510,
2021-07-19 10:56:43 AM,-,1626684892520,
2021-07-19 10:56:43 AM,-,1626684892530,
2021-07-19 10:56:43 AM,-,1626684892540,
2021-07-19 10:56:43 AM,-,1626684892550,
2021-07-19 10:56:43 AM,-,1626684892560,
2021-07-19 10:56:43 AM,-,1626684892570,
2021-07-19 10:56:43 AM,-,1626684892580,
2021-07-19 10:56:43 AM,-,1626684892590,
2021-07-19 10:56:43 AM,-,1626684892600,
2021-07-19 10:56:43 AM,-,1626684892610,
2021-07-19 10:56:43 AM,-,1626684892620,
2021-07-19 10:56:43 AM,-,1626684892630,
2021-07-19 10:56:43 AM,-,1626684892640,
2021-07-19 10:56:43 AM,-,1626684892650,
2021-07-19 10:56:43 AM,-,1626684892660,
2021-07-19 10:56:43 AM,-,1626684892670,
2021-07-19 10:56:43 AM,-,1626684892680,
2021-07-19 10:56:43 AM,-,1626684892690,
2021-07-19 10:56:43 AM,-,1626684892700,
2021-07-19 10:56:43 AM,-,1626684892710,
2021-07-19 10:56:43 AM,-,1626684892720,
2021-07-19 10:56:43 AM,-,1626684892730,
2021-07-19 10:56:43 AM,-,1626684892740,
2021-07-19 10:56:43 AM,-,1626684892750,
2021-07-19 10:56:43 AM,-,1626684892760,
2021-07-19 10:56:43 AM,-,1626684892770,
2021-07-19 10:56:43 AM,-,1626684892780,
2021-07-19 10:56:43 AM,-,1626684892790,
2021-07-19 10:56:43 AM,-,1626684892800,
2021-07-19 10:56:43 AM,-,1626684892810,
2021-07-19 10:56:43 AM,-,1626684892820,
2021-07-19 10:56:43 AM,-,1626684892830,
2021-07-19 10:56:43 AM,-,1626684892840,
2021-07-19 10:56:43 AM,-,1626684892850,
2021-07-19 10:56:43 AM,-,1626684892860,
2021-07-19 10:56:43 AM,-,1626684892870,
2021-07-19 10:56:43 AM,-,1626684892880,
2021-07-19 10:56:43 AM,-,1626684892890,
2021-07-19 10:56:43 AM,-,1626684892900,
2021-07-19 10:56:43 AM,-,1626684892910,
2021-07-19 10:56:43 AM,-,1626684892920,
2021-07-19 10:56:43 AM,-,1626684892930,
2021-07-19 10:56:43 AM,-,1626684892940,
2021-07-19 10:56:43 AM,-,1626684892950,
2021-07-19 10:56:43 AM,-,1626684892960,
2021-07-19 10:56:43 AM,-,1626684892970,
2021-07-19 10:56:43 AM,-,1626684892980,
2021-07-19 10:56:43 AM,-,1626684892990,
2021-07-19 10:56:44 AM,-,1626684892000,
2021-07-19 10:56:44 AM,-,1626684892010,
2021-07-19 10:56:44 AM,-,1626684892020,
2021-07-19 10:56:44 AM,-,1626684892030,
2021-07-19 10:56:44 AM,-,1626684892040,
2021-07-19 10:56:44 AM,-,1626684892050,
2021-07-19 10:56:44 AM,-,1626684892060,
2021-07-19 10:56:44 AM,-,1626684892070,
2021-07-19 10:56:44 AM,-,1626684892080,
2021-07-19 10:56:44 AM,-,1626684892090,
2021-07-19 10:56:44 AM,-,1626684892100,
2021-07-19 10:56:44 AM,-,1626684892110,
2021-07-19 10:56:44 AM,-,1626684892120,
2021-07-19 10:56:44 AM,-,1626684892130,
2021-07-19 10:56:44 AM,-,1626684892140,
2021-07-19 10:56:44 AM,-,1626684892150,
2021-07-19 10:56:44 AM,-,1626684892160,
2021-07-19 10:56:44 AM,-,1626684892170,
2021-07-19 10:56:44 AM,-,1626684892180,
2021-07-19 10:56:44 AM,-,1626684892190,
2021-07-19 10:56:44 AM,-,1626684892200,
2021-07-19 10:56:44 AM,-,1626684892210,
2021-07-19 10:56:44 AM,-,1626684892220,
2021-07-19 10:56:44 AM,-,1626684892230,
2021-07-19 10:56:44 AM,-,1626684892240,
2021-07-19 10:56:44 AM,-,1626684892250,
2021-07-19 10:56:44 AM,-,1626684892260,
2021-07-19 10:56:44 AM,-,1626684892270,
2021-07-19 10:56:44 AM,-,1626684892280,
2021-07-19 10:56:44 AM,-,1626684892290,
2021-07-19 10:56:44 AM,-,1626684892300,
2021-07-19 10:56:44 AM,-,1626684892310,
2021-07-19 10:56:44 AM,-,1626684892320,
2021-07-19 10:56:44 AM,-,1626684892330,
2021-07-19 10:56:44 AM,-,1626684892340,
2021-07-19 10:56:44 AM,-,1626684892350,
2021-07-19 10:56:44 AM,-,1626684892360,
2021-07-19 10:56:44 AM,-,1626684892370,
2021-07-19 10:56:44 AM,-,1626684892380,
2021-07-19 10:56:44 AM,-,1626684892390,
2021-07-19 10:56:44 AM,-,1626684892400,
2021-07-19 10:56:44 AM,-,1626684892410,
2021-07-19 10:56:44 AM,-,1626684892420,
2021-07-19 10:56:44 AM,-,1626684892430,
2021-07-19 10:56:44 AM,-,1626684892440,
2021-07-19 10:56:44 AM,-,1626684892450,
2021-07-19 10:56:44 AM,-,1626684892460,
2021-07-19 10:56:44 AM,-,1626684892470,
2021-07-19 10:56:44 AM,-,1626684892480,
2021-07-19 10:56:44 AM,-,1626684892490,
2021-07-19 10:56:44 AM,-,1626684892500,
2021-07-19 10:56:44 AM,-,1626684892510,
2021-07-19 10:56:44 AM,-,1626684892520,
2021-07-19 10:56:44 AM,-,1626684892530,
2021-07-19 10:56:44 AM,-,1626684892540,
2021-07-19 10:56:44 AM,-,1626684892550,
2021-07-19 10:56:44 AM,-,1626684892560,
2021-07-19 10:56:44 AM,-,1626684892570,
2021-07-19 10:56:44 AM,-,1626684892580,
2021-07-19 10:56:44 AM,-,1626684892590,
2021-07-19 10:56:44 AM,-,1626684892600,
2021-07-19 10:56:44 AM,-,1626684892610,
2021-07-19 10:56:44 AM,-,1626684892620,
2021-07-19 10:56:44 AM,-,1626684892630,
2021-07-19 10:56:44 AM,-,1626684892640,
2021-07-19 10:56:44 AM,-,1626684892650,
2021-07-19 10:56:44 AM,-,1626684892660,
2021-07-19 10:56:44 AM,-,1626684892670,
2021-07-19 10:56:44 AM,-,1626684892680,
2021-07-19 10:56:44 AM,-,1626684892690,
2021-07-19 10:56:44 AM,-,1626684892700,
2021-07-19 10:56:44 AM,-,1626684892710,
2021-07-19 10:56:44 AM,-,1626684892720,
2021-07-19 10:56:44 AM,-,1626684892730,
2021-07-19 10:56:44 AM,-,1626684892740,
2021-07-19 10:56:44 AM,-,1626684892750,
2021-07-19 10:56:44 AM,-,1626684892760,
2021-07-19 10:56:44 AM,-,1626684892770,
2021-07-19 10:56:44 AM,-,1626684892780,
2021-07-19 10:56:44 AM,-,1626684892790,
2021-07-19 10:56:44 AM,-,1626684892800,
2021-07-19 10:56:44 AM,-,1626684892810,
2021-07-19 10:56:44 AM,-,1626684892820,
2021-07-19 10:56:44 AM,-,1626684892830,
2021-07-19 10:56:44 AM,-,1626684892840,
2021-07-19 10:56:44 AM,-,1626684892850,
2021-07-19 10:56:44 AM,-,1626684892860,
2021-07-19 10:56:44 AM,-,1626684892870,
2021-07-19 10:56:44 AM,-,1626684892880,
2021-07-19 10:56:44 AM,-,1626684892890,
2021-07-19 10:56:44 AM,-,1626684892900,
2021-07-19 10:56:44 AM,-,1626684892910,
2021-07-19 10:56:44 AM,-,1626684892920,
2021-07-19 10:56:44 AM,-,1626684892930,
2021-07-19 10:56:44 AM,-,1626684892940,
2021-07-19 10:56:44 AM,-,1626684892950,
2021-07-19 10:56:44 AM,-,1626684892960,
2021-07-19 10:56:44 AM,-,1626684892970,
2021-07-19 10:56:44 AM,-,1626684892980,
2021-07-19 10:56:44 AM,-,1626684892990,
2021-07-19 10:56:45 AM,-,1626684892000,
2021-07-19 10:56:45 AM,-,1626684892010,
2021-07-19 10:56:45 AM,-,1626684892020,
2021-07-19 10:56:45 AM,-,1626684892030,
2021-07-19 10:56:45 AM,-,1626684892040,
2021-07-19 10:56:45 AM,-,1626684892050,
2021-07-19 10:56:45 AM,-,1626684892060,
2021-07-19 10:56:45 AM,-,1626684892070,
2021-07-19 10:56:45 AM,-,1626684892080,
2021-07-19 10:56:45 AM,-,1626684892090,
2021-07-19 10:56:45 AM,-,1626684892100,
2021-07-19 10:56:45 AM,-,1626684892110,
2021-07-19 10:56:45 AM,-,1626684892120,
2021-07-19 10:56:45 AM,-,1626684892130,
2021-07-19 10:56:45 AM,-,1626684892140,
2021-07-19 10:56:45 AM,-,1626684892150,
2021-07-19 10:56:45 AM,-,1626684892160,
2021-07-19 10:56:45 AM,-,1626684892170,
2021-07-19 10:56:45 AM,-,1626684892180,
2021-07-19 10:56:45 AM,-,1626684892190,
2021-07-19 10:56:45 AM,-,1626684892200,
2021-07-19 10:56:45 AM,-,1626684892210,
2021-07-19 10:56:45 AM,-,1626684892220,
2021-07-19 10:56:45 AM,-,1626684892230,
2021-07-19 10:56:45 AM,-,1626684892240,
2021-07-19 10:56:45 AM,-,1626684892250,
2021-07-19 10:56:45 AM,-,1626684892260,
2021-07-19 10:56:45 AM,-,1626684892270,
2021-07-19 10:56:45 AM,-,1626684892280,
2021-07-19 10:56:45 AM,-,1626684892290,
2021-07-19 10:56:45 AM,-,1626684892300,
2021-07-19 10:56:45 AM,-,1626684892310,
2021-07-19 10:56:45 AM,-,1626684892320,
2021-07-19 10:56:45 AM,-,1626684892330,
2021-07-19 10:56:45 AM,-,1626684892340,
2021-07-19 10:56:45 AM,-,1626684892350,
2021-07-19 10:56:45 AM,-,1626684892360,
2021-07-19 10:56:45 AM,-,1626684892370,
2021-07-19 10:56:45 AM,-,1626684892380,
2021-07-19 10:56:45 AM,-,1626684892390,
2021-07-19 10:56:45 AM,-,1626684892400,
2021-07-19 10:56:45 AM,-,1626684892410,
2021-07-19 10:56:45 AM,-,1626684892420,
2021-07-19 10:56:45 AM,-,1626684892430,
2021-07-19 10:56:45 AM,-,1626684892440,
2021-07-19 10:56:45 AM,-,1626684892450,
2021-07-19 10:56:45 AM,-,1626684892460,
2021-07-19 10:56:45 AM,-,1626684892470,
2021-07-19 10:56:45 AM,-,1626684892480,
2021-07-19 10:56:45 AM,-,1626684892490,
2021-07-19 10:56:45 AM,-,1626684892500,
2021-07-19 10:56:45 AM,-,1626684892510,
2021-07-19 10:56:45 AM,-,1626684892520,
2021-07-19 10:56:45 AM,-,1626684892530,
2021-07-19 10:56:45 AM,-,1626684892540,
2021-07-19 10:56:45 AM,-,1626684892550,
2021-07-19 10:56:45 AM,-,1626684892560,
2021-07-19 10:56:45 AM,-,1626684892570,
2021-07-19 10:56:45 AM,-,1626684892580,
2021-07-19 10:56:45 AM,-,1626684892590,
2021-07-19 10:56:45 AM,-,1626684892600,
2021-07-19 10:56:45 AM,-,1626684892610,
2021-07-19 10:56:45 AM,-,1626684892620,
2021-07-19 10:56:45 AM,-,1626684892630,
2021-07-19 10:56:45 AM,-,1626684892640,
2021-07-19 10:56:45 AM,-,1626684892650,
2021-07-19 10:56:45 AM,-,1626684892660,
2021-07-19 10:56:45 AM,-,1626684892670,
2021-07-19 10:56:45 AM,-,1626684892680,
2021-07-19 10:56:45 AM,-,1626684892690,
2021-07-19 10:56:45 AM,-,1626684892700,
2021-07-19 10:56:45 AM,-,1626684892710,
2021-07-19 10:56:45 AM,-,1626684892720,
2021-07-19 10:56:45 AM,-,1626684892730,
2021-07-19 10:56:45 AM,-,1626684892740,
2021-07-19 10:56:45 AM,-,1626684892750,
2021-07-19 10:56:45 AM,-,1626684892760,
2021-07-19 10:56:45 AM,-,1626684892770,
2021-07-19 10:56:45 AM,-,1626684892780,
2021-07-19 10:56:45 AM,-,1626684892790,
2021-07-19 10:56:45 AM,-,1626684892800,
2021-07-19 10:56:45 AM,-,1626684892810,
2021-07-19 10:56:45 AM,-,1626684892820,
2021-07-19 10:56:45 AM,-,1626684892830,
2021-07-19 10:56:45 AM,-,1626684892840,
2021-07-19 10:56:45 AM,-,1626684892850,
2021-07-19 10:56:45 AM,-,1626684892860,
2021-07-19 10:56:45 AM,-,1626684892870,
2021-07-19 10:56:45 AM,-,1626684892880,
2021-07-19 10:56:45 AM,-,1626684892890,
2021-07-19 10:56:45 AM,-,1626684892900,
2021-07-19 10:56:45 AM,-,1626684892910,
2021-07-19 10:56:45 AM,-,1626684892920,
2021-07-19 10:56:45 AM,-,1626684892930,
2021-07-19 10:56:45 AM,-,1626684892940,
2021-07-19 10:56:45 AM,-,1626684892950,
2021-07-19 10:56:45 AM,-,1626684892960,
2021-07-19 10:56:45 AM,-,1626684892970,
2021-07-19 10:56:45 AM,-,1626684892980,
2021-07-19 10:56:45 AM,-,1626684892990,
2021-07-19 10:56:46 AM,-,1626684892000,
2021-07-19 10:56:46 AM,-,1626684892010,
2021-07-19 10:56:46 AM,-,1626684892020,
2021-07-19 10:56:46 AM,-,1626684892030,
2021-07-19 10:56:46 AM,-,1626684892040,
2021-07-19 10:56:46 AM,-,1626684892050,
2021-07-19 10:56:46 AM,-,1626684892060,
2021-07-19 10:56:46 AM,-,1626684892070,
2021-07-19 10:56:46 AM,-,1626684892080,
2021-07-19 10:56:46 AM,-,1626684892090,
2021-07-19 10:56:46 AM,-,1626684892100,
2021-07-19 10:56:46 AM,-,1626684892110,
2021-07-19 10:56:46 AM,-,1626684892120,
2021-07-19 10:56:46 AM,-,1626684892130,
2021-07-19 10:56:46 AM,-,1626684892140,
2021-07-19 10:56:46 AM,-,1626684892150,
2021-07-19 10:56:46 AM,-,1626684892160,
2021-07-19 10:56:46 AM,-,1626684892170,
2021-07-19 10:56:46 AM,-,1626684892180,
2021-07-19 10:56:46 AM,-,1626684892190,
2021-07-19 10:56:46 AM,-,1626684892200,
2021-07-19 10:56:46 AM,-,1626684892210,
2021-07-19 10:56:46 AM,-,1626684892220,
2021-07-19 10:56:46 AM,-,1626684892230,
2021-07-19 10:56:46 AM,-,1626684892240,
2021-07-19 10:56:46 AM,-,1626684892250,
2021-07-19 10:56:46 AM,-,1626684892260,
2021-07-19 10:56:46 AM,-,1626684892270,
2021-07-19 10:56:46 AM,-,1626684892280,
2021-07-19 10:56:46 AM,-,1626684892290,
2021-07-19 10:56:46 AM,-,1626684892300,
2021-07-19 10:56:46 AM,-,1626684892310,
2021-07-19 10:56:46 AM,-,1626684892320,
2021-07-19 10:56:46 AM,-,1626684892330,
2021-07-19 10:56:46 AM,-,1626684892340,
2021-07-19 10:56:46 AM,-,1626684892350,
2021-07-19 10:56:46 AM,-,1626684892360,
2021-07-19 10:56:46 AM,-,1626684892370,
2021-07-19 10:56:46 AM,-,1626684892380,
2021-07-19 10:56:46 AM,-,1626684892390,
2021-07-19 10:56:46 AM,-,1626684892400,
2021-07-19 10:56:46 AM,-,1626684892410,
2021-07-19 10:56:46 AM,-,1626684892420,
2021-07-19 10:56:46 AM,-,1626684892430,
2021-07-19 10:56:46 AM,-,1626684892440,
2021-07-19 10:56:46 AM,-,1626684892450,
2021-07-19 10:56:46 AM,-,1626684892460,
2021-07-19 10:56:46 AM,-,1626684892470,
2021-07-19 10:56:46 AM,-,1626684892480,
2021-07-19 10:56:46 AM,-,1626684892490,
2021-07-19 10:56:46 AM,-,1626684892500,
2021-07-19 10:56:46 AM,-,1626684892510,
2021-07-19 10:56:46 AM,-,1626684892520,
2021-07-19 10:56:46 AM,-,1626684892530,
2021-07-19 10:56:46 AM,-,1626684892540,
2021-07-19 10:56:46 AM,-,1626684892550,
2021-07-19 10:56:46 AM,-,1626684892560,
2021-07-19 10:56:46 AM,-,1626684892570,
2021-07-19 10:56:46 AM,-,1626684892580,
2021-07-19 10:56:46 AM,-,1626684892590,
2021-07-19 10:56:46 AM,-,1626684892600,
2021-07-19 10:56:46 AM,-,1626684892610,
2021-07-19 10:56:46 AM,-,1626684892620,
2021-07-19 10:56:46 AM,-,1626684892630,
2021-07-19 10:56:46 AM,-,1626684892640,
2021-07-19 10:56:46 AM,-,1626684892650,
2021-07-19 10:56:46 AM,-,1626684892660,
2021-07-19 10:56:46 AM,-,1626684892670,
2021-07-19 10:56:46 AM,-,1626684892680,
2021-07-19 10:56:46 AM,-,1626684892690,
2021-07-19 10:56:46 AM,-,1626684892700,
2021-07-19 10:56:46 AM,-,1626684892710,
2021-07-19 10:56:46 AM,-,1626684892720,
2021-07-19 10:56:46 AM,-,1626684892730,
2021-07-19 10:56:46 AM,-,1626684892740,
2021-07-19 10:56:46 AM,-,1626684892750,
2021-07-19 10:56:46 AM,-,1626684892760,
2021-07-19 10:56:46 AM,-,1626684892770,
2021-07-19 10:56:46 AM,-,1626684892780,
2021-07-19 10:56:46 AM,-,1626684892790,
2021-07-19 10:56:46 AM,-,1626684892800,
2021-07-19 10:56:46 AM,-,1626684892810,
2021-07-19 10:56:46 AM,-,1626684892820,
2021-07-19 10:56:46 AM,-,1626684892830,
2021-07-19 10:56:46 AM,-,1626684892840,
2021-07-19 10:56:46 AM,-,1626684892850,
2021-07-19 10:56:46 AM,-,1626684892860,
2021-07-19 10:56:46 AM,-,1626684892870,
2021-07-19 10:56:46 AM,-,1626684892880,
2021-07-19 10:56:46 AM,-,1626684892890,
2021-07-19 10:56:46 AM,-,1626684892900,
2021-07-19 10:56:46 AM,-,1626684892910,
2021-07-19 10:56:46 AM,-,1626684892920,
2021-07-19 10:56:46 AM,-,1626684892930,
2021-07-19 10:56:46 AM,-,1626684892940,
2021-07-19 10:56:46 AM,-,1626684892950,
2021-07-19 10:56:46 AM,-,1626684892960,
2021-07-19 10:56:46 AM,-,1626684892970,
2021-07-19 10:56:46 AM,-,1626684892980,
2021-07-19 10:56:46 AM,-,1626684892990,
2021-07-19 10:56:47 AM,-,1626684893000,
2021-07-19 10:56:47 AM,-,1626684893010,
2021-07-19 10:56:47 AM,-,1626684893020,
2021-07-19 10:56:47 AM,-,1626684893030,
2021-07-19 10:56:47 AM,-,1626684893040,
2021-07-19 10:56:47 AM,-,1626684893050,
2021-07-19 10:56:47 AM,-,1626684893060,
2021-07-19 10:56:47 AM,-,1626684893070,
2021-07-19 10:56:47 AM,-,1626684893080,
2021-07-19 10:56:47 AM,-,1626684893090,
2021-07-19 10:56:47 AM,-,1626684893100,
2021-07-19 10:56:47 AM,-,1626684893110,
2021-07-19 10:56:47 AM,-,1626684893120,
2021-07-19 10:56:47 AM,-,1626684893130,
2021-07-19 10:56:47 AM,-,1626684893140,
2021-07-19 10:56:47 AM,-,1626684893150,
2021-07-19 10:56:47 AM,-,1626684893160,
2021-07-19 10:56:47 AM,-,1626684893170,
2021-07-19 10:56:47 AM,-,1626684893180,
2021-07-19 10:56:47 AM,-,1626684893190,
2021-07-19 10:56:47 AM,-,1626684893200,
2021-07-19 10:56:47 AM,-,1626684893210,
2021-07-19 10:56:47 AM,-,1626684893220,
2021-07-19 10:56:47 AM,-,1626684893230,
2021-07-19 10:56:47 AM,-,1626684893240,
2021-07-19 10:56:47 AM,-,1626684893250,
2021-07-19 10:56:47 AM,-,1626684893260,
2021-07-19 10:56:47 AM,-,1626684893270,
2021-07-19 10:56:47 AM,-,1626684893280,
2021-07-19 10:56:47 AM,-,1626684893290,
2021-07-19 10:56:47 AM,-,1626684893300,
2021-07-19 10:56:47 AM,-,1626684893310,
2021-07-19 10:56:47 AM,-,1626684893320,
2021-07-19 10:56:47 AM,-,1626684893330,
2021-07-19 10:56:47 AM,-,1626684893340,
2021-07-19 10:56:47 AM,-,1626684893350,
2021-07-19 10:56:47 AM,-,1626684893360,
2021-07-19 10:56:47 AM,-,1626684893370,
2021-07-19 10:56:47 AM,-,1626684893380,
2021-07-19 10:56:47 AM,-,1626684893390,
2021-07-19 10:56:47 AM,-,1626684893400,
2021-07-19 10:56:47 AM,-,1626684893410,
2021-07-19 10:56:47 AM,-,1626684893420,
2021-07-19 10:56:47 AM,-,1626684893430,
2021-07-19 10:56:47 AM,-,1626684893440,
2021-07-19 10:56:47 AM,-,1626684893450,
2021-07-19 10:56:47 AM,-,1626684893460,
2021-07-19 10:56:47 AM,-,1626684893470,
2021-07-19 10:56:47 AM,-,1626684893480,
2021-07-19 10:56:47 AM,-,1626684893490,
2021-07-19 10:56:47 AM,-,1626684893500,
2021-07-19 10:56:47 AM,-,1626684893510,
2021-07-19 10:56:47 AM,-,1626684893520,
2021-07-19 10:56:47 AM,-,1626684893530,
2021-07-19 10:56:47 AM,-,1626684893540,
2021-07-19 10:56:47 AM,-,1626684893550,
2021-07-19 10:56:47 AM,-,1626684893560,
2021-07-19 10:56:47 AM,-,1626684893570,
2021-07-19 10:56:47 AM,-,1626684893580,
2021-07-19 10:56:47 AM,-,1626684893590,
2021-07-19 10:56:47 AM,-,1626684893600,
2021-07-19 10:56:47 AM,-,1626684893610,
2021-07-19 10:56:47 AM,-,1626684893620,
2021-07-19 10:56:47 AM,-,1626684893630,
2021-07-19 10:56:47 AM,-,1626684893640,
2021-07-19 10:56:47 AM,-,1626684893650,
2021-07-19 10:56:47 AM,-,1626684893660,
2021-07-19 10:56:47 AM,-,1626684893670,
2021-07-19 10:56:47 AM,-,1626684893680,
2021-07-19 10:56:47 AM,-,1626684893690,
2021-07-19 10:56:47 AM,-,1626684893700,
2021-07-19 10:56:47 AM,-,1626684893710,
2021-07-19 10:56:47 AM,-,1626684893720,
2021-07-19 10:56:47 AM,-,1626684893730,
2021-07-19 10:56:47 AM,-,1626684893740,
2021-07-19 10:56:47 AM,-,1626684893750,
2021-07-19 10:56:47 AM,-,1626684893760,
2021-07-19 10:56:47 AM,-,1626684893770,
2021-07-19 10:56:47 AM,-,1626684893780,
2021-07-19 10:56:47 AM,-,1626684893790,
2021-07-19 10:56:47 AM,-,1626684893800,
2021-07-19 10:56:47 AM,-,1626684893810,
2021-07-19 10:56:47 AM,-,1626684893820,
2021-07-19 10:56:47 AM,-,1626684893830,
2021-07-19 10:56:47 AM,-,1626684893840,
2021-07-19 10:56:47 AM,-,1626684893850,
2021-07-19 10:56:47 AM,-,1626684893860,
2021-07-19 10:56:47 AM,-,1626684893870,
2021-07-19 10:56:47 AM,-,1626684893880,
2021-07-19 10:56:47 AM,-,1626684893890,
2021-07-19 10:56:47 AM,-,1626684893900,
2021-07-19 10:56:47 AM,-,1626684893910,
2021-07-19 10:56:47 AM,-,1626684893920,
2021-07-19 10:56:47 AM,-,1626684893930,
2021-07-19 10:56:47 AM,-,1626684893940,
2021-07-19 10:56:47 AM,-,1626684893950,
2021-07-19 10:56:47 AM,-,1626684893960,
2021-07-19 10:56:47 AM,-,1626684893970,
2021-07-19 10:56:47 AM,-,1626684893980,
2021-07-19 10:56:47 AM,-,1626684893990,
2021-07-19 10:56:48 AM,-,1626684893000,
2021-07-19 10:56:48 AM,-,1626684893010,
2021-07-19 10:56:48 AM,-,1626684893020,
2021-07-19 10:56:48 AM,-,1626684893030,
2021-07-19 10:56:48 AM,-,1626684893040,
2021-07-19 10:56:48 AM,-,1626684893050,
2021-07-19 10:56:48 AM,-,1626684893060,
2021-07-19 10:56:48 AM,-,1626684893070,
2021-07-19 10:56:48 AM,-,1626684893080,
2021-07-19 10:56:48 AM,-,1626684893090,
2021-07-19 10:56:48 AM,-,1626684893100,
2021-07-19 10:56:48 AM,-,1626684893110,
2021-07-19 10:56:48 AM,-,1626684893120,
2021-07-19 10:56:48 AM,-,1626684893130,
2021-07-19 10:56:48 AM,-,1626684893140,
2021-07-19 10:56:48 AM,-,1626684893150,
2021-07-19 10:56:48 AM,-,1626684893160,
2021-07-19 10:56:48 AM,-,1626684893170,
2021-07-19 10:56:48 AM,-,1626684893180,
2021-07-19 10:56:48 AM,-,1626684893190,
2021-07-19 10:56:48 AM,-,1626684893200,
2021-07-19 10:56:48 AM,-,1626684893210,
2021-07-19 10:56:48 AM,-,1626684893220,
2021-07-19 10:56:48 AM,-,1626684893230,
2021-07-19 10:56:48 AM,-,1626684893240,
2021-07-19 10:56:48 AM,-,1626684893250,
2021-07-19 10:56:48 AM,-,1626684893260,
2021-07-19 10:56:48 AM,-,1626684893270,
2021-07-19 10:56:48 AM,-,1626684893280,
2021-07-19 10:56:48 AM,-,1626684893290,
2021-07-19 10:56:48 AM,-,1626684893300,
2021-07-19 10:56:48 AM,-,1626684893310,
2021-07-19 10:56:48 AM,-,1626684893320,
2021-07-19 10:56:48 AM,-,1626684893330,
2021-07-19 10:56:48 AM,-,1626684893340,
2021-07-19 10:56:48 AM,-,1626684893350,
2021-07-19 10:56:48 AM,-,1626684893360,
2021-07-19 10:56:48 AM,-,1626684893370,
2021-07-19 10:56:48 AM,-,1626684893380,
2021-07-19 10:56:48 AM,-,1626684893390,
2021-07-19 10:56:48 AM,-,1626684893400,
2021-07-19 10:56:48 AM,-,1626684893410,
2021-07-19 10:56:48 AM,-,1626684893420,
2021-07-19 10:56:48 AM,-,1626684893430,
2021-07-19 10:56:48 AM,-,1626684893440,
2021-07-19 10:56:48 AM,-,1626684893450,
2021-07-19 10:56:48 AM,-,1626684893460,
2021-07-19 10:56:48 AM,-,1626684893470,
2021-07-19 10:56:48 AM,-,1626684893480,
2021-07-19 10:56:48 AM,-,1626684893490,
2021-07-19 10:56:48 AM,-,1626684893500,
2021-07-19 10:56:48 AM,-,1626684893510,
2021-07-19 10:56:48 AM,-,1626684893520,
2021-07-19 10:56:48 AM,-,1626684893530,
2021-07-19 10:56:48 AM,-,1626684893540,
2021-07-19 10:56:48 AM,-,1626684893550,
2021-07-19 10:56:48 AM,-,1626684893560,
2021-07-19 10:56:48 AM,-,1626684893570,
2021-07-19 10:56:48 AM,-,1626684893580,
2021-07-19 10:56:48 AM,-,1626684893590,
2021-07-19 10:56:48 AM,-,1626684893600,
2021-07-19 10:56:48 AM,-,1626684893610,
2021-07-19 10:56:48 AM,-,1626684893620,
2021-07-19 10:56:48 AM,-,1626684893630,
2021-07-19 10:56:48 AM,-,1626684893640,
2021-07-19 10:56:48 AM,-,1626684893650,
2021-07-19 10:56:48 AM,-,1626684893660,
2021-07-19 10:56:48 AM,-,1626684893670,
2021-07-19 10:56:48 AM,-,1626684893680,
2021-07-19 10:56:48 AM,-,1626684893690,
2021-07-19 10:56:48 AM,-,1626684893700,
2021-07-19 10:56:48 AM,-,1626684893710,
2021-07-19 10:56:48 AM,-,1626684893720,
2021-07-19 10:56:48 AM,-,1626684893730,
2021-07-19 10:56:48 AM,-,1626684893740,
2021-07-19 10:56:48 AM,-,1626684893750,
2021-07-19 10:56:48 AM,-,1626684893760,
2021-07-19 10:56:48 AM,-,1626684893770,
2021-07-19 10:56:48 AM,-,1626684893780,
2021-07-19 10:56:48 AM,-,1626684893790,
2021-07-19 10:56:48 AM,-,1626684893800,
2021-07-19 10:56:48 AM,-,1626684893810,
2021-07-19 10:56:48 AM,-,1626684893820,
2021-07-19 10:56:48 AM,-,1626684893830,
2021-07-19 10:56:48 AM,-,1626684893840,
2021-07-19 10:56:48 AM,-,1626684893850,
2021-07-19 10:56:48 AM,-,1626684893860,
2021-07-19 10:56:48 AM,-,1626684893870,
2021-07-19 10:56:48 AM,-,1626684893880,
2021-07-19 10:56:48 AM,-,1626684893890,
2021-07-19 10:56:48 AM,-,1626684893900,
2021-07-19 10:56:48 AM,-,1626684893910,
2021-07-19 10:56:48 AM,-,1626684893920,
2021-07-19 10:56:48 AM,-,1626684893930,
2021-07-19 10:56:48 AM,-,1626684893940,
2021-07-19 10:56:48 AM,-,1626684893950,
2021-07-19 10:56:48 AM,-,1626684893960,
2021-07-19 10:56:48 AM,-,1626684893970,
2021-07-19 10:56:48 AM,-,1626684893980,
2021-07-19 10:56:48 AM,-,1626684893990,
2021-07-19 10:56:49 AM,-,1626684894000,
2021-07-19 10:56:49 AM,-,1626684894010,
2021-07-19 10:56:49 AM,-,1626684894020,
2021-07-19 10:56:49 AM,-,1626684894030,
2021-07-19 10:56:49 AM,-,1626684894040,
2021-07-19 10:56:49 AM,-,1626684894050,
2021-07-19 10:56:49 AM,-,1626684894060,
2021-07-19 10:56:49 AM,-,1626684894070,
2021-07-19 10:56:49 AM,-,1626684894080,
2021-07-19 10:56:49 AM,-,1626684894090,
2021-07-19 10:56:49 AM,-,1626684894100,
2021-07-19 10:56:49 AM,-,1626684894110,
2021-07-19 10:56:49 AM,-,1626684894120,
2021-07-19 10:56:49 AM,-,1626684894130,
2021-07-19 10:56:49 AM,-,1626684894140,
2021-07-19 10:56:49 AM,-,1626684894150,
2021-07-19 10:56:49 AM,-,1626684894160,
2021-07-19 10:56:49 AM,-,1626684894170,
2021-07-19 10:56:49 AM,-,1626684894180,
2021-07-19 10:56:49 AM,-,1626684894190,
2021-07-19 10:56:49 AM,-,1626684894200,
2021-07-19 10:56:49 AM,-,1626684894210,
2021-07-19 10:56:49 AM,-,1626684894220,
2021-07-19 10:56:49 AM,-,1626684894230,
2021-07-19 10:56:49 AM,-,1626684894240,
2021-07-19 10:56:49 AM,-,1626684894250,
2021-07-19 10:56:49 AM,-,1626684894260,
2021-07-19 10:56:49 AM,-,1626684894270,
2021-07-19 10:56:49 AM,-,1626684894280,
2021-07-19 10:56:49 AM,-,1626684894290,
2021-07-19 10:56:49 AM,-,1626684894300,
2021-07-19 10:56:49 AM,-,1626684894310,
2021-07-19 10:56:49 AM,-,1626684894320,
2021-07-19 10:56:49 AM,-,1626684894330,
2021-07-19 10:56:49 AM,-,1626684894340,
2021-07-19 10:56:49 AM,-,1626684894350,
2021-07-19 10:56:49 AM,-,1626684894360,
2021-07-19 10:56:49 AM,-,1626684894370,
2021-07-19 10:56:49 AM,-,1626684894380,
2021-07-19 10:56:49 AM,-,1626684894390,
2021-07-19 10:56:49 AM,-,1626684894400,
2021-07-19 10:56:49 AM,-,1626684894410,
2021-07-19 10:56:49 AM,-,1626684894420,
2021-07-19 10:56:49 AM,-,1626684894430,
2021-07-19 10:56:49 AM,-,1626684894440,
2021-07-19 10:56:49 AM,-,1626684894450,
2021-07-19 10:56:49 AM,-,1626684894460,
2021-07-19 10:56:49 AM,-,1626684894470,
2021-07-19 10:56:49 AM,-,1626684894480,
2021-07-19 10:56:49 AM,-,1626684894490,
2021-07-19 10:56:49 AM,-,1626684894500,
2021-07-19 10:56:49 AM,-,1626684894510,
2021-07-19 10:56:49 AM,-,1626684894520,
2021-07-19 10:56:49 AM,-,1626684894530,
2021-07-19 10:56:49 AM,-,1626684894540,
2021-07-19 10:56:49 AM,-,1626684894550,
2021-07-19 10:56:49 AM,-,1626684894560,
2021-07-19 10:56:49 AM,-,1626684894570,
2021-07-19 10:56:49 AM,-,1626684894580,
2021-07-19 10:56:49 AM,-,1626684894590,
2021-07-19 10:56:49 AM,-,1626684894600,
2021-07-19 10:56:49 AM,-,1626684894610,
2021-07-19 10:56:49 AM,-,1626684894620,
2021-07-19 10:56:49 AM,-,1626684894630,
2021-07-19 10:56:49 AM,-,1626684894640,
2021-07-19 10:56:49 AM,-,1626684894650,
2021-07-19 10:56:49 AM,-,1626684894660,
2021-07-19 10:56:49 AM,-,1626684894670,
2021-07-19 10:56:49 AM,-,1626684894680,
2021-07-19 10:56:49 AM,-,1626684894690,
2021-07-19 10:56:49 AM,-,1626684894700,
2021-07-19 10:56:49 AM,-,1626684894710,
2021-07-19 10:56:49 AM,-,1626684894720,
2021-07-19 10:56:49 AM,-,1626684894730,
2021-07-19 10:56:49 AM,-,1626684894740,
2021-07-19 10:56:49 AM,-,1626684894750,
2021-07-19 10:56:49 AM,-,1626684894760,
2021-07-19 10:56:49 AM,-,1626684894770,
2021-07-19 10:56:49 AM,-,1626684894780,
2021-07-19 10:56:49 AM,-,1626684894790,
2021-07-19 10:56:49 AM,-,1626684894800,
2021-07-19 10:56:49 AM,-,1626684894810,
2021-07-19 10:56:49 AM,-,1626684894820,
2021-07-19 10:56:49 AM,-,1626684894830,
2021-07-19 10:56:49 AM,-,1626684894840,
2021-07-19 10:56:49 AM,-,1626684894850,
2021-07-19 10:56:49 AM,-,1626684894860,
2021-07-19 10:56:49 AM,-,1626684894870,
2021-07-19 10:56:49 AM,-,1626684894880,
2021-07-19 10:56:49 AM,-,1626684894890,
2021-07-19 10:56:49 AM,-,1626684894900,
2021-07-19 10:56:49 AM,-,1626684894910,
2021-07-19 10:56:49 AM,-,1626684894920,
2021-07-19 10:56:49 AM,-,1626684894930,
2021-07-19 10:56:49 AM,-,1626684894940,
2021-07-19 10:56:49 AM,-,1626684894950,
2021-07-19 10:56:49 AM,-,1626684894960,
2021-07-19 10:56:49 AM,-,1626684894970,
2021-07-19 10:56:49 AM,-,1626684894980,
2021-07-19 10:56:49 AM,-,1626684894990,
