2021-05-19 03:43:39 PM,-,
2021-05-19 03:43:39 PM,-,
2021-05-19 03:43:39 PM,-,
2021-05-19 03:43:39 PM,-,
2021-05-19 03:43:39 PM,-,
2021-05-19 03:43:39 PM,-,
2021-05-19 03:43:39 PM,-,
2021-05-19 03:43:39 PM,-,
2021-05-19 03:43:39 PM,-,
2021-05-19 03:43:39 PM,-,
2021-05-19 03:43:39 PM,-,
2021-05-19 03:43:39 PM,-,
2021-05-19 03:43:39 PM,-,
2021-05-19 03:43:39 PM,-,
2021-05-19 03:43:39 PM,-,
2021-05-19 03:43:39 PM,-,
2021-05-19 03:43:39 PM,-,
2021-05-19 03:43:39 PM,-,
2021-05-19 03:43:39 PM,-,
2021-05-19 03:43:39 PM,-,
2021-05-19 03:43:39 PM,-,
2021-05-19 03:43:39 PM,-,
2021-05-19 03:43:39 PM,-,
2021-05-19 03:43:39 PM,-,
2021-05-19 03:43:39 PM,-,
2021-05-19 03:43:39 PM,-,
2021-05-19 03:43:39 PM,-,
2021-05-19 03:43:39 PM,-,
2021-05-19 03:43:39 PM,-,
2021-05-19 03:43:39 PM,-,
2021-05-19 03:43:39 PM,-,
2021-05-19 03:43:39 PM,-,
2021-05-19 03:43:39 PM,-,
2021-05-19 03:43:39 PM,-,
2021-05-19 03:43:39 PM,-,
2021-05-19 03:43:39 PM,-,
2021-05-19 03:43:39 PM,-,
2021-05-19 03:43:39 PM,-,
2021-05-19 03:43:39 PM,-,
2021-05-19 03:43:39 PM,-,
2021-05-19 03:43:39 PM,-,
2021-05-19 03:43:39 PM,-,
2021-05-19 03:43:39 PM,-,
2021-05-19 03:43:39 PM,-,
2021-05-19 03:43:39 PM,-,
2021-05-19 03:43:39 PM,-,
2021-05-19 03:43:39 PM,-,
2021-05-19 03:43:39 PM,-,
2021-05-19 03:43:39 PM,-,
2021-05-19 03:43:39 PM,-,
2021-05-19 03:43:39 PM,-,
2021-05-19 03:43:39 PM,-,
2021-05-19 03:43:39 PM,-,
2021-05-19 03:43:39 PM,-,
2021-05-19 03:43:39 PM,-,
2021-05-19 03:43:39 PM,-,
2021-05-19 03:43:39 PM,-,
2021-05-19 03:43:39 PM,-,
2021-05-19 03:43:39 PM,-,
2021-05-19 03:43:39 PM,-,
2021-05-19 03:43:39 PM,-,
2021-05-19 03:43:39 PM,-,
2021-05-19 03:43:39 PM,-,
2021-05-19 03:43:39 PM,-,
2021-05-19 03:43:39 PM,-,
2021-05-19 03:43:39 PM,-,
2021-05-19 03:43:39 PM,-,
2021-05-19 03:43:39 PM,-,
2021-05-19 03:43:39 PM,-,
2021-05-19 03:43:39 PM,-,
2021-05-19 03:43:39 PM,-,
2021-05-19 03:43:39 PM,-,
2021-05-19 03:43:39 PM,-,
2021-05-19 03:43:39 PM,-,
2021-05-19 03:43:39 PM,-,
2021-05-19 03:43:39 PM,-,
2021-05-19 03:43:39 PM,-,
2021-05-19 03:43:39 PM,-,
2021-05-19 03:43:39 PM,-,
2021-05-19 03:43:39 PM,-,
2021-05-19 03:43:39 PM,-,
2021-05-19 03:43:39 PM,-,
2021-05-19 03:43:39 PM,-,
2021-05-19 03:43:39 PM,-,
2021-05-19 03:43:39 PM,-,
2021-05-19 03:43:39 PM,-,
2021-05-19 03:43:39 PM,-,
2021-05-19 03:43:39 PM,-,
2021-05-19 03:43:39 PM,-,
2021-05-19 03:43:39 PM,-,
2021-05-19 03:43:39 PM,-,
2021-05-19 03:43:39 PM,-,
2021-05-19 03:43:39 PM,-,
2021-05-19 03:43:39 PM,-,
2021-05-19 03:43:39 PM,-,
2021-05-19 03:43:39 PM,-,
2021-05-19 03:43:39 PM,-,
2021-05-19 03:43:39 PM,-,
2021-05-19 03:43:39 PM,-,
2021-05-19 03:43:39 PM,-,
2021-05-19 03:43:40 PM,-,
2021-05-19 03:43:40 PM,-,
2021-05-19 03:43:40 PM,-,
2021-05-19 03:43:40 PM,-,
2021-05-19 03:43:40 PM,-,
2021-05-19 03:43:40 PM,-,
2021-05-19 03:43:40 PM,-,
2021-05-19 03:43:40 PM,-,
2021-05-19 03:43:40 PM,-,
2021-05-19 03:43:40 PM,-,
2021-05-19 03:43:40 PM,-,
2021-05-19 03:43:40 PM,-,
2021-05-19 03:43:40 PM,-,
2021-05-19 03:43:40 PM,-,
2021-05-19 03:43:40 PM,-,
2021-05-19 03:43:40 PM,-,
2021-05-19 03:43:40 PM,-,
2021-05-19 03:43:40 PM,-,
2021-05-19 03:43:40 PM,-,
2021-05-19 03:43:40 PM,-,
2021-05-19 03:43:40 PM,-,
2021-05-19 03:43:40 PM,-,
2021-05-19 03:43:40 PM,-,
2021-05-19 03:43:40 PM,-,
2021-05-19 03:43:40 PM,-,
2021-05-19 03:43:40 PM,-,
2021-05-19 03:43:40 PM,-,
2021-05-19 03:43:40 PM,-,
2021-05-19 03:43:40 PM,-,
2021-05-19 03:43:40 PM,-,
2021-05-19 03:43:40 PM,-,
2021-05-19 03:43:40 PM,-,
2021-05-19 03:43:40 PM,-,
2021-05-19 03:43:40 PM,-,
2021-05-19 03:43:40 PM,-,
2021-05-19 03:43:40 PM,-,
2021-05-19 03:43:40 PM,-,
2021-05-19 03:43:40 PM,-,
2021-05-19 03:43:40 PM,-,
2021-05-19 03:43:40 PM,-,
2021-05-19 03:43:40 PM,-,
2021-05-19 03:43:40 PM,-,
2021-05-19 03:43:40 PM,-,
2021-05-19 03:43:40 PM,-,
2021-05-19 03:43:40 PM,-,
2021-05-19 03:43:40 PM,-,
2021-05-19 03:43:40 PM,-,
2021-05-19 03:43:40 PM,-,
2021-05-19 03:43:40 PM,-,
2021-05-19 03:43:40 PM,-,
2021-05-19 03:43:40 PM,-,
2021-05-19 03:43:40 PM,-,
2021-05-19 03:43:40 PM,-,
2021-05-19 03:43:40 PM,-,
2021-05-19 03:43:40 PM,-,
2021-05-19 03:43:40 PM,-,
2021-05-19 03:43:40 PM,-,
2021-05-19 03:43:40 PM,-,
2021-05-19 03:43:40 PM,-,
2021-05-19 03:43:40 PM,-,
2021-05-19 03:43:40 PM,-,
2021-05-19 03:43:40 PM,-,
2021-05-19 03:43:40 PM,-,
2021-05-19 03:43:40 PM,-,
2021-05-19 03:43:40 PM,-,
2021-05-19 03:43:40 PM,-,
2021-05-19 03:43:40 PM,-,
2021-05-19 03:43:40 PM,-,
2021-05-19 03:43:40 PM,-,
2021-05-19 03:43:40 PM,-,
2021-05-19 03:43:40 PM,-,
2021-05-19 03:43:40 PM,-,
2021-05-19 03:43:40 PM,-,
2021-05-19 03:43:40 PM,-,
2021-05-19 03:43:40 PM,-,
2021-05-19 03:43:40 PM,-,
2021-05-19 03:43:40 PM,-,
2021-05-19 03:43:40 PM,-,
2021-05-19 03:43:40 PM,-,
2021-05-19 03:43:40 PM,-,
2021-05-19 03:43:40 PM,-,
2021-05-19 03:43:40 PM,-,
2021-05-19 03:43:40 PM,-,
2021-05-19 03:43:40 PM,-,
2021-05-19 03:43:40 PM,-,
2021-05-19 03:43:40 PM,-,
2021-05-19 03:43:40 PM,-,
2021-05-19 03:43:40 PM,-,
2021-05-19 03:43:40 PM,-,
2021-05-19 03:43:40 PM,-,
2021-05-19 03:43:40 PM,-,
2021-05-19 03:43:40 PM,-,
2021-05-19 03:43:40 PM,-,
2021-05-19 03:43:40 PM,-,
2021-05-19 03:43:40 PM,-,
2021-05-19 03:43:40 PM,-,
2021-05-19 03:43:40 PM,-,
2021-05-19 03:43:40 PM,-,
2021-05-19 03:43:40 PM,-,
2021-05-19 03:43:40 PM,-,
2021-05-19 03:43:41 PM,-,
2021-05-19 03:43:41 PM,-,
2021-05-19 03:43:41 PM,-,
2021-05-19 03:43:41 PM,-,
2021-05-19 03:43:41 PM,-,
2021-05-19 03:43:41 PM,-,
2021-05-19 03:43:41 PM,-,
2021-05-19 03:43:41 PM,-,
2021-05-19 03:43:41 PM,-,
2021-05-19 03:43:41 PM,-,
2021-05-19 03:43:41 PM,-,
2021-05-19 03:43:41 PM,-,
2021-05-19 03:43:41 PM,-,
2021-05-19 03:43:41 PM,-,
2021-05-19 03:43:41 PM,-,
2021-05-19 03:43:41 PM,-,
2021-05-19 03:43:41 PM,-,
2021-05-19 03:43:41 PM,-,
2021-05-19 03:43:41 PM,-,
2021-05-19 03:43:41 PM,-,
2021-05-19 03:43:41 PM,-,
2021-05-19 03:43:41 PM,-,
2021-05-19 03:43:41 PM,-,
2021-05-19 03:43:41 PM,-,
2021-05-19 03:43:41 PM,-,
2021-05-19 03:43:41 PM,-,
2021-05-19 03:43:41 PM,-,
2021-05-19 03:43:41 PM,-,
2021-05-19 03:43:41 PM,-,
2021-05-19 03:43:41 PM,-,
2021-05-19 03:43:41 PM,-,
2021-05-19 03:43:41 PM,-,
2021-05-19 03:43:41 PM,-,
2021-05-19 03:43:41 PM,-,
2021-05-19 03:43:41 PM,-,
2021-05-19 03:43:41 PM,-,
2021-05-19 03:43:41 PM,-,
2021-05-19 03:43:41 PM,-,
2021-05-19 03:43:41 PM,-,
2021-05-19 03:43:41 PM,-,
2021-05-19 03:43:41 PM,-,
2021-05-19 03:43:41 PM,-,
2021-05-19 03:43:41 PM,-,
2021-05-19 03:43:41 PM,-,
2021-05-19 03:43:41 PM,-,
2021-05-19 03:43:41 PM,-,
2021-05-19 03:43:41 PM,-,
2021-05-19 03:43:41 PM,-,
2021-05-19 03:43:41 PM,-,
2021-05-19 03:43:41 PM,-,
2021-05-19 03:43:41 PM,-,
2021-05-19 03:43:41 PM,-,
2021-05-19 03:43:41 PM,-,
2021-05-19 03:43:41 PM,-,
2021-05-19 03:43:41 PM,-,
2021-05-19 03:43:41 PM,-,
2021-05-19 03:43:41 PM,-,
2021-05-19 03:43:41 PM,-,
2021-05-19 03:43:41 PM,-,
2021-05-19 03:43:41 PM,-,
2021-05-19 03:43:41 PM,-,
2021-05-19 03:43:41 PM,-,
2021-05-19 03:43:41 PM,-,
2021-05-19 03:43:41 PM,-,
2021-05-19 03:43:41 PM,-,
2021-05-19 03:43:41 PM,-,
2021-05-19 03:43:41 PM,-,
2021-05-19 03:43:41 PM,-,
2021-05-19 03:43:41 PM,-,
2021-05-19 03:43:41 PM,-,
2021-05-19 03:43:41 PM,-,
2021-05-19 03:43:41 PM,-,
2021-05-19 03:43:41 PM,-,
2021-05-19 03:43:41 PM,-,
2021-05-19 03:43:41 PM,-,
2021-05-19 03:43:41 PM,-,
2021-05-19 03:43:41 PM,-,
2021-05-19 03:43:41 PM,-,
2021-05-19 03:43:41 PM,-,
2021-05-19 03:43:41 PM,-,
2021-05-19 03:43:41 PM,-,
2021-05-19 03:43:41 PM,-,
2021-05-19 03:43:41 PM,-,
2021-05-19 03:43:41 PM,-,
2021-05-19 03:43:41 PM,-,
2021-05-19 03:43:41 PM,-,
2021-05-19 03:43:41 PM,-,
2021-05-19 03:43:41 PM,-,
2021-05-19 03:43:41 PM,-,
2021-05-19 03:43:41 PM,-,
2021-05-19 03:43:41 PM,-,
2021-05-19 03:43:41 PM,-,
2021-05-19 03:43:41 PM,-,
2021-05-19 03:43:41 PM,-,
2021-05-19 03:43:41 PM,-,
2021-05-19 03:43:41 PM,-,
2021-05-19 03:43:41 PM,-,
2021-05-19 03:43:41 PM,-,
2021-05-19 03:43:41 PM,-,
2021-05-19 03:43:41 PM,-,
2021-05-19 03:43:41 PM,-,
2021-05-19 03:43:41 PM,-,
2021-05-19 03:43:41 PM,-,
2021-05-19 03:43:41 PM,-,
2021-05-19 03:43:41 PM,-,
2021-05-19 03:43:41 PM,-,
2021-05-19 03:43:41 PM,-,
2021-05-19 03:43:41 PM,-,
2021-05-19 03:43:41 PM,-,
2021-05-19 03:43:41 PM,-,
2021-05-19 03:43:41 PM,-,
2021-05-19 03:43:41 PM,-,
2021-05-19 03:43:41 PM,-,
2021-05-19 03:43:41 PM,-,
2021-05-19 03:43:41 PM,-,
2021-05-19 03:43:41 PM,-,
2021-05-19 03:43:41 PM,-,
2021-05-19 03:43:41 PM,-,
2021-05-19 03:43:41 PM,-,
2021-05-19 03:43:41 PM,-,
2021-05-19 03:43:41 PM,-,
2021-05-19 03:43:41 PM,-,
2021-05-19 03:43:41 PM,-,
2021-05-19 03:43:41 PM,-,
2021-05-19 03:43:41 PM,-,
2021-05-19 03:43:41 PM,-,
2021-05-19 03:43:41 PM,-,
2021-05-19 03:43:41 PM,-,
2021-05-19 03:43:41 PM,-,
2021-05-19 03:43:41 PM,-,
2021-05-19 03:43:41 PM,-,
2021-05-19 03:43:41 PM,-,
2021-05-19 03:43:41 PM,-,
2021-05-19 03:43:41 PM,-,
2021-05-19 03:43:41 PM,-,
2021-05-19 03:43:41 PM,-,
2021-05-19 03:43:41 PM,-,
2021-05-19 03:43:41 PM,-,
2021-05-19 03:43:41 PM,-,
2021-05-19 03:43:41 PM,-,
2021-05-19 03:43:41 PM,-,
2021-05-19 03:43:41 PM,-,
2021-05-19 03:43:41 PM,-,
2021-05-19 03:43:41 PM,-,
2021-05-19 03:43:41 PM,-,
2021-05-19 03:43:41 PM,-,
2021-05-19 03:43:41 PM,-,
2021-05-19 03:43:41 PM,-,
2021-05-19 03:43:41 PM,-,
2021-05-19 03:43:41 PM,-,
2021-05-19 03:43:41 PM,-,
2021-05-19 03:43:41 PM,-,
2021-05-19 03:43:41 PM,-,
2021-05-19 03:43:41 PM,-,
2021-05-19 03:43:41 PM,-,
2021-05-19 03:43:41 PM,-,
2021-05-19 03:43:41 PM,-,
2021-05-19 03:43:41 PM,-,
2021-05-19 03:43:41 PM,-,
2021-05-19 03:43:41 PM,-,
2021-05-19 03:43:41 PM,-,
2021-05-19 03:43:41 PM,-,
2021-05-19 03:43:41 PM,-,
2021-05-19 03:43:41 PM,-,
2021-05-19 03:43:41 PM,-,
2021-05-19 03:43:41 PM,-,
2021-05-19 03:43:41 PM,-,
2021-05-19 03:43:41 PM,-,
2021-05-19 03:43:41 PM,-,
2021-05-19 03:43:41 PM,-,
2021-05-19 03:43:41 PM,-,
2021-05-19 03:43:41 PM,-,
2021-05-19 03:43:41 PM,-,
2021-05-19 03:43:41 PM,-,
2021-05-19 03:43:41 PM,-,
2021-05-19 03:43:41 PM,-,
2021-05-19 03:43:41 PM,-,
2021-05-19 03:43:41 PM,-,
2021-05-19 03:43:41 PM,-,
2021-05-19 03:43:41 PM,-,
2021-05-19 03:43:41 PM,-,
2021-05-19 03:43:41 PM,-,
2021-05-19 03:43:41 PM,-,
2021-05-19 03:43:41 PM,-,
2021-05-19 03:43:41 PM,-,
2021-05-19 03:43:41 PM,-,
2021-05-19 03:43:41 PM,-,
2021-05-19 03:43:41 PM,-,
2021-05-19 03:43:41 PM,-,
2021-05-19 03:43:41 PM,-,
2021-05-19 03:43:41 PM,-,
2021-05-19 03:43:41 PM,-,
2021-05-19 03:43:41 PM,-,
2021-05-19 03:43:41 PM,-,
2021-05-19 03:43:41 PM,-,
2021-05-19 03:43:41 PM,-,
2021-05-19 03:43:41 PM,-,
2021-05-19 03:43:41 PM,-,
2021-05-19 03:43:41 PM,-,
2021-05-19 03:43:41 PM,-,
2021-05-19 03:43:42 PM,-,
2021-05-19 03:43:42 PM,-,
2021-05-19 03:43:42 PM,-,
2021-05-19 03:43:42 PM,-,
2021-05-19 03:43:42 PM,-,
2021-05-19 03:43:42 PM,-,
2021-05-19 03:43:42 PM,-,
2021-05-19 03:43:42 PM,-,
2021-05-19 03:43:42 PM,-,
2021-05-19 03:43:42 PM,-,
2021-05-19 03:43:42 PM,-,
2021-05-19 03:43:42 PM,-,
2021-05-19 03:43:42 PM,-,
2021-05-19 03:43:42 PM,-,
2021-05-19 03:43:42 PM,-,
2021-05-19 03:43:42 PM,-,
2021-05-19 03:43:42 PM,-,
2021-05-19 03:43:42 PM,-,
2021-05-19 03:43:42 PM,-,
2021-05-19 03:43:42 PM,-,
2021-05-19 03:43:42 PM,-,
2021-05-19 03:43:42 PM,-,
2021-05-19 03:43:42 PM,-,
2021-05-19 03:43:42 PM,-,
2021-05-19 03:43:42 PM,-,
2021-05-19 03:43:42 PM,-,
2021-05-19 03:43:42 PM,-,
2021-05-19 03:43:42 PM,-,
2021-05-19 03:43:42 PM,-,
2021-05-19 03:43:42 PM,-,
2021-05-19 03:43:42 PM,-,
2021-05-19 03:43:42 PM,-,
2021-05-19 03:43:42 PM,-,
2021-05-19 03:43:42 PM,-,
2021-05-19 03:43:42 PM,-,
2021-05-19 03:43:42 PM,-,
2021-05-19 03:43:42 PM,-,
2021-05-19 03:43:42 PM,-,
2021-05-19 03:43:42 PM,-,
2021-05-19 03:43:42 PM,-,
2021-05-19 03:43:42 PM,-,
2021-05-19 03:43:42 PM,-,
2021-05-19 03:43:42 PM,-,
2021-05-19 03:43:42 PM,-,
2021-05-19 03:43:42 PM,-,
2021-05-19 03:43:42 PM,-,
2021-05-19 03:43:42 PM,-,
2021-05-19 03:43:42 PM,-,
2021-05-19 03:43:42 PM,-,
2021-05-19 03:43:42 PM,-,
2021-05-19 03:43:42 PM,-,
2021-05-19 03:43:42 PM,-,
2021-05-19 03:43:42 PM,-,
2021-05-19 03:43:42 PM,-,
2021-05-19 03:43:42 PM,-,
2021-05-19 03:43:42 PM,-,
2021-05-19 03:43:42 PM,-,
2021-05-19 03:43:42 PM,-,
2021-05-19 03:43:42 PM,-,
2021-05-19 03:43:42 PM,-,
2021-05-19 03:43:42 PM,-,
2021-05-19 03:43:42 PM,-,
2021-05-19 03:43:42 PM,-,
2021-05-19 03:43:42 PM,-,
2021-05-19 03:43:42 PM,-,
2021-05-19 03:43:42 PM,-,
2021-05-19 03:43:42 PM,-,
2021-05-19 03:43:42 PM,-,
2021-05-19 03:43:42 PM,-,
2021-05-19 03:43:42 PM,-,
2021-05-19 03:43:42 PM,-,
2021-05-19 03:43:42 PM,-,
2021-05-19 03:43:42 PM,-,
2021-05-19 03:43:42 PM,-,
2021-05-19 03:43:42 PM,-,
2021-05-19 03:43:42 PM,-,
2021-05-19 03:43:42 PM,-,
2021-05-19 03:43:42 PM,-,
2021-05-19 03:43:42 PM,-,
2021-05-19 03:43:42 PM,-,
2021-05-19 03:43:42 PM,-,
2021-05-19 03:43:42 PM,-,
2021-05-19 03:43:42 PM,-,
2021-05-19 03:43:42 PM,-,
2021-05-19 03:43:42 PM,-,
2021-05-19 03:43:42 PM,-,
2021-05-19 03:43:42 PM,-,
2021-05-19 03:43:42 PM,-,
2021-05-19 03:43:42 PM,-,
2021-05-19 03:43:42 PM,-,
2021-05-19 03:43:42 PM,-,
2021-05-19 03:43:42 PM,-,
2021-05-19 03:43:42 PM,-,
2021-05-19 03:43:42 PM,-,
2021-05-19 03:43:42 PM,-,
2021-05-19 03:43:42 PM,-,
2021-05-19 03:43:42 PM,-,
2021-05-19 03:43:42 PM,-,
2021-05-19 03:43:42 PM,-,
2021-05-19 03:43:42 PM,-,
2021-05-19 03:43:43 PM,-,
2021-05-19 03:43:43 PM,-,
2021-05-19 03:43:43 PM,-,
2021-05-19 03:43:43 PM,-,
2021-05-19 03:43:43 PM,-,
2021-05-19 03:43:43 PM,-,
2021-05-19 03:43:43 PM,-,
2021-05-19 03:43:43 PM,-,
2021-05-19 03:43:43 PM,-,
2021-05-19 03:43:43 PM,-,
2021-05-19 03:43:43 PM,-,
2021-05-19 03:43:43 PM,-,
2021-05-19 03:43:43 PM,-,
2021-05-19 03:43:43 PM,-,
2021-05-19 03:43:43 PM,-,
2021-05-19 03:43:43 PM,-,
2021-05-19 03:43:43 PM,-,
2021-05-19 03:43:43 PM,-,
2021-05-19 03:43:43 PM,-,
2021-05-19 03:43:43 PM,-,
2021-05-19 03:43:43 PM,-,
2021-05-19 03:43:43 PM,-,
2021-05-19 03:43:43 PM,-,
2021-05-19 03:43:43 PM,-,
2021-05-19 03:43:43 PM,-,
2021-05-19 03:43:43 PM,-,
2021-05-19 03:43:43 PM,-,
2021-05-19 03:43:43 PM,-,
2021-05-19 03:43:43 PM,-,
2021-05-19 03:43:43 PM,-,
2021-05-19 03:43:43 PM,-,
2021-05-19 03:43:43 PM,-,
2021-05-19 03:43:43 PM,-,
2021-05-19 03:43:43 PM,-,
2021-05-19 03:43:43 PM,-,
2021-05-19 03:43:43 PM,-,
2021-05-19 03:43:43 PM,-,
2021-05-19 03:43:43 PM,-,
2021-05-19 03:43:43 PM,-,
2021-05-19 03:43:43 PM,-,
2021-05-19 03:43:43 PM,-,
2021-05-19 03:43:43 PM,-,
2021-05-19 03:43:43 PM,-,
2021-05-19 03:43:43 PM,-,
2021-05-19 03:43:43 PM,-,
2021-05-19 03:43:43 PM,-,
2021-05-19 03:43:43 PM,-,
2021-05-19 03:43:43 PM,-,
2021-05-19 03:43:43 PM,-,
2021-05-19 03:43:43 PM,-,
2021-05-19 03:43:43 PM,-,
2021-05-19 03:43:43 PM,-,
2021-05-19 03:43:43 PM,-,
2021-05-19 03:43:43 PM,-,
2021-05-19 03:43:43 PM,-,
2021-05-19 03:43:43 PM,-,
2021-05-19 03:43:43 PM,-,
2021-05-19 03:43:43 PM,-,
2021-05-19 03:43:43 PM,-,
2021-05-19 03:43:43 PM,-,
2021-05-19 03:43:43 PM,-,
2021-05-19 03:43:43 PM,-,
2021-05-19 03:43:43 PM,-,
2021-05-19 03:43:43 PM,-,
2021-05-19 03:43:43 PM,-,
2021-05-19 03:43:43 PM,-,
2021-05-19 03:43:43 PM,-,
2021-05-19 03:43:43 PM,-,
2021-05-19 03:43:43 PM,-,
2021-05-19 03:43:43 PM,-,
2021-05-19 03:43:43 PM,-,
2021-05-19 03:43:43 PM,-,
2021-05-19 03:43:43 PM,-,
2021-05-19 03:43:43 PM,-,
2021-05-19 03:43:43 PM,-,
2021-05-19 03:43:43 PM,-,
2021-05-19 03:43:43 PM,-,
2021-05-19 03:43:43 PM,-,
2021-05-19 03:43:43 PM,-,
2021-05-19 03:43:43 PM,-,
2021-05-19 03:43:43 PM,-,
2021-05-19 03:43:43 PM,-,
2021-05-19 03:43:43 PM,-,
2021-05-19 03:43:43 PM,-,
2021-05-19 03:43:43 PM,-,
2021-05-19 03:43:43 PM,-,
2021-05-19 03:43:43 PM,-,
2021-05-19 03:43:43 PM,-,
2021-05-19 03:43:43 PM,-,
2021-05-19 03:43:43 PM,-,
2021-05-19 03:43:43 PM,-,
2021-05-19 03:43:43 PM,-,
2021-05-19 03:43:43 PM,-,
2021-05-19 03:43:43 PM,-,
2021-05-19 03:43:43 PM,-,
2021-05-19 03:43:43 PM,-,
2021-05-19 03:43:43 PM,-,
2021-05-19 03:43:43 PM,-,
2021-05-19 03:43:43 PM,-,
2021-05-19 03:43:43 PM,-,
2021-05-19 03:43:43 PM,-,
2021-05-19 03:43:43 PM,-,
2021-05-19 03:43:43 PM,-,
2021-05-19 03:43:43 PM,-,
2021-05-19 03:43:43 PM,-,
2021-05-19 03:43:43 PM,-,
2021-05-19 03:43:43 PM,-,
2021-05-19 03:43:43 PM,-,
2021-05-19 03:43:43 PM,-,
2021-05-19 03:43:43 PM,-,
2021-05-19 03:43:43 PM,-,
2021-05-19 03:43:43 PM,-,
2021-05-19 03:43:43 PM,-,
2021-05-19 03:43:43 PM,-,
2021-05-19 03:43:43 PM,-,
2021-05-19 03:43:43 PM,-,
2021-05-19 03:43:43 PM,-,
2021-05-19 03:43:43 PM,-,
2021-05-19 03:43:43 PM,-,
2021-05-19 03:43:43 PM,-,
2021-05-19 03:43:43 PM,-,
2021-05-19 03:43:43 PM,-,
2021-05-19 03:43:43 PM,-,
2021-05-19 03:43:43 PM,-,
2021-05-19 03:43:43 PM,-,
2021-05-19 03:43:43 PM,-,
2021-05-19 03:43:43 PM,-,
2021-05-19 03:43:43 PM,-,
2021-05-19 03:43:43 PM,-,
2021-05-19 03:43:43 PM,-,
2021-05-19 03:43:43 PM,-,
2021-05-19 03:43:43 PM,-,
2021-05-19 03:43:43 PM,-,
2021-05-19 03:43:43 PM,-,
2021-05-19 03:43:43 PM,-,
2021-05-19 03:43:43 PM,-,
2021-05-19 03:43:43 PM,-,
2021-05-19 03:43:43 PM,-,
2021-05-19 03:43:43 PM,-,
2021-05-19 03:43:43 PM,-,
2021-05-19 03:43:43 PM,-,
2021-05-19 03:43:43 PM,-,
2021-05-19 03:43:43 PM,-,
2021-05-19 03:43:43 PM,-,
2021-05-19 03:43:43 PM,-,
2021-05-19 03:43:43 PM,-,
2021-05-19 03:43:43 PM,-,
2021-05-19 03:43:43 PM,-,
2021-05-19 03:43:43 PM,-,
2021-05-19 03:43:43 PM,-,
2021-05-19 03:43:43 PM,-,
2021-05-19 03:43:43 PM,-,
2021-05-19 03:43:43 PM,-,
2021-05-19 03:43:43 PM,-,
2021-05-19 03:43:43 PM,-,
2021-05-19 03:43:43 PM,-,
2021-05-19 03:43:43 PM,-,
2021-05-19 03:43:43 PM,-,
2021-05-19 03:43:43 PM,-,
2021-05-19 03:43:43 PM,-,
2021-05-19 03:43:43 PM,-,
2021-05-19 03:43:43 PM,-,
2021-05-19 03:43:43 PM,-,
2021-05-19 03:43:43 PM,-,
2021-05-19 03:43:43 PM,-,
2021-05-19 03:43:43 PM,-,
2021-05-19 03:43:43 PM,-,
2021-05-19 03:43:43 PM,-,
2021-05-19 03:43:43 PM,-,
2021-05-19 03:43:43 PM,-,
2021-05-19 03:43:43 PM,-,
2021-05-19 03:43:43 PM,-,
2021-05-19 03:43:43 PM,-,
2021-05-19 03:43:43 PM,-,
2021-05-19 03:43:43 PM,-,
2021-05-19 03:43:43 PM,-,
2021-05-19 03:43:43 PM,-,
2021-05-19 03:43:43 PM,-,
2021-05-19 03:43:43 PM,-,
2021-05-19 03:43:43 PM,-,
2021-05-19 03:43:43 PM,-,
2021-05-19 03:43:43 PM,-,
2021-05-19 03:43:43 PM,-,
2021-05-19 03:43:43 PM,-,
2021-05-19 03:43:43 PM,-,
2021-05-19 03:43:43 PM,-,
2021-05-19 03:43:43 PM,-,
2021-05-19 03:43:43 PM,-,
2021-05-19 03:43:43 PM,-,
2021-05-19 03:43:43 PM,-,
2021-05-19 03:43:43 PM,-,
2021-05-19 03:43:43 PM,-,
2021-05-19 03:43:43 PM,-,
2021-05-19 03:43:43 PM,-,
2021-05-19 03:43:43 PM,-,
2021-05-19 03:43:43 PM,-,
2021-05-19 03:43:43 PM,-,
2021-05-19 03:43:43 PM,-,
2021-05-19 03:43:43 PM,-,
2021-05-19 03:43:43 PM,-,
2021-05-19 03:43:44 PM,-,
2021-05-19 03:43:44 PM,-,
2021-05-19 03:43:44 PM,-,
2021-05-19 03:43:44 PM,-,
2021-05-19 03:43:44 PM,-,
2021-05-19 03:43:44 PM,-,
2021-05-19 03:43:44 PM,-,
2021-05-19 03:43:44 PM,-,
2021-05-19 03:43:44 PM,-,
2021-05-19 03:43:44 PM,-,
2021-05-19 03:43:44 PM,-,
2021-05-19 03:43:44 PM,-,
2021-05-19 03:43:44 PM,-,
2021-05-19 03:43:44 PM,-,
2021-05-19 03:43:44 PM,-,
2021-05-19 03:43:44 PM,-,
2021-05-19 03:43:44 PM,-,
2021-05-19 03:43:44 PM,-,
2021-05-19 03:43:44 PM,-,
2021-05-19 03:43:44 PM,-,
2021-05-19 03:43:44 PM,-,
2021-05-19 03:43:44 PM,-,
2021-05-19 03:43:44 PM,-,
2021-05-19 03:43:44 PM,-,
2021-05-19 03:43:44 PM,-,
2021-05-19 03:43:44 PM,-,
2021-05-19 03:43:44 PM,-,
2021-05-19 03:43:44 PM,-,
2021-05-19 03:43:44 PM,-,
2021-05-19 03:43:44 PM,-,
2021-05-19 03:43:44 PM,-,
2021-05-19 03:43:44 PM,-,
2021-05-19 03:43:44 PM,-,
2021-05-19 03:43:44 PM,-,
2021-05-19 03:43:44 PM,-,
2021-05-19 03:43:44 PM,-,
2021-05-19 03:43:44 PM,-,
2021-05-19 03:43:44 PM,-,
2021-05-19 03:43:44 PM,-,
2021-05-19 03:43:44 PM,-,
2021-05-19 03:43:44 PM,-,
2021-05-19 03:43:44 PM,-,
2021-05-19 03:43:44 PM,-,
2021-05-19 03:43:44 PM,-,
2021-05-19 03:43:44 PM,-,
2021-05-19 03:43:44 PM,-,
2021-05-19 03:43:44 PM,-,
2021-05-19 03:43:44 PM,-,
2021-05-19 03:43:44 PM,-,
2021-05-19 03:43:44 PM,-,
2021-05-19 03:43:44 PM,-,
2021-05-19 03:43:44 PM,-,
2021-05-19 03:43:44 PM,-,
2021-05-19 03:43:44 PM,-,
2021-05-19 03:43:44 PM,-,
2021-05-19 03:43:44 PM,-,
2021-05-19 03:43:44 PM,-,
2021-05-19 03:43:44 PM,-,
2021-05-19 03:43:44 PM,-,
2021-05-19 03:43:44 PM,-,
2021-05-19 03:43:44 PM,-,
2021-05-19 03:43:44 PM,-,
2021-05-19 03:43:44 PM,-,
2021-05-19 03:43:44 PM,-,
2021-05-19 03:43:44 PM,-,
2021-05-19 03:43:44 PM,-,
2021-05-19 03:43:44 PM,-,
2021-05-19 03:43:44 PM,-,
2021-05-19 03:43:44 PM,-,
2021-05-19 03:43:44 PM,-,
2021-05-19 03:43:44 PM,-,
2021-05-19 03:43:44 PM,-,
2021-05-19 03:43:44 PM,-,
2021-05-19 03:43:44 PM,-,
2021-05-19 03:43:44 PM,-,
2021-05-19 03:43:44 PM,-,
2021-05-19 03:43:44 PM,-,
2021-05-19 03:43:44 PM,-,
2021-05-19 03:43:44 PM,-,
2021-05-19 03:43:44 PM,-,
2021-05-19 03:43:44 PM,-,
2021-05-19 03:43:44 PM,-,
2021-05-19 03:43:44 PM,-,
2021-05-19 03:43:44 PM,-,
2021-05-19 03:43:44 PM,-,
2021-05-19 03:43:44 PM,-,
2021-05-19 03:43:44 PM,-,
2021-05-19 03:43:44 PM,-,
2021-05-19 03:43:44 PM,-,
2021-05-19 03:43:44 PM,-,
2021-05-19 03:43:44 PM,-,
2021-05-19 03:43:44 PM,-,
2021-05-19 03:43:44 PM,-,
2021-05-19 03:43:44 PM,-,
2021-05-19 03:43:44 PM,-,
2021-05-19 03:43:44 PM,-,
2021-05-19 03:43:44 PM,-,
2021-05-19 03:43:44 PM,-,
2021-05-19 03:43:44 PM,-,
2021-05-19 03:43:44 PM,-,
2021-05-19 03:43:45 PM,-,
2021-05-19 03:43:45 PM,-,
2021-05-19 03:43:45 PM,-,
2021-05-19 03:43:45 PM,-,
2021-05-19 03:43:45 PM,-,
2021-05-19 03:43:45 PM,-,
2021-05-19 03:43:45 PM,-,
2021-05-19 03:43:45 PM,-,
2021-05-19 03:43:45 PM,-,
2021-05-19 03:43:45 PM,-,
2021-05-19 03:43:45 PM,-,
2021-05-19 03:43:45 PM,-,
2021-05-19 03:43:45 PM,-,
2021-05-19 03:43:45 PM,-,
2021-05-19 03:43:45 PM,-,
2021-05-19 03:43:45 PM,-,
2021-05-19 03:43:45 PM,-,
2021-05-19 03:43:45 PM,-,
2021-05-19 03:43:45 PM,-,
2021-05-19 03:43:45 PM,-,
2021-05-19 03:43:45 PM,-,
2021-05-19 03:43:45 PM,-,
2021-05-19 03:43:45 PM,-,
2021-05-19 03:43:45 PM,-,
2021-05-19 03:43:45 PM,-,
2021-05-19 03:43:45 PM,-,
2021-05-19 03:43:45 PM,-,
2021-05-19 03:43:45 PM,-,
2021-05-19 03:43:45 PM,-,
2021-05-19 03:43:45 PM,-,
2021-05-19 03:43:45 PM,-,
2021-05-19 03:43:45 PM,-,
2021-05-19 03:43:45 PM,-,
2021-05-19 03:43:45 PM,-,
2021-05-19 03:43:45 PM,-,
2021-05-19 03:43:45 PM,-,
2021-05-19 03:43:45 PM,-,
2021-05-19 03:43:45 PM,-,
2021-05-19 03:43:45 PM,-,
2021-05-19 03:43:45 PM,-,
2021-05-19 03:43:45 PM,-,
2021-05-19 03:43:45 PM,-,
2021-05-19 03:43:45 PM,-,
2021-05-19 03:43:45 PM,-,
2021-05-19 03:43:45 PM,-,
2021-05-19 03:43:45 PM,-,
2021-05-19 03:43:45 PM,-,
2021-05-19 03:43:45 PM,-,
2021-05-19 03:43:45 PM,-,
2021-05-19 03:43:45 PM,-,
2021-05-19 03:43:45 PM,-,
2021-05-19 03:43:45 PM,-,
2021-05-19 03:43:45 PM,-,
2021-05-19 03:43:45 PM,-,
2021-05-19 03:43:45 PM,-,
2021-05-19 03:43:45 PM,-,
2021-05-19 03:43:45 PM,-,
2021-05-19 03:43:45 PM,-,
2021-05-19 03:43:45 PM,-,
2021-05-19 03:43:45 PM,-,
2021-05-19 03:43:45 PM,-,
2021-05-19 03:43:45 PM,-,
2021-05-19 03:43:45 PM,-,
2021-05-19 03:43:45 PM,-,
2021-05-19 03:43:45 PM,-,
2021-05-19 03:43:45 PM,-,
2021-05-19 03:43:45 PM,-,
2021-05-19 03:43:45 PM,-,
2021-05-19 03:43:45 PM,-,
2021-05-19 03:43:45 PM,-,
2021-05-19 03:43:45 PM,-,
2021-05-19 03:43:45 PM,-,
2021-05-19 03:43:45 PM,-,
2021-05-19 03:43:45 PM,-,
2021-05-19 03:43:45 PM,-,
2021-05-19 03:43:45 PM,-,
2021-05-19 03:43:45 PM,-,
2021-05-19 03:43:45 PM,-,
2021-05-19 03:43:45 PM,-,
2021-05-19 03:43:45 PM,-,
2021-05-19 03:43:45 PM,-,
2021-05-19 03:43:45 PM,-,
2021-05-19 03:43:45 PM,-,
2021-05-19 03:43:45 PM,-,
2021-05-19 03:43:45 PM,-,
2021-05-19 03:43:45 PM,-,
2021-05-19 03:43:45 PM,-,
2021-05-19 03:43:45 PM,-,
2021-05-19 03:43:45 PM,-,
2021-05-19 03:43:45 PM,-,
2021-05-19 03:43:45 PM,-,
2021-05-19 03:43:45 PM,-,
2021-05-19 03:43:45 PM,-,
2021-05-19 03:43:45 PM,-,
2021-05-19 03:43:45 PM,-,
2021-05-19 03:43:45 PM,-,
2021-05-19 03:43:45 PM,-,
2021-05-19 03:43:45 PM,-,
2021-05-19 03:43:45 PM,-,
2021-05-19 03:43:45 PM,-,
2021-05-19 03:43:46 PM,-,
2021-05-19 03:43:46 PM,-,
2021-05-19 03:43:46 PM,-,
2021-05-19 03:43:46 PM,-,
2021-05-19 03:43:46 PM,-,
2021-05-19 03:43:46 PM,-,
2021-05-19 03:43:46 PM,-,
2021-05-19 03:43:46 PM,-,
2021-05-19 03:43:46 PM,-,
2021-05-19 03:43:46 PM,-,
2021-05-19 03:43:46 PM,-,
2021-05-19 03:43:46 PM,-,
2021-05-19 03:43:46 PM,-,
2021-05-19 03:43:46 PM,-,
2021-05-19 03:43:46 PM,-,
2021-05-19 03:43:46 PM,-,
2021-05-19 03:43:46 PM,-,
2021-05-19 03:43:46 PM,-,
2021-05-19 03:43:46 PM,-,
2021-05-19 03:43:46 PM,-,
2021-05-19 03:43:46 PM,-,
2021-05-19 03:43:46 PM,-,
2021-05-19 03:43:46 PM,-,
2021-05-19 03:43:46 PM,-,
2021-05-19 03:43:46 PM,-,
2021-05-19 03:43:46 PM,-,
2021-05-19 03:43:46 PM,-,
2021-05-19 03:43:46 PM,-,
2021-05-19 03:43:46 PM,-,
2021-05-19 03:43:46 PM,-,
2021-05-19 03:43:46 PM,-,
2021-05-19 03:43:46 PM,-,
2021-05-19 03:43:46 PM,-,
2021-05-19 03:43:46 PM,-,
2021-05-19 03:43:46 PM,-,
2021-05-19 03:43:46 PM,-,
2021-05-19 03:43:46 PM,-,
2021-05-19 03:43:46 PM,-,
2021-05-19 03:43:46 PM,-,
2021-05-19 03:43:46 PM,-,
2021-05-19 03:43:46 PM,-,
2021-05-19 03:43:46 PM,-,
2021-05-19 03:43:46 PM,-,
2021-05-19 03:43:46 PM,-,
2021-05-19 03:43:46 PM,-,
2021-05-19 03:43:46 PM,-,
2021-05-19 03:43:46 PM,-,
2021-05-19 03:43:46 PM,-,
2021-05-19 03:43:46 PM,-,
2021-05-19 03:43:46 PM,-,
2021-05-19 03:43:46 PM,-,
2021-05-19 03:43:46 PM,-,
2021-05-19 03:43:46 PM,-,
2021-05-19 03:43:46 PM,-,
2021-05-19 03:43:46 PM,-,
2021-05-19 03:43:46 PM,-,
2021-05-19 03:43:46 PM,-,
2021-05-19 03:43:46 PM,-,
2021-05-19 03:43:46 PM,-,
2021-05-19 03:43:46 PM,-,
2021-05-19 03:43:46 PM,-,
2021-05-19 03:43:46 PM,-,
2021-05-19 03:43:46 PM,-,
2021-05-19 03:43:46 PM,-,
2021-05-19 03:43:46 PM,-,
2021-05-19 03:43:46 PM,-,
2021-05-19 03:43:46 PM,-,
2021-05-19 03:43:46 PM,-,
2021-05-19 03:43:46 PM,-,
2021-05-19 03:43:46 PM,-,
2021-05-19 03:43:46 PM,-,
2021-05-19 03:43:46 PM,-,
2021-05-19 03:43:46 PM,-,
2021-05-19 03:43:46 PM,-,
2021-05-19 03:43:46 PM,-,
2021-05-19 03:43:46 PM,-,
2021-05-19 03:43:46 PM,-,
2021-05-19 03:43:46 PM,-,
2021-05-19 03:43:46 PM,-,
2021-05-19 03:43:46 PM,-,
2021-05-19 03:43:46 PM,-,
2021-05-19 03:43:46 PM,-,
2021-05-19 03:43:46 PM,-,
2021-05-19 03:43:46 PM,-,
2021-05-19 03:43:46 PM,-,
2021-05-19 03:43:46 PM,-,
2021-05-19 03:43:46 PM,-,
2021-05-19 03:43:46 PM,-,
2021-05-19 03:43:46 PM,-,
2021-05-19 03:43:46 PM,-,
2021-05-19 03:43:46 PM,-,
2021-05-19 03:43:46 PM,-,
2021-05-19 03:43:46 PM,-,
2021-05-19 03:43:46 PM,-,
2021-05-19 03:43:46 PM,-,
2021-05-19 03:43:46 PM,-,
2021-05-19 03:43:46 PM,-,
2021-05-19 03:43:46 PM,-,
2021-05-19 03:43:46 PM,-,
2021-05-19 03:43:46 PM,-,
2021-05-19 03:43:47 PM,-,
2021-05-19 03:43:47 PM,-,
2021-05-19 03:43:47 PM,-,
2021-05-19 03:43:47 PM,-,
2021-05-19 03:43:47 PM,-,
2021-05-19 03:43:47 PM,-,
2021-05-19 03:43:47 PM,-,
2021-05-19 03:43:47 PM,-,
2021-05-19 03:43:47 PM,-,
2021-05-19 03:43:47 PM,-,
2021-05-19 03:43:47 PM,-,
2021-05-19 03:43:47 PM,-,
2021-05-19 03:43:47 PM,-,
2021-05-19 03:43:47 PM,-,
2021-05-19 03:43:47 PM,-,
2021-05-19 03:43:47 PM,-,
2021-05-19 03:43:47 PM,-,
2021-05-19 03:43:47 PM,-,
2021-05-19 03:43:47 PM,-,
2021-05-19 03:43:47 PM,-,
2021-05-19 03:43:47 PM,-,
2021-05-19 03:43:47 PM,-,
2021-05-19 03:43:47 PM,-,
2021-05-19 03:43:47 PM,-,
2021-05-19 03:43:47 PM,-,
2021-05-19 03:43:47 PM,-,
2021-05-19 03:43:47 PM,-,
2021-05-19 03:43:47 PM,-,
2021-05-19 03:43:47 PM,-,
2021-05-19 03:43:47 PM,-,
2021-05-19 03:43:47 PM,-,
2021-05-19 03:43:47 PM,-,
2021-05-19 03:43:47 PM,-,
2021-05-19 03:43:47 PM,-,
2021-05-19 03:43:47 PM,-,
2021-05-19 03:43:47 PM,-,
2021-05-19 03:43:47 PM,-,
2021-05-19 03:43:47 PM,-,
2021-05-19 03:43:47 PM,-,
2021-05-19 03:43:47 PM,-,
2021-05-19 03:43:47 PM,-,
2021-05-19 03:43:47 PM,-,
2021-05-19 03:43:47 PM,-,
2021-05-19 03:43:47 PM,-,
2021-05-19 03:43:47 PM,-,
2021-05-19 03:43:47 PM,-,
2021-05-19 03:43:47 PM,-,
2021-05-19 03:43:47 PM,-,
2021-05-19 03:43:47 PM,-,
2021-05-19 03:43:47 PM,-,
2021-05-19 03:43:47 PM,-,
2021-05-19 03:43:47 PM,-,
2021-05-19 03:43:47 PM,-,
2021-05-19 03:43:47 PM,-,
2021-05-19 03:43:47 PM,-,
2021-05-19 03:43:47 PM,-,
2021-05-19 03:43:47 PM,-,
2021-05-19 03:43:47 PM,-,
2021-05-19 03:43:47 PM,-,
2021-05-19 03:43:47 PM,-,
2021-05-19 03:43:47 PM,-,
2021-05-19 03:43:47 PM,-,
2021-05-19 03:43:47 PM,-,
2021-05-19 03:43:47 PM,-,
2021-05-19 03:43:47 PM,-,
2021-05-19 03:43:47 PM,-,
2021-05-19 03:43:47 PM,-,
2021-05-19 03:43:47 PM,-,
2021-05-19 03:43:47 PM,-,
2021-05-19 03:43:47 PM,-,
2021-05-19 03:43:47 PM,-,
2021-05-19 03:43:47 PM,-,
2021-05-19 03:43:47 PM,-,
2021-05-19 03:43:47 PM,-,
2021-05-19 03:43:47 PM,-,
2021-05-19 03:43:47 PM,-,
2021-05-19 03:43:47 PM,-,
2021-05-19 03:43:47 PM,-,
2021-05-19 03:43:47 PM,-,
2021-05-19 03:43:47 PM,-,
2021-05-19 03:43:47 PM,-,
2021-05-19 03:43:47 PM,-,
2021-05-19 03:43:47 PM,-,
2021-05-19 03:43:47 PM,-,
2021-05-19 03:43:47 PM,-,
2021-05-19 03:43:47 PM,-,
2021-05-19 03:43:47 PM,-,
2021-05-19 03:43:47 PM,-,
2021-05-19 03:43:47 PM,-,
2021-05-19 03:43:47 PM,-,
2021-05-19 03:43:47 PM,-,
2021-05-19 03:43:47 PM,-,
2021-05-19 03:43:47 PM,-,
2021-05-19 03:43:47 PM,-,
2021-05-19 03:43:47 PM,-,
2021-05-19 03:43:47 PM,-,
2021-05-19 03:43:47 PM,-,
2021-05-19 03:43:47 PM,-,
2021-05-19 03:43:47 PM,-,
2021-05-19 03:43:47 PM,-,
2021-05-19 03:43:48 PM,-,
2021-05-19 03:43:48 PM,-,
2021-05-19 03:43:48 PM,-,
2021-05-19 03:43:48 PM,-,
2021-05-19 03:43:48 PM,-,
2021-05-19 03:43:48 PM,-,
2021-05-19 03:43:48 PM,-,
2021-05-19 03:43:48 PM,-,
2021-05-19 03:43:48 PM,-,
2021-05-19 03:43:48 PM,-,
2021-05-19 03:43:48 PM,-,
2021-05-19 03:43:48 PM,-,
2021-05-19 03:43:48 PM,-,
2021-05-19 03:43:48 PM,-,
2021-05-19 03:43:48 PM,-,
2021-05-19 03:43:48 PM,-,
2021-05-19 03:43:48 PM,-,
2021-05-19 03:43:48 PM,-,
2021-05-19 03:43:48 PM,-,
2021-05-19 03:43:48 PM,-,
2021-05-19 03:43:48 PM,-,
2021-05-19 03:43:48 PM,-,
2021-05-19 03:43:48 PM,-,
2021-05-19 03:43:48 PM,-,
2021-05-19 03:43:48 PM,-,
2021-05-19 03:43:48 PM,-,
2021-05-19 03:43:48 PM,-,
2021-05-19 03:43:48 PM,-,
2021-05-19 03:43:48 PM,-,
2021-05-19 03:43:48 PM,-,
2021-05-19 03:43:48 PM,-,
2021-05-19 03:43:48 PM,-,
2021-05-19 03:43:48 PM,-,
2021-05-19 03:43:48 PM,-,
2021-05-19 03:43:48 PM,-,
2021-05-19 03:43:48 PM,-,
2021-05-19 03:43:48 PM,-,
2021-05-19 03:43:48 PM,-,
2021-05-19 03:43:48 PM,-,
2021-05-19 03:43:48 PM,-,
2021-05-19 03:43:48 PM,-,
2021-05-19 03:43:48 PM,-,
2021-05-19 03:43:48 PM,-,
2021-05-19 03:43:48 PM,-,
2021-05-19 03:43:48 PM,-,
2021-05-19 03:43:48 PM,-,
2021-05-19 03:43:48 PM,-,
2021-05-19 03:43:48 PM,-,
2021-05-19 03:43:48 PM,-,
2021-05-19 03:43:48 PM,-,
2021-05-19 03:43:48 PM,-,
2021-05-19 03:43:48 PM,-,
2021-05-19 03:43:48 PM,-,
2021-05-19 03:43:48 PM,-,
2021-05-19 03:43:48 PM,-,
2021-05-19 03:43:48 PM,-,
2021-05-19 03:43:48 PM,-,
2021-05-19 03:43:48 PM,-,
2021-05-19 03:43:48 PM,-,
2021-05-19 03:43:48 PM,-,
2021-05-19 03:43:48 PM,-,
2021-05-19 03:43:48 PM,-,
2021-05-19 03:43:48 PM,-,
2021-05-19 03:43:48 PM,-,
2021-05-19 03:43:48 PM,-,
2021-05-19 03:43:48 PM,-,
2021-05-19 03:43:48 PM,-,
2021-05-19 03:43:48 PM,-,
2021-05-19 03:43:48 PM,-,
2021-05-19 03:43:48 PM,-,
2021-05-19 03:43:48 PM,-,
2021-05-19 03:43:48 PM,-,
2021-05-19 03:43:48 PM,-,
2021-05-19 03:43:48 PM,-,
2021-05-19 03:43:48 PM,-,
2021-05-19 03:43:48 PM,-,
2021-05-19 03:43:48 PM,-,
2021-05-19 03:43:48 PM,-,
2021-05-19 03:43:48 PM,-,
2021-05-19 03:43:48 PM,-,
2021-05-19 03:43:48 PM,-,
2021-05-19 03:43:48 PM,-,
2021-05-19 03:43:48 PM,-,
2021-05-19 03:43:48 PM,-,
2021-05-19 03:43:48 PM,-,
2021-05-19 03:43:48 PM,-,
2021-05-19 03:43:48 PM,-,
2021-05-19 03:43:48 PM,-,
2021-05-19 03:43:48 PM,-,
2021-05-19 03:43:48 PM,-,
2021-05-19 03:43:48 PM,-,
2021-05-19 03:43:48 PM,-,
2021-05-19 03:43:48 PM,-,
2021-05-19 03:43:48 PM,-,
2021-05-19 03:43:48 PM,-,
2021-05-19 03:43:48 PM,-,
2021-05-19 03:43:48 PM,-,
2021-05-19 03:43:48 PM,-,
2021-05-19 03:43:48 PM,-,
2021-05-19 03:43:48 PM,-,
2021-05-19 03:43:49 PM,-,
2021-05-19 03:43:49 PM,-,
2021-05-19 03:43:49 PM,-,
2021-05-19 03:43:49 PM,-,
2021-05-19 03:43:49 PM,-,
2021-05-19 03:43:49 PM,-,
2021-05-19 03:43:49 PM,-,
2021-05-19 03:43:49 PM,-,
2021-05-19 03:43:49 PM,-,
2021-05-19 03:43:49 PM,-,
2021-05-19 03:43:49 PM,-,
2021-05-19 03:43:49 PM,-,
2021-05-19 03:43:49 PM,-,
2021-05-19 03:43:49 PM,-,
2021-05-19 03:43:49 PM,-,
2021-05-19 03:43:49 PM,-,
2021-05-19 03:43:49 PM,-,
2021-05-19 03:43:49 PM,-,
2021-05-19 03:43:49 PM,-,
2021-05-19 03:43:49 PM,-,
2021-05-19 03:43:49 PM,-,
2021-05-19 03:43:49 PM,-,
2021-05-19 03:43:49 PM,-,
2021-05-19 03:43:49 PM,-,
2021-05-19 03:43:49 PM,-,
2021-05-19 03:43:49 PM,-,
2021-05-19 03:43:49 PM,-,
2021-05-19 03:43:49 PM,-,
2021-05-19 03:43:49 PM,-,
2021-05-19 03:43:49 PM,-,
2021-05-19 03:43:49 PM,-,
2021-05-19 03:43:49 PM,-,
2021-05-19 03:43:49 PM,-,
2021-05-19 03:43:49 PM,-,
2021-05-19 03:43:49 PM,-,
2021-05-19 03:43:49 PM,-,
2021-05-19 03:43:49 PM,-,
2021-05-19 03:43:49 PM,-,
2021-05-19 03:43:49 PM,-,
2021-05-19 03:43:49 PM,-,
2021-05-19 03:43:49 PM,-,
2021-05-19 03:43:49 PM,-,
2021-05-19 03:43:49 PM,-,
2021-05-19 03:43:49 PM,-,
2021-05-19 03:43:49 PM,-,
2021-05-19 03:43:49 PM,-,
2021-05-19 03:43:49 PM,-,
2021-05-19 03:43:49 PM,-,
2021-05-19 03:43:49 PM,-,
2021-05-19 03:43:49 PM,-,
2021-05-19 03:43:49 PM,-,
2021-05-19 03:43:49 PM,-,
2021-05-19 03:43:49 PM,-,
2021-05-19 03:43:49 PM,-,
2021-05-19 03:43:49 PM,-,
2021-05-19 03:43:49 PM,-,
2021-05-19 03:43:49 PM,-,
2021-05-19 03:43:49 PM,-,
2021-05-19 03:43:49 PM,-,
2021-05-19 03:43:49 PM,-,
2021-05-19 03:43:49 PM,-,
2021-05-19 03:43:49 PM,-,
2021-05-19 03:43:49 PM,-,
2021-05-19 03:43:49 PM,-,
2021-05-19 03:43:49 PM,-,
2021-05-19 03:43:49 PM,-,
2021-05-19 03:43:49 PM,-,
2021-05-19 03:43:49 PM,-,
2021-05-19 03:43:49 PM,-,
2021-05-19 03:43:49 PM,-,
2021-05-19 03:43:49 PM,-,
2021-05-19 03:43:49 PM,-,
2021-05-19 03:43:49 PM,-,
2021-05-19 03:43:49 PM,-,
2021-05-19 03:43:49 PM,-,
2021-05-19 03:43:49 PM,-,
2021-05-19 03:43:49 PM,-,
2021-05-19 03:43:49 PM,-,
2021-05-19 03:43:49 PM,-,
2021-05-19 03:43:49 PM,-,
2021-05-19 03:43:49 PM,-,
2021-05-19 03:43:49 PM,-,
2021-05-19 03:43:49 PM,-,
2021-05-19 03:43:49 PM,-,
2021-05-19 03:43:49 PM,-,
2021-05-19 03:43:49 PM,-,
2021-05-19 03:43:49 PM,-,
2021-05-19 03:43:49 PM,-,
2021-05-19 03:43:49 PM,-,
2021-05-19 03:43:49 PM,-,
2021-05-19 03:43:49 PM,-,
2021-05-19 03:43:49 PM,-,
2021-05-19 03:43:49 PM,-,
2021-05-19 03:43:49 PM,-,
2021-05-19 03:43:49 PM,-,
2021-05-19 03:43:49 PM,-,
2021-05-19 03:43:49 PM,-,
2021-05-19 03:43:49 PM,-,
2021-05-19 03:43:49 PM,-,
2021-05-19 03:43:49 PM,-,
2021-05-19 03:43:50 PM,-,
2021-05-19 03:43:50 PM,-,
2021-05-19 03:43:50 PM,-,
2021-05-19 03:43:50 PM,-,
2021-05-19 03:43:50 PM,-,
2021-05-19 03:43:50 PM,-,
2021-05-19 03:43:50 PM,-,
2021-05-19 03:43:50 PM,-,
2021-05-19 03:43:50 PM,-,
2021-05-19 03:43:50 PM,-,
2021-05-19 03:43:50 PM,-,
2021-05-19 03:43:50 PM,-,
2021-05-19 03:43:50 PM,-,
2021-05-19 03:43:50 PM,-,
2021-05-19 03:43:50 PM,-,
2021-05-19 03:43:50 PM,-,
2021-05-19 03:43:50 PM,-,
2021-05-19 03:43:50 PM,-,
2021-05-19 03:43:50 PM,-,
2021-05-19 03:43:50 PM,-,
2021-05-19 03:43:50 PM,-,
2021-05-19 03:43:50 PM,-,
2021-05-19 03:43:50 PM,-,
2021-05-19 03:43:50 PM,-,
2021-05-19 03:43:50 PM,-,
2021-05-19 03:43:50 PM,-,
2021-05-19 03:43:50 PM,-,
2021-05-19 03:43:50 PM,-,
2021-05-19 03:43:50 PM,-,
2021-05-19 03:43:50 PM,-,
2021-05-19 03:43:50 PM,-,
2021-05-19 03:43:50 PM,-,
2021-05-19 03:43:50 PM,-,
2021-05-19 03:43:50 PM,-,
2021-05-19 03:43:50 PM,-,
2021-05-19 03:43:50 PM,-,
2021-05-19 03:43:50 PM,-,
2021-05-19 03:43:50 PM,-,
2021-05-19 03:43:50 PM,-,
2021-05-19 03:43:50 PM,-,
2021-05-19 03:43:50 PM,-,
2021-05-19 03:43:50 PM,-,
2021-05-19 03:43:50 PM,-,
2021-05-19 03:43:50 PM,-,
2021-05-19 03:43:50 PM,-,
2021-05-19 03:43:50 PM,-,
2021-05-19 03:43:50 PM,-,
2021-05-19 03:43:50 PM,-,
2021-05-19 03:43:50 PM,-,
2021-05-19 03:43:50 PM,-,
2021-05-19 03:43:50 PM,-,
2021-05-19 03:43:50 PM,-,
2021-05-19 03:43:50 PM,-,
2021-05-19 03:43:50 PM,-,
2021-05-19 03:43:50 PM,-,
2021-05-19 03:43:50 PM,-,
2021-05-19 03:43:50 PM,-,
2021-05-19 03:43:50 PM,-,
2021-05-19 03:43:50 PM,-,
2021-05-19 03:43:50 PM,-,
2021-05-19 03:43:50 PM,-,
2021-05-19 03:43:50 PM,-,
2021-05-19 03:43:50 PM,-,
2021-05-19 03:43:50 PM,-,
2021-05-19 03:43:50 PM,-,
2021-05-19 03:43:50 PM,-,
2021-05-19 03:43:50 PM,-,
2021-05-19 03:43:50 PM,-,
2021-05-19 03:43:50 PM,-,
2021-05-19 03:43:50 PM,-,
2021-05-19 03:43:50 PM,-,
2021-05-19 03:43:50 PM,-,
2021-05-19 03:43:50 PM,-,
2021-05-19 03:43:50 PM,-,
2021-05-19 03:43:50 PM,-,
2021-05-19 03:43:50 PM,-,
2021-05-19 03:43:50 PM,-,
2021-05-19 03:43:50 PM,-,
2021-05-19 03:43:50 PM,-,
2021-05-19 03:43:50 PM,-,
2021-05-19 03:43:50 PM,-,
2021-05-19 03:43:50 PM,-,
2021-05-19 03:43:50 PM,-,
2021-05-19 03:43:50 PM,-,
2021-05-19 03:43:50 PM,-,
2021-05-19 03:43:50 PM,-,
2021-05-19 03:43:50 PM,-,
2021-05-19 03:43:50 PM,-,
2021-05-19 03:43:50 PM,-,
2021-05-19 03:43:50 PM,-,
2021-05-19 03:43:50 PM,-,
2021-05-19 03:43:50 PM,-,
2021-05-19 03:43:50 PM,-,
2021-05-19 03:43:50 PM,-,
2021-05-19 03:43:50 PM,-,
2021-05-19 03:43:50 PM,-,
2021-05-19 03:43:50 PM,-,
2021-05-19 03:43:50 PM,-,
2021-05-19 03:43:50 PM,-,
2021-05-19 03:43:50 PM,-,
2021-05-19 03:43:51 PM,-,
2021-05-19 03:43:51 PM,-,
2021-05-19 03:43:51 PM,-,
2021-05-19 03:43:51 PM,-,
2021-05-19 03:43:51 PM,-,
2021-05-19 03:43:51 PM,-,
2021-05-19 03:43:51 PM,-,
2021-05-19 03:43:51 PM,-,
2021-05-19 03:43:51 PM,-,
2021-05-19 03:43:51 PM,-,
2021-05-19 03:43:51 PM,-,
2021-05-19 03:43:51 PM,-,
2021-05-19 03:43:51 PM,-,
2021-05-19 03:43:51 PM,-,
2021-05-19 03:43:51 PM,-,
2021-05-19 03:43:51 PM,-,
2021-05-19 03:43:51 PM,-,
2021-05-19 03:43:51 PM,-,
2021-05-19 03:43:51 PM,-,
2021-05-19 03:43:51 PM,-,
2021-05-19 03:43:51 PM,-,
2021-05-19 03:43:51 PM,-,
2021-05-19 03:43:51 PM,-,
2021-05-19 03:43:51 PM,-,
2021-05-19 03:43:51 PM,-,
2021-05-19 03:43:51 PM,-,
2021-05-19 03:43:51 PM,-,
2021-05-19 03:43:51 PM,-,
2021-05-19 03:43:51 PM,-,
2021-05-19 03:43:51 PM,-,
2021-05-19 03:43:51 PM,-,
2021-05-19 03:43:51 PM,-,
2021-05-19 03:43:51 PM,-,
2021-05-19 03:43:51 PM,-,
2021-05-19 03:43:51 PM,-,
2021-05-19 03:43:51 PM,-,
2021-05-19 03:43:51 PM,-,
2021-05-19 03:43:51 PM,-,
2021-05-19 03:43:51 PM,-,
2021-05-19 03:43:51 PM,-,
2021-05-19 03:43:51 PM,-,
2021-05-19 03:43:51 PM,-,
2021-05-19 03:43:51 PM,-,
2021-05-19 03:43:51 PM,-,
2021-05-19 03:43:51 PM,-,
2021-05-19 03:43:51 PM,-,
2021-05-19 03:43:51 PM,-,
2021-05-19 03:43:51 PM,-,
2021-05-19 03:43:51 PM,-,
2021-05-19 03:43:51 PM,-,
2021-05-19 03:43:51 PM,-,
2021-05-19 03:43:51 PM,-,
2021-05-19 03:43:51 PM,-,
2021-05-19 03:43:51 PM,-,
2021-05-19 03:43:51 PM,-,
2021-05-19 03:43:51 PM,-,
2021-05-19 03:43:51 PM,-,
2021-05-19 03:43:51 PM,-,
2021-05-19 03:43:51 PM,-,
2021-05-19 03:43:51 PM,-,
2021-05-19 03:43:51 PM,-,
2021-05-19 03:43:51 PM,-,
2021-05-19 03:43:51 PM,-,
2021-05-19 03:43:51 PM,-,
2021-05-19 03:43:51 PM,-,
2021-05-19 03:43:51 PM,-,
2021-05-19 03:43:51 PM,-,
2021-05-19 03:43:51 PM,-,
2021-05-19 03:43:51 PM,-,
2021-05-19 03:43:51 PM,-,
2021-05-19 03:43:51 PM,-,
2021-05-19 03:43:51 PM,-,
2021-05-19 03:43:51 PM,-,
2021-05-19 03:43:51 PM,-,
2021-05-19 03:43:51 PM,-,
2021-05-19 03:43:51 PM,-,
2021-05-19 03:43:51 PM,-,
2021-05-19 03:43:51 PM,-,
2021-05-19 03:43:51 PM,-,
2021-05-19 03:43:51 PM,-,
2021-05-19 03:43:51 PM,-,
2021-05-19 03:43:51 PM,-,
2021-05-19 03:43:51 PM,-,
2021-05-19 03:43:51 PM,-,
2021-05-19 03:43:51 PM,-,
2021-05-19 03:43:51 PM,-,
2021-05-19 03:43:51 PM,-,
2021-05-19 03:43:51 PM,-,
2021-05-19 03:43:51 PM,-,
2021-05-19 03:43:51 PM,-,
2021-05-19 03:43:51 PM,-,
2021-05-19 03:43:51 PM,-,
2021-05-19 03:43:51 PM,-,
2021-05-19 03:43:51 PM,-,
2021-05-19 03:43:51 PM,-,
2021-05-19 03:43:51 PM,-,
2021-05-19 03:43:51 PM,-,
2021-05-19 03:43:51 PM,-,
2021-05-19 03:43:51 PM,-,
2021-05-19 03:43:51 PM,-,
2021-05-19 03:43:52 PM,-,
2021-05-19 03:43:52 PM,-,
2021-05-19 03:43:52 PM,-,
2021-05-19 03:43:52 PM,-,
2021-05-19 03:43:52 PM,-,
2021-05-19 03:43:52 PM,-,
2021-05-19 03:43:52 PM,-,
2021-05-19 03:43:52 PM,-,
2021-05-19 03:43:52 PM,-,
2021-05-19 03:43:52 PM,-,
2021-05-19 03:43:52 PM,-,
2021-05-19 03:43:52 PM,-,
2021-05-19 03:43:52 PM,-,
2021-05-19 03:43:52 PM,-,
2021-05-19 03:43:52 PM,-,
2021-05-19 03:43:52 PM,-,
2021-05-19 03:43:52 PM,-,
2021-05-19 03:43:52 PM,-,
2021-05-19 03:43:52 PM,-,
2021-05-19 03:43:52 PM,-,
2021-05-19 03:43:52 PM,-,
2021-05-19 03:43:52 PM,-,
2021-05-19 03:43:52 PM,-,
2021-05-19 03:43:52 PM,-,
2021-05-19 03:43:52 PM,-,
2021-05-19 03:43:52 PM,-,
2021-05-19 03:43:52 PM,-,
2021-05-19 03:43:52 PM,-,
2021-05-19 03:43:52 PM,-,
2021-05-19 03:43:52 PM,-,
2021-05-19 03:43:52 PM,-,
2021-05-19 03:43:52 PM,-,
2021-05-19 03:43:52 PM,-,
2021-05-19 03:43:52 PM,-,
2021-05-19 03:43:52 PM,-,
2021-05-19 03:43:52 PM,-,
2021-05-19 03:43:52 PM,-,
2021-05-19 03:43:52 PM,-,
2021-05-19 03:43:52 PM,-,
2021-05-19 03:43:52 PM,-,
2021-05-19 03:43:52 PM,-,
2021-05-19 03:43:52 PM,-,
2021-05-19 03:43:52 PM,-,
2021-05-19 03:43:52 PM,-,
2021-05-19 03:43:52 PM,-,
2021-05-19 03:43:52 PM,-,
2021-05-19 03:43:52 PM,-,
2021-05-19 03:43:52 PM,-,
2021-05-19 03:43:52 PM,-,
2021-05-19 03:43:52 PM,-,
2021-05-19 03:43:52 PM,-,
2021-05-19 03:43:52 PM,-,
2021-05-19 03:43:52 PM,-,
2021-05-19 03:43:52 PM,-,
2021-05-19 03:43:52 PM,-,
2021-05-19 03:43:52 PM,-,
2021-05-19 03:43:52 PM,-,
2021-05-19 03:43:52 PM,-,
2021-05-19 03:43:52 PM,-,
2021-05-19 03:43:52 PM,-,
2021-05-19 03:43:52 PM,-,
2021-05-19 03:43:52 PM,-,
2021-05-19 03:43:52 PM,-,
2021-05-19 03:43:52 PM,-,
2021-05-19 03:43:52 PM,-,
2021-05-19 03:43:52 PM,-,
2021-05-19 03:43:52 PM,-,
2021-05-19 03:43:52 PM,-,
2021-05-19 03:43:52 PM,-,
2021-05-19 03:43:52 PM,-,
2021-05-19 03:43:52 PM,-,
2021-05-19 03:43:52 PM,-,
2021-05-19 03:43:52 PM,-,
2021-05-19 03:43:52 PM,-,
2021-05-19 03:43:52 PM,-,
2021-05-19 03:43:52 PM,-,
2021-05-19 03:43:52 PM,-,
2021-05-19 03:43:52 PM,-,
2021-05-19 03:43:52 PM,-,
2021-05-19 03:43:52 PM,-,
2021-05-19 03:43:52 PM,-,
2021-05-19 03:43:52 PM,-,
2021-05-19 03:43:52 PM,-,
2021-05-19 03:43:52 PM,-,
2021-05-19 03:43:52 PM,-,
2021-05-19 03:43:52 PM,-,
2021-05-19 03:43:52 PM,-,
2021-05-19 03:43:52 PM,-,
2021-05-19 03:43:52 PM,-,
2021-05-19 03:43:52 PM,-,
2021-05-19 03:43:52 PM,-,
2021-05-19 03:43:52 PM,-,
2021-05-19 03:43:52 PM,-,
2021-05-19 03:43:52 PM,-,
2021-05-19 03:43:52 PM,-,
2021-05-19 03:43:52 PM,-,
2021-05-19 03:43:52 PM,-,
2021-05-19 03:43:52 PM,-,
2021-05-19 03:43:52 PM,-,
2021-05-19 03:43:52 PM,-,
2021-05-19 03:43:53 PM,-,
2021-05-19 03:43:53 PM,-,
2021-05-19 03:43:53 PM,-,
2021-05-19 03:43:53 PM,-,
2021-05-19 03:43:53 PM,-,
2021-05-19 03:43:53 PM,-,
2021-05-19 03:43:53 PM,-,
2021-05-19 03:43:53 PM,-,
2021-05-19 03:43:53 PM,-,
2021-05-19 03:43:53 PM,-,
2021-05-19 03:43:53 PM,-,
2021-05-19 03:43:53 PM,-,
2021-05-19 03:43:53 PM,-,
2021-05-19 03:43:53 PM,-,
2021-05-19 03:43:53 PM,-,
2021-05-19 03:43:53 PM,-,
2021-05-19 03:43:53 PM,-,
2021-05-19 03:43:53 PM,-,
2021-05-19 03:43:53 PM,-,
2021-05-19 03:43:53 PM,-,
2021-05-19 03:43:53 PM,-,
2021-05-19 03:43:53 PM,-,
2021-05-19 03:43:53 PM,-,
2021-05-19 03:43:53 PM,-,
2021-05-19 03:43:53 PM,-,
2021-05-19 03:43:53 PM,-,
2021-05-19 03:43:53 PM,-,
2021-05-19 03:43:53 PM,-,
2021-05-19 03:43:53 PM,-,
2021-05-19 03:43:53 PM,-,
2021-05-19 03:43:53 PM,-,
2021-05-19 03:43:53 PM,-,
2021-05-19 03:43:53 PM,-,
2021-05-19 03:43:53 PM,-,
2021-05-19 03:43:53 PM,-,
2021-05-19 03:43:53 PM,-,
2021-05-19 03:43:53 PM,-,
2021-05-19 03:43:53 PM,-,
2021-05-19 03:43:53 PM,-,
2021-05-19 03:43:53 PM,-,
2021-05-19 03:43:53 PM,-,
2021-05-19 03:43:53 PM,-,
2021-05-19 03:43:53 PM,-,
2021-05-19 03:43:53 PM,-,
2021-05-19 03:43:53 PM,-,
2021-05-19 03:43:53 PM,-,
2021-05-19 03:43:53 PM,-,
2021-05-19 03:43:53 PM,-,
2021-05-19 03:43:53 PM,-,
2021-05-19 03:43:53 PM,-,
2021-05-19 03:43:53 PM,-,
2021-05-19 03:43:53 PM,-,
2021-05-19 03:43:53 PM,-,
2021-05-19 03:43:53 PM,-,
2021-05-19 03:43:53 PM,-,
2021-05-19 03:43:53 PM,-,
2021-05-19 03:43:53 PM,-,
2021-05-19 03:43:53 PM,-,
2021-05-19 03:43:53 PM,-,
2021-05-19 03:43:53 PM,-,
2021-05-19 03:43:53 PM,-,
2021-05-19 03:43:53 PM,-,
2021-05-19 03:43:53 PM,-,
2021-05-19 03:43:53 PM,-,
2021-05-19 03:43:53 PM,-,
2021-05-19 03:43:53 PM,-,
2021-05-19 03:43:53 PM,-,
2021-05-19 03:43:53 PM,-,
2021-05-19 03:43:53 PM,-,
2021-05-19 03:43:53 PM,-,
2021-05-19 03:43:53 PM,-,
2021-05-19 03:43:53 PM,-,
2021-05-19 03:43:53 PM,-,
2021-05-19 03:43:53 PM,-,
2021-05-19 03:43:53 PM,-,
2021-05-19 03:43:53 PM,-,
2021-05-19 03:43:53 PM,-,
2021-05-19 03:43:53 PM,-,
2021-05-19 03:43:53 PM,-,
2021-05-19 03:43:53 PM,-,
2021-05-19 03:43:53 PM,-,
2021-05-19 03:43:53 PM,-,
2021-05-19 03:43:53 PM,-,
2021-05-19 03:43:53 PM,-,
2021-05-19 03:43:53 PM,-,
2021-05-19 03:43:53 PM,-,
2021-05-19 03:43:53 PM,-,
2021-05-19 03:43:53 PM,-,
2021-05-19 03:43:53 PM,-,
2021-05-19 03:43:53 PM,-,
2021-05-19 03:43:53 PM,-,
2021-05-19 03:43:53 PM,-,
2021-05-19 03:43:53 PM,-,
2021-05-19 03:43:53 PM,-,
2021-05-19 03:43:53 PM,-,
2021-05-19 03:43:53 PM,-,
2021-05-19 03:43:53 PM,-,
2021-05-19 03:43:53 PM,-,
2021-05-19 03:43:53 PM,-,
2021-05-19 03:43:53 PM,-,
2021-05-19 03:43:54 PM,-,
2021-05-19 03:43:54 PM,-,
2021-05-19 03:43:54 PM,-,
2021-05-19 03:43:54 PM,-,
2021-05-19 03:43:54 PM,-,
2021-05-19 03:43:54 PM,-,
2021-05-19 03:43:54 PM,-,
2021-05-19 03:43:54 PM,-,
2021-05-19 03:43:54 PM,-,
2021-05-19 03:43:54 PM,-,
2021-05-19 03:43:54 PM,-,
2021-05-19 03:43:54 PM,-,
2021-05-19 03:43:54 PM,-,
2021-05-19 03:43:54 PM,-,
2021-05-19 03:43:54 PM,-,
2021-05-19 03:43:54 PM,-,
2021-05-19 03:43:54 PM,-,
2021-05-19 03:43:54 PM,-,
2021-05-19 03:43:54 PM,-,
2021-05-19 03:43:54 PM,-,
2021-05-19 03:43:54 PM,-,
2021-05-19 03:43:54 PM,-,
2021-05-19 03:43:54 PM,-,
2021-05-19 03:43:54 PM,-,
2021-05-19 03:43:54 PM,-,
2021-05-19 03:43:54 PM,-,
2021-05-19 03:43:54 PM,-,
2021-05-19 03:43:54 PM,-,
2021-05-19 03:43:54 PM,-,
2021-05-19 03:43:54 PM,-,
2021-05-19 03:43:54 PM,-,
2021-05-19 03:43:54 PM,-,
2021-05-19 03:43:54 PM,-,
2021-05-19 03:43:54 PM,-,
2021-05-19 03:43:54 PM,-,
2021-05-19 03:43:54 PM,-,
2021-05-19 03:43:54 PM,-,
2021-05-19 03:43:54 PM,-,
2021-05-19 03:43:54 PM,-,
2021-05-19 03:43:54 PM,-,
2021-05-19 03:43:54 PM,-,
2021-05-19 03:43:54 PM,-,
2021-05-19 03:43:54 PM,-,
2021-05-19 03:43:54 PM,-,
2021-05-19 03:43:54 PM,-,
2021-05-19 03:43:54 PM,-,
2021-05-19 03:43:54 PM,-,
2021-05-19 03:43:54 PM,-,
2021-05-19 03:43:54 PM,-,
2021-05-19 03:43:54 PM,-,
2021-05-19 03:43:54 PM,-,
2021-05-19 03:43:54 PM,-,
2021-05-19 03:43:54 PM,-,
2021-05-19 03:43:54 PM,-,
2021-05-19 03:43:54 PM,-,
2021-05-19 03:43:54 PM,-,
2021-05-19 03:43:54 PM,-,
2021-05-19 03:43:54 PM,-,
2021-05-19 03:43:54 PM,-,
2021-05-19 03:43:54 PM,-,
2021-05-19 03:43:54 PM,-,
2021-05-19 03:43:54 PM,-,
2021-05-19 03:43:54 PM,-,
2021-05-19 03:43:54 PM,-,
2021-05-19 03:43:54 PM,-,
2021-05-19 03:43:54 PM,-,
2021-05-19 03:43:54 PM,-,
2021-05-19 03:43:54 PM,-,
2021-05-19 03:43:54 PM,-,
2021-05-19 03:43:54 PM,-,
2021-05-19 03:43:54 PM,-,
2021-05-19 03:43:54 PM,-,
2021-05-19 03:43:54 PM,-,
2021-05-19 03:43:54 PM,-,
2021-05-19 03:43:54 PM,-,
2021-05-19 03:43:54 PM,-,
2021-05-19 03:43:54 PM,-,
2021-05-19 03:43:54 PM,-,
2021-05-19 03:43:54 PM,-,
2021-05-19 03:43:54 PM,-,
2021-05-19 03:43:54 PM,-,
2021-05-19 03:43:54 PM,-,
2021-05-19 03:43:54 PM,-,
2021-05-19 03:43:54 PM,-,
2021-05-19 03:43:54 PM,-,
2021-05-19 03:43:54 PM,-,
2021-05-19 03:43:54 PM,-,
2021-05-19 03:43:54 PM,-,
2021-05-19 03:43:54 PM,-,
2021-05-19 03:43:54 PM,-,
2021-05-19 03:43:54 PM,-,
2021-05-19 03:43:54 PM,-,
2021-05-19 03:43:54 PM,-,
2021-05-19 03:43:54 PM,-,
2021-05-19 03:43:54 PM,-,
2021-05-19 03:43:54 PM,-,
2021-05-19 03:43:54 PM,-,
2021-05-19 03:43:54 PM,-,
2021-05-19 03:43:54 PM,-,
2021-05-19 03:43:54 PM,-,
2021-05-19 03:43:55 PM,-,
2021-05-19 03:43:55 PM,-,
2021-05-19 03:43:55 PM,-,
2021-05-19 03:43:55 PM,-,
2021-05-19 03:43:55 PM,-,
2021-05-19 03:43:55 PM,-,
2021-05-19 03:43:55 PM,-,
2021-05-19 03:43:55 PM,-,
2021-05-19 03:43:55 PM,-,
2021-05-19 03:43:55 PM,-,
2021-05-19 03:43:55 PM,-,
2021-05-19 03:43:55 PM,-,
2021-05-19 03:43:55 PM,-,
2021-05-19 03:43:55 PM,-,
2021-05-19 03:43:55 PM,-,
2021-05-19 03:43:55 PM,-,
2021-05-19 03:43:55 PM,-,
2021-05-19 03:43:55 PM,-,
2021-05-19 03:43:55 PM,-,
2021-05-19 03:43:55 PM,-,
2021-05-19 03:43:55 PM,-,
2021-05-19 03:43:55 PM,-,
2021-05-19 03:43:55 PM,-,
2021-05-19 03:43:55 PM,-,
2021-05-19 03:43:55 PM,-,
2021-05-19 03:43:55 PM,-,
2021-05-19 03:43:55 PM,-,
2021-05-19 03:43:55 PM,-,
2021-05-19 03:43:55 PM,-,
2021-05-19 03:43:55 PM,-,
2021-05-19 03:43:55 PM,-,
2021-05-19 03:43:55 PM,-,
2021-05-19 03:43:55 PM,-,
2021-05-19 03:43:55 PM,-,
2021-05-19 03:43:55 PM,-,
2021-05-19 03:43:55 PM,-,
2021-05-19 03:43:55 PM,-,
2021-05-19 03:43:55 PM,-,
2021-05-19 03:43:55 PM,-,
2021-05-19 03:43:55 PM,-,
2021-05-19 03:43:55 PM,-,
2021-05-19 03:43:55 PM,-,
2021-05-19 03:43:55 PM,-,
2021-05-19 03:43:55 PM,-,
2021-05-19 03:43:55 PM,-,
2021-05-19 03:43:55 PM,-,
2021-05-19 03:43:55 PM,-,
2021-05-19 03:43:55 PM,-,
2021-05-19 03:43:55 PM,-,
2021-05-19 03:43:55 PM,-,
2021-05-19 03:43:55 PM,-,
2021-05-19 03:43:55 PM,-,
2021-05-19 03:43:55 PM,-,
2021-05-19 03:43:55 PM,-,
2021-05-19 03:43:55 PM,-,
2021-05-19 03:43:55 PM,-,
2021-05-19 03:43:55 PM,-,
2021-05-19 03:43:55 PM,-,
2021-05-19 03:43:55 PM,-,
2021-05-19 03:43:55 PM,-,
2021-05-19 03:43:55 PM,-,
2021-05-19 03:43:55 PM,-,
2021-05-19 03:43:55 PM,-,
2021-05-19 03:43:55 PM,-,
2021-05-19 03:43:55 PM,-,
2021-05-19 03:43:55 PM,-,
2021-05-19 03:43:55 PM,-,
2021-05-19 03:43:55 PM,-,
2021-05-19 03:43:55 PM,-,
2021-05-19 03:43:55 PM,-,
2021-05-19 03:43:55 PM,-,
2021-05-19 03:43:55 PM,-,
2021-05-19 03:43:55 PM,-,
2021-05-19 03:43:55 PM,-,
2021-05-19 03:43:55 PM,-,
2021-05-19 03:43:55 PM,-,
2021-05-19 03:43:55 PM,-,
2021-05-19 03:43:55 PM,-,
2021-05-19 03:43:55 PM,-,
2021-05-19 03:43:55 PM,-,
2021-05-19 03:43:55 PM,-,
2021-05-19 03:43:55 PM,-,
2021-05-19 03:43:55 PM,-,
2021-05-19 03:43:55 PM,-,
2021-05-19 03:43:55 PM,-,
2021-05-19 03:43:55 PM,-,
2021-05-19 03:43:55 PM,-,
2021-05-19 03:43:55 PM,-,
2021-05-19 03:43:55 PM,-,
2021-05-19 03:43:55 PM,-,
2021-05-19 03:43:55 PM,-,
2021-05-19 03:43:55 PM,-,
2021-05-19 03:43:55 PM,-,
2021-05-19 03:43:55 PM,-,
2021-05-19 03:43:55 PM,-,
2021-05-19 03:43:55 PM,-,
2021-05-19 03:43:55 PM,-,
2021-05-19 03:43:55 PM,-,
2021-05-19 03:43:55 PM,-,
2021-05-19 03:43:55 PM,-,
2021-05-19 03:43:56 PM,-,
2021-05-19 03:43:56 PM,-,
2021-05-19 03:43:56 PM,-,
2021-05-19 03:43:56 PM,-,
2021-05-19 03:43:56 PM,-,
2021-05-19 03:43:56 PM,-,
2021-05-19 03:43:56 PM,-,
2021-05-19 03:43:56 PM,-,
2021-05-19 03:43:56 PM,-,
2021-05-19 03:43:56 PM,-,
2021-05-19 03:43:56 PM,-,
2021-05-19 03:43:56 PM,-,
2021-05-19 03:43:56 PM,-,
2021-05-19 03:43:56 PM,-,
2021-05-19 03:43:56 PM,-,
2021-05-19 03:43:56 PM,-,
2021-05-19 03:43:56 PM,-,
2021-05-19 03:43:56 PM,-,
2021-05-19 03:43:56 PM,-,
2021-05-19 03:43:56 PM,-,
2021-05-19 03:43:56 PM,-,
2021-05-19 03:43:56 PM,-,
2021-05-19 03:43:56 PM,-,
2021-05-19 03:43:56 PM,-,
2021-05-19 03:43:56 PM,-,
2021-05-19 03:43:56 PM,-,
2021-05-19 03:43:56 PM,-,
2021-05-19 03:43:56 PM,-,
2021-05-19 03:43:56 PM,-,
2021-05-19 03:43:56 PM,-,
2021-05-19 03:43:56 PM,-,
2021-05-19 03:43:56 PM,-,
2021-05-19 03:43:56 PM,-,
2021-05-19 03:43:56 PM,-,
2021-05-19 03:43:56 PM,-,
2021-05-19 03:43:56 PM,-,
2021-05-19 03:43:56 PM,-,
2021-05-19 03:43:56 PM,-,
2021-05-19 03:43:56 PM,-,
2021-05-19 03:43:56 PM,-,
2021-05-19 03:43:56 PM,-,
2021-05-19 03:43:56 PM,-,
2021-05-19 03:43:56 PM,-,
2021-05-19 03:43:56 PM,-,
2021-05-19 03:43:56 PM,-,
2021-05-19 03:43:56 PM,-,
2021-05-19 03:43:56 PM,-,
2021-05-19 03:43:56 PM,-,
2021-05-19 03:43:56 PM,-,
2021-05-19 03:43:56 PM,-,
2021-05-19 03:43:56 PM,-,
2021-05-19 03:43:56 PM,-,
2021-05-19 03:43:56 PM,-,
2021-05-19 03:43:56 PM,-,
2021-05-19 03:43:56 PM,-,
2021-05-19 03:43:56 PM,-,
2021-05-19 03:43:56 PM,-,
2021-05-19 03:43:56 PM,-,
2021-05-19 03:43:56 PM,-,
2021-05-19 03:43:56 PM,-,
2021-05-19 03:43:56 PM,-,
2021-05-19 03:43:56 PM,-,
2021-05-19 03:43:56 PM,-,
2021-05-19 03:43:56 PM,-,
2021-05-19 03:43:56 PM,-,
2021-05-19 03:43:56 PM,-,
2021-05-19 03:43:56 PM,-,
2021-05-19 03:43:56 PM,-,
2021-05-19 03:43:56 PM,-,
2021-05-19 03:43:56 PM,-,
2021-05-19 03:43:56 PM,-,
2021-05-19 03:43:56 PM,-,
2021-05-19 03:43:56 PM,-,
2021-05-19 03:43:56 PM,-,
2021-05-19 03:43:56 PM,-,
2021-05-19 03:43:56 PM,-,
2021-05-19 03:43:56 PM,-,
2021-05-19 03:43:56 PM,-,
2021-05-19 03:43:56 PM,-,
2021-05-19 03:43:56 PM,-,
2021-05-19 03:43:56 PM,-,
2021-05-19 03:43:56 PM,-,
2021-05-19 03:43:56 PM,-,
2021-05-19 03:43:56 PM,-,
2021-05-19 03:43:56 PM,-,
2021-05-19 03:43:56 PM,-,
2021-05-19 03:43:56 PM,-,
2021-05-19 03:43:56 PM,-,
2021-05-19 03:43:56 PM,-,
2021-05-19 03:43:56 PM,-,
2021-05-19 03:43:56 PM,-,
2021-05-19 03:43:56 PM,-,
2021-05-19 03:43:56 PM,-,
2021-05-19 03:43:56 PM,-,
2021-05-19 03:43:56 PM,-,
2021-05-19 03:43:56 PM,-,
2021-05-19 03:43:56 PM,-,
2021-05-19 03:43:56 PM,-,
2021-05-19 03:43:56 PM,-,
2021-05-19 03:43:56 PM,-,
2021-05-19 03:43:57 PM,-,
2021-05-19 03:43:57 PM,-,
2021-05-19 03:43:57 PM,-,
2021-05-19 03:43:57 PM,-,
2021-05-19 03:43:57 PM,-,
2021-05-19 03:43:57 PM,-,
2021-05-19 03:43:57 PM,-,
2021-05-19 03:43:57 PM,-,
2021-05-19 03:43:57 PM,-,
2021-05-19 03:43:57 PM,-,
2021-05-19 03:43:57 PM,-,
2021-05-19 03:43:57 PM,-,
2021-05-19 03:43:57 PM,-,
2021-05-19 03:43:57 PM,-,
2021-05-19 03:43:57 PM,-,
2021-05-19 03:43:57 PM,-,
2021-05-19 03:43:57 PM,-,
2021-05-19 03:43:57 PM,-,
2021-05-19 03:43:57 PM,-,
2021-05-19 03:43:57 PM,-,
2021-05-19 03:43:57 PM,-,
2021-05-19 03:43:57 PM,-,
2021-05-19 03:43:57 PM,-,
2021-05-19 03:43:57 PM,-,
2021-05-19 03:43:57 PM,-,
2021-05-19 03:43:57 PM,-,
2021-05-19 03:43:57 PM,-,
2021-05-19 03:43:57 PM,-,
2021-05-19 03:43:57 PM,-,
2021-05-19 03:43:57 PM,-,
2021-05-19 03:43:57 PM,-,
2021-05-19 03:43:57 PM,-,
2021-05-19 03:43:57 PM,-,
2021-05-19 03:43:57 PM,-,
2021-05-19 03:43:57 PM,-,
2021-05-19 03:43:57 PM,-,
2021-05-19 03:43:57 PM,-,
2021-05-19 03:43:57 PM,-,
2021-05-19 03:43:57 PM,-,
2021-05-19 03:43:57 PM,-,
2021-05-19 03:43:57 PM,-,
2021-05-19 03:43:57 PM,-,
2021-05-19 03:43:57 PM,-,
2021-05-19 03:43:57 PM,-,
2021-05-19 03:43:57 PM,-,
2021-05-19 03:43:57 PM,-,
2021-05-19 03:43:57 PM,-,
2021-05-19 03:43:57 PM,-,
2021-05-19 03:43:57 PM,-,
2021-05-19 03:43:57 PM,-,
2021-05-19 03:43:57 PM,-,
2021-05-19 03:43:57 PM,-,
2021-05-19 03:43:57 PM,-,
2021-05-19 03:43:57 PM,-,
2021-05-19 03:43:57 PM,-,
2021-05-19 03:43:57 PM,-,
2021-05-19 03:43:57 PM,-,
2021-05-19 03:43:57 PM,-,
2021-05-19 03:43:57 PM,-,
2021-05-19 03:43:57 PM,-,
2021-05-19 03:43:57 PM,-,
2021-05-19 03:43:57 PM,-,
2021-05-19 03:43:57 PM,-,
2021-05-19 03:43:57 PM,-,
2021-05-19 03:43:57 PM,-,
2021-05-19 03:43:57 PM,-,
2021-05-19 03:43:57 PM,-,
2021-05-19 03:43:57 PM,-,
2021-05-19 03:43:57 PM,-,
2021-05-19 03:43:57 PM,-,
2021-05-19 03:43:57 PM,-,
2021-05-19 03:43:57 PM,-,
2021-05-19 03:43:57 PM,-,
2021-05-19 03:43:57 PM,-,
2021-05-19 03:43:57 PM,-,
2021-05-19 03:43:57 PM,-,
2021-05-19 03:43:57 PM,-,
2021-05-19 03:43:57 PM,-,
2021-05-19 03:43:57 PM,-,
2021-05-19 03:43:57 PM,-,
2021-05-19 03:43:57 PM,-,
2021-05-19 03:43:57 PM,-,
2021-05-19 03:43:57 PM,-,
2021-05-19 03:43:57 PM,-,
2021-05-19 03:43:57 PM,-,
2021-05-19 03:43:57 PM,-,
2021-05-19 03:43:57 PM,-,
2021-05-19 03:43:57 PM,-,
2021-05-19 03:43:57 PM,-,
2021-05-19 03:43:57 PM,-,
2021-05-19 03:43:57 PM,-,
2021-05-19 03:43:57 PM,-,
2021-05-19 03:43:57 PM,-,
2021-05-19 03:43:57 PM,-,
2021-05-19 03:43:57 PM,-,
2021-05-19 03:43:57 PM,-,
2021-05-19 03:43:57 PM,-,
2021-05-19 03:43:57 PM,-,
2021-05-19 03:43:57 PM,-,
2021-05-19 03:43:57 PM,-,
2021-05-19 03:43:58 PM,-,
2021-05-19 03:43:58 PM,-,
2021-05-19 03:43:58 PM,-,
2021-05-19 03:43:58 PM,-,
2021-05-19 03:43:58 PM,-,
2021-05-19 03:43:58 PM,-,
2021-05-19 03:43:58 PM,-,
2021-05-19 03:43:58 PM,-,
2021-05-19 03:43:58 PM,-,
2021-05-19 03:43:58 PM,-,
2021-05-19 03:43:58 PM,-,
2021-05-19 03:43:58 PM,-,
2021-05-19 03:43:58 PM,-,
2021-05-19 03:43:58 PM,-,
2021-05-19 03:43:58 PM,-,
2021-05-19 03:43:58 PM,-,
2021-05-19 03:43:58 PM,-,
2021-05-19 03:43:58 PM,-,
2021-05-19 03:43:58 PM,-,
2021-05-19 03:43:58 PM,-,
2021-05-19 03:43:58 PM,-,
2021-05-19 03:43:58 PM,-,
2021-05-19 03:43:58 PM,-,
2021-05-19 03:43:58 PM,-,
2021-05-19 03:43:58 PM,-,
2021-05-19 03:43:58 PM,-,
2021-05-19 03:43:58 PM,-,
2021-05-19 03:43:58 PM,-,
2021-05-19 03:43:58 PM,-,
2021-05-19 03:43:58 PM,-,
2021-05-19 03:43:58 PM,-,
2021-05-19 03:43:58 PM,-,
2021-05-19 03:43:58 PM,-,
2021-05-19 03:43:58 PM,-,
2021-05-19 03:43:58 PM,-,
2021-05-19 03:43:58 PM,-,
2021-05-19 03:43:58 PM,-,
2021-05-19 03:43:58 PM,-,
2021-05-19 03:43:58 PM,-,
2021-05-19 03:43:58 PM,-,
2021-05-19 03:43:58 PM,-,
2021-05-19 03:43:58 PM,-,
2021-05-19 03:43:58 PM,-,
2021-05-19 03:43:58 PM,-,
2021-05-19 03:43:58 PM,-,
2021-05-19 03:43:58 PM,-,
2021-05-19 03:43:58 PM,-,
2021-05-19 03:43:58 PM,-,
2021-05-19 03:43:58 PM,-,
2021-05-19 03:43:58 PM,-,
2021-05-19 03:43:58 PM,-,
2021-05-19 03:43:58 PM,-,
2021-05-19 03:43:58 PM,-,
2021-05-19 03:43:58 PM,-,
2021-05-19 03:43:58 PM,-,
2021-05-19 03:43:58 PM,-,
2021-05-19 03:43:58 PM,-,
2021-05-19 03:43:58 PM,-,
2021-05-19 03:43:58 PM,-,
2021-05-19 03:43:58 PM,-,
2021-05-19 03:43:58 PM,-,
2021-05-19 03:43:58 PM,-,
2021-05-19 03:43:58 PM,-,
2021-05-19 03:43:58 PM,-,
2021-05-19 03:43:58 PM,-,
2021-05-19 03:43:58 PM,-,
2021-05-19 03:43:58 PM,-,
2021-05-19 03:43:58 PM,-,
2021-05-19 03:43:58 PM,-,
2021-05-19 03:43:58 PM,-,
2021-05-19 03:43:58 PM,-,
2021-05-19 03:43:58 PM,-,
2021-05-19 03:43:58 PM,-,
2021-05-19 03:43:58 PM,-,
2021-05-19 03:43:58 PM,-,
2021-05-19 03:43:58 PM,-,
2021-05-19 03:43:58 PM,-,
2021-05-19 03:43:58 PM,-,
2021-05-19 03:43:58 PM,-,
2021-05-19 03:43:58 PM,-,
2021-05-19 03:43:58 PM,-,
2021-05-19 03:43:58 PM,-,
2021-05-19 03:43:58 PM,-,
2021-05-19 03:43:58 PM,-,
2021-05-19 03:43:58 PM,-,
2021-05-19 03:43:58 PM,-,
2021-05-19 03:43:58 PM,-,
2021-05-19 03:43:58 PM,-,
2021-05-19 03:43:58 PM,-,
2021-05-19 03:43:58 PM,-,
2021-05-19 03:43:58 PM,-,
2021-05-19 03:43:58 PM,-,
2021-05-19 03:43:58 PM,-,
2021-05-19 03:43:58 PM,-,
2021-05-19 03:43:58 PM,-,
2021-05-19 03:43:58 PM,-,
2021-05-19 03:43:58 PM,-,
2021-05-19 03:43:58 PM,-,
2021-05-19 03:43:58 PM,-,
2021-05-19 03:43:58 PM,-,
2021-05-19 03:43:59 PM,-,
2021-05-19 03:43:59 PM,-,
2021-05-19 03:43:59 PM,-,
2021-05-19 03:43:59 PM,-,
2021-05-19 03:43:59 PM,-,
2021-05-19 03:43:59 PM,-,
2021-05-19 03:43:59 PM,-,
2021-05-19 03:43:59 PM,-,
2021-05-19 03:43:59 PM,-,
2021-05-19 03:43:59 PM,-,
2021-05-19 03:43:59 PM,-,
2021-05-19 03:43:59 PM,-,
2021-05-19 03:43:59 PM,-,
2021-05-19 03:43:59 PM,-,
2021-05-19 03:43:59 PM,-,
2021-05-19 03:43:59 PM,-,
2021-05-19 03:43:59 PM,-,
2021-05-19 03:43:59 PM,-,
2021-05-19 03:43:59 PM,-,
2021-05-19 03:43:59 PM,-,
2021-05-19 03:43:59 PM,-,
2021-05-19 03:43:59 PM,-,
2021-05-19 03:43:59 PM,-,
2021-05-19 03:43:59 PM,-,
2021-05-19 03:43:59 PM,-,
2021-05-19 03:43:59 PM,-,
2021-05-19 03:43:59 PM,-,
2021-05-19 03:43:59 PM,-,
2021-05-19 03:43:59 PM,-,
2021-05-19 03:43:59 PM,-,
2021-05-19 03:43:59 PM,-,
2021-05-19 03:43:59 PM,-,
2021-05-19 03:43:59 PM,-,
2021-05-19 03:43:59 PM,-,
2021-05-19 03:43:59 PM,-,
2021-05-19 03:43:59 PM,-,
2021-05-19 03:43:59 PM,-,
2021-05-19 03:43:59 PM,-,
2021-05-19 03:43:59 PM,-,
2021-05-19 03:43:59 PM,-,
2021-05-19 03:43:59 PM,-,
2021-05-19 03:43:59 PM,-,
2021-05-19 03:43:59 PM,-,
2021-05-19 03:43:59 PM,-,
2021-05-19 03:43:59 PM,-,
2021-05-19 03:43:59 PM,-,
2021-05-19 03:43:59 PM,-,
2021-05-19 03:43:59 PM,-,
2021-05-19 03:43:59 PM,-,
2021-05-19 03:43:59 PM,-,
2021-05-19 03:43:59 PM,-,
2021-05-19 03:43:59 PM,-,
2021-05-19 03:43:59 PM,-,
2021-05-19 03:43:59 PM,-,
2021-05-19 03:43:59 PM,-,
2021-05-19 03:43:59 PM,-,
2021-05-19 03:43:59 PM,-,
2021-05-19 03:43:59 PM,-,
2021-05-19 03:43:59 PM,-,
2021-05-19 03:43:59 PM,-,
2021-05-19 03:43:59 PM,-,
2021-05-19 03:43:59 PM,-,
2021-05-19 03:43:59 PM,-,
2021-05-19 03:43:59 PM,-,
2021-05-19 03:43:59 PM,-,
2021-05-19 03:43:59 PM,-,
2021-05-19 03:43:59 PM,-,
2021-05-19 03:43:59 PM,-,
2021-05-19 03:43:59 PM,-,
2021-05-19 03:43:59 PM,-,
2021-05-19 03:43:59 PM,-,
2021-05-19 03:43:59 PM,-,
2021-05-19 03:43:59 PM,-,
2021-05-19 03:43:59 PM,-,
2021-05-19 03:43:59 PM,-,
2021-05-19 03:43:59 PM,-,
2021-05-19 03:43:59 PM,-,
2021-05-19 03:43:59 PM,-,
2021-05-19 03:43:59 PM,-,
2021-05-19 03:43:59 PM,-,
2021-05-19 03:43:59 PM,-,
2021-05-19 03:43:59 PM,-,
2021-05-19 03:43:59 PM,-,
2021-05-19 03:43:59 PM,-,
2021-05-19 03:43:59 PM,-,
2021-05-19 03:43:59 PM,-,
2021-05-19 03:43:59 PM,-,
2021-05-19 03:43:59 PM,-,
2021-05-19 03:43:59 PM,-,
2021-05-19 03:43:59 PM,-,
2021-05-19 03:43:59 PM,-,
2021-05-19 03:43:59 PM,-,
2021-05-19 03:43:59 PM,-,
2021-05-19 03:43:59 PM,-,
2021-05-19 03:43:59 PM,-,
2021-05-19 03:43:59 PM,-,
2021-05-19 03:43:59 PM,-,
2021-05-19 03:43:59 PM,-,
2021-05-19 03:43:59 PM,-,
2021-05-19 03:43:59 PM,-,
2021-05-19 03:44:00 PM,-,
2021-05-19 03:44:00 PM,-,
2021-05-19 03:44:00 PM,-,
2021-05-19 03:44:00 PM,-,
2021-05-19 03:44:00 PM,-,
2021-05-19 03:44:00 PM,-,
2021-05-19 03:44:00 PM,-,
2021-05-19 03:44:00 PM,-,
2021-05-19 03:44:00 PM,-,
2021-05-19 03:44:00 PM,-,
2021-05-19 03:44:00 PM,-,
2021-05-19 03:44:00 PM,-,
2021-05-19 03:44:00 PM,-,
2021-05-19 03:44:00 PM,-,
2021-05-19 03:44:00 PM,-,
2021-05-19 03:44:00 PM,-,
2021-05-19 03:44:00 PM,-,
2021-05-19 03:44:00 PM,-,
2021-05-19 03:44:00 PM,-,
2021-05-19 03:44:00 PM,-,
2021-05-19 03:44:00 PM,-,
2021-05-19 03:44:00 PM,-,
2021-05-19 03:44:00 PM,-,
2021-05-19 03:44:00 PM,-,
2021-05-19 03:44:00 PM,-,
2021-05-19 03:44:00 PM,-,
2021-05-19 03:44:00 PM,-,
2021-05-19 03:44:00 PM,-,
2021-05-19 03:44:00 PM,-,
2021-05-19 03:44:00 PM,-,
2021-05-19 03:44:00 PM,-,
2021-05-19 03:44:00 PM,-,
2021-05-19 03:44:00 PM,-,
2021-05-19 03:44:00 PM,-,
2021-05-19 03:44:00 PM,-,
2021-05-19 03:44:00 PM,-,
2021-05-19 03:44:00 PM,-,
2021-05-19 03:44:00 PM,-,
2021-05-19 03:44:00 PM,-,
2021-05-19 03:44:00 PM,-,
2021-05-19 03:44:00 PM,-,
2021-05-19 03:44:00 PM,-,
2021-05-19 03:44:00 PM,-,
2021-05-19 03:44:00 PM,-,
2021-05-19 03:44:00 PM,-,
2021-05-19 03:44:00 PM,-,
2021-05-19 03:44:00 PM,-,
2021-05-19 03:44:00 PM,-,
2021-05-19 03:44:00 PM,-,
2021-05-19 03:44:00 PM,-,
2021-05-19 03:44:00 PM,-,
2021-05-19 03:44:00 PM,-,
2021-05-19 03:44:00 PM,-,
2021-05-19 03:44:00 PM,-,
2021-05-19 03:44:00 PM,-,
2021-05-19 03:44:00 PM,-,
2021-05-19 03:44:00 PM,-,
2021-05-19 03:44:00 PM,-,
2021-05-19 03:44:00 PM,-,
2021-05-19 03:44:00 PM,-,
2021-05-19 03:44:00 PM,-,
2021-05-19 03:44:00 PM,-,
2021-05-19 03:44:00 PM,-,
2021-05-19 03:44:00 PM,-,
2021-05-19 03:44:00 PM,-,
2021-05-19 03:44:00 PM,-,
2021-05-19 03:44:00 PM,-,
2021-05-19 03:44:00 PM,-,
2021-05-19 03:44:00 PM,-,
2021-05-19 03:44:00 PM,-,
2021-05-19 03:44:00 PM,-,
2021-05-19 03:44:00 PM,-,
2021-05-19 03:44:00 PM,-,
2021-05-19 03:44:00 PM,-,
2021-05-19 03:44:00 PM,-,
2021-05-19 03:44:00 PM,-,
2021-05-19 03:44:00 PM,-,
2021-05-19 03:44:00 PM,-,
2021-05-19 03:44:00 PM,-,
2021-05-19 03:44:00 PM,-,
2021-05-19 03:44:00 PM,-,
2021-05-19 03:44:00 PM,-,
2021-05-19 03:44:00 PM,-,
2021-05-19 03:44:00 PM,-,
2021-05-19 03:44:00 PM,-,
2021-05-19 03:44:00 PM,-,
2021-05-19 03:44:00 PM,-,
2021-05-19 03:44:00 PM,-,
2021-05-19 03:44:00 PM,-,
2021-05-19 03:44:00 PM,-,
2021-05-19 03:44:00 PM,-,
2021-05-19 03:44:00 PM,-,
2021-05-19 03:44:00 PM,-,
2021-05-19 03:44:00 PM,-,
2021-05-19 03:44:00 PM,-,
2021-05-19 03:44:00 PM,-,
2021-05-19 03:44:00 PM,-,
2021-05-19 03:44:00 PM,-,
2021-05-19 03:44:00 PM,-,
2021-05-19 03:44:00 PM,-,
2021-05-19 03:44:01 PM,-,
2021-05-19 03:44:01 PM,-,
2021-05-19 03:44:01 PM,-,
2021-05-19 03:44:01 PM,-,
2021-05-19 03:44:01 PM,-,
2021-05-19 03:44:01 PM,-,
2021-05-19 03:44:01 PM,-,
2021-05-19 03:44:01 PM,-,
2021-05-19 03:44:01 PM,-,
2021-05-19 03:44:01 PM,-,
2021-05-19 03:44:01 PM,-,
2021-05-19 03:44:01 PM,-,
2021-05-19 03:44:01 PM,-,
2021-05-19 03:44:01 PM,-,
2021-05-19 03:44:01 PM,-,
2021-05-19 03:44:01 PM,-,
2021-05-19 03:44:01 PM,-,
2021-05-19 03:44:01 PM,-,
2021-05-19 03:44:01 PM,-,
2021-05-19 03:44:01 PM,-,
2021-05-19 03:44:01 PM,-,
2021-05-19 03:44:01 PM,-,
2021-05-19 03:44:01 PM,-,
2021-05-19 03:44:01 PM,-,
2021-05-19 03:44:01 PM,-,
2021-05-19 03:44:01 PM,-,
2021-05-19 03:44:01 PM,-,
2021-05-19 03:44:01 PM,-,
2021-05-19 03:44:01 PM,-,
2021-05-19 03:44:01 PM,-,
2021-05-19 03:44:01 PM,-,
2021-05-19 03:44:01 PM,-,
2021-05-19 03:44:01 PM,-,
2021-05-19 03:44:01 PM,-,
2021-05-19 03:44:01 PM,-,
2021-05-19 03:44:01 PM,-,
2021-05-19 03:44:01 PM,-,
2021-05-19 03:44:01 PM,-,
2021-05-19 03:44:01 PM,-,
2021-05-19 03:44:01 PM,-,
2021-05-19 03:44:01 PM,-,
2021-05-19 03:44:01 PM,-,
2021-05-19 03:44:01 PM,-,
2021-05-19 03:44:01 PM,-,
2021-05-19 03:44:01 PM,-,
2021-05-19 03:44:01 PM,-,
2021-05-19 03:44:01 PM,-,
2021-05-19 03:44:01 PM,-,
2021-05-19 03:44:01 PM,-,
2021-05-19 03:44:01 PM,-,
2021-05-19 03:44:01 PM,-,
2021-05-19 03:44:01 PM,-,
2021-05-19 03:44:01 PM,-,
2021-05-19 03:44:01 PM,-,
2021-05-19 03:44:01 PM,-,
2021-05-19 03:44:01 PM,-,
2021-05-19 03:44:01 PM,-,
2021-05-19 03:44:01 PM,-,
2021-05-19 03:44:01 PM,-,
2021-05-19 03:44:01 PM,-,
2021-05-19 03:44:01 PM,-,
2021-05-19 03:44:01 PM,-,
2021-05-19 03:44:01 PM,-,
2021-05-19 03:44:01 PM,-,
2021-05-19 03:44:01 PM,-,
2021-05-19 03:44:01 PM,-,
2021-05-19 03:44:01 PM,-,
2021-05-19 03:44:01 PM,-,
2021-05-19 03:44:01 PM,-,
2021-05-19 03:44:01 PM,-,
2021-05-19 03:44:01 PM,-,
2021-05-19 03:44:01 PM,-,
2021-05-19 03:44:01 PM,-,
2021-05-19 03:44:01 PM,-,
2021-05-19 03:44:01 PM,-,
2021-05-19 03:44:01 PM,-,
2021-05-19 03:44:01 PM,-,
2021-05-19 03:44:01 PM,-,
2021-05-19 03:44:01 PM,-,
2021-05-19 03:44:01 PM,-,
2021-05-19 03:44:01 PM,-,
2021-05-19 03:44:01 PM,-,
2021-05-19 03:44:01 PM,-,
2021-05-19 03:44:01 PM,-,
2021-05-19 03:44:01 PM,-,
2021-05-19 03:44:01 PM,-,
2021-05-19 03:44:01 PM,-,
2021-05-19 03:44:01 PM,-,
2021-05-19 03:44:01 PM,-,
2021-05-19 03:44:01 PM,-,
2021-05-19 03:44:01 PM,-,
2021-05-19 03:44:01 PM,-,
2021-05-19 03:44:01 PM,-,
2021-05-19 03:44:01 PM,-,
2021-05-19 03:44:01 PM,-,
2021-05-19 03:44:01 PM,-,
2021-05-19 03:44:01 PM,-,
2021-05-19 03:44:01 PM,-,
2021-05-19 03:44:01 PM,-,
2021-05-19 03:44:01 PM,-,
2021-05-19 03:44:02 PM,-,
2021-05-19 03:44:02 PM,-,
2021-05-19 03:44:02 PM,-,
2021-05-19 03:44:02 PM,-,
2021-05-19 03:44:02 PM,-,
2021-05-19 03:44:02 PM,-,
2021-05-19 03:44:02 PM,-,
2021-05-19 03:44:02 PM,-,
2021-05-19 03:44:02 PM,-,
2021-05-19 03:44:02 PM,-,
2021-05-19 03:44:02 PM,-,
2021-05-19 03:44:02 PM,-,
2021-05-19 03:44:02 PM,-,
2021-05-19 03:44:02 PM,-,
2021-05-19 03:44:02 PM,-,
2021-05-19 03:44:02 PM,-,
2021-05-19 03:44:02 PM,-,
2021-05-19 03:44:02 PM,-,
2021-05-19 03:44:02 PM,-,
2021-05-19 03:44:02 PM,-,
2021-05-19 03:44:02 PM,-,
2021-05-19 03:44:02 PM,-,
2021-05-19 03:44:02 PM,-,
2021-05-19 03:44:02 PM,-,
2021-05-19 03:44:02 PM,-,
2021-05-19 03:44:02 PM,-,
2021-05-19 03:44:02 PM,-,
2021-05-19 03:44:02 PM,-,
2021-05-19 03:44:02 PM,-,
2021-05-19 03:44:02 PM,-,
2021-05-19 03:44:02 PM,-,
2021-05-19 03:44:02 PM,-,
2021-05-19 03:44:02 PM,-,
2021-05-19 03:44:02 PM,-,
2021-05-19 03:44:02 PM,-,
2021-05-19 03:44:02 PM,-,
2021-05-19 03:44:02 PM,-,
2021-05-19 03:44:02 PM,-,
2021-05-19 03:44:02 PM,-,
2021-05-19 03:44:02 PM,-,
2021-05-19 03:44:02 PM,-,
2021-05-19 03:44:02 PM,-,
2021-05-19 03:44:02 PM,-,
2021-05-19 03:44:02 PM,-,
2021-05-19 03:44:02 PM,-,
2021-05-19 03:44:02 PM,-,
2021-05-19 03:44:02 PM,-,
2021-05-19 03:44:02 PM,-,
2021-05-19 03:44:02 PM,-,
2021-05-19 03:44:02 PM,-,
2021-05-19 03:44:02 PM,-,
2021-05-19 03:44:02 PM,-,
2021-05-19 03:44:02 PM,-,
2021-05-19 03:44:02 PM,-,
2021-05-19 03:44:02 PM,-,
2021-05-19 03:44:02 PM,-,
2021-05-19 03:44:02 PM,-,
2021-05-19 03:44:02 PM,-,
2021-05-19 03:44:02 PM,-,
2021-05-19 03:44:02 PM,-,
2021-05-19 03:44:02 PM,-,
2021-05-19 03:44:02 PM,-,
2021-05-19 03:44:02 PM,-,
2021-05-19 03:44:02 PM,-,
2021-05-19 03:44:02 PM,-,
2021-05-19 03:44:02 PM,-,
2021-05-19 03:44:02 PM,-,
2021-05-19 03:44:02 PM,-,
2021-05-19 03:44:02 PM,-,
2021-05-19 03:44:02 PM,-,
2021-05-19 03:44:02 PM,-,
2021-05-19 03:44:02 PM,-,
2021-05-19 03:44:02 PM,-,
2021-05-19 03:44:02 PM,-,
2021-05-19 03:44:02 PM,-,
2021-05-19 03:44:02 PM,-,
2021-05-19 03:44:02 PM,-,
2021-05-19 03:44:02 PM,-,
2021-05-19 03:44:02 PM,-,
2021-05-19 03:44:02 PM,-,
2021-05-19 03:44:02 PM,-,
2021-05-19 03:44:02 PM,-,
2021-05-19 03:44:02 PM,-,
2021-05-19 03:44:02 PM,-,
2021-05-19 03:44:02 PM,-,
2021-05-19 03:44:02 PM,-,
2021-05-19 03:44:02 PM,-,
2021-05-19 03:44:02 PM,-,
2021-05-19 03:44:02 PM,-,
2021-05-19 03:44:02 PM,-,
2021-05-19 03:44:02 PM,-,
2021-05-19 03:44:02 PM,-,
2021-05-19 03:44:02 PM,-,
2021-05-19 03:44:02 PM,-,
2021-05-19 03:44:02 PM,-,
2021-05-19 03:44:02 PM,-,
2021-05-19 03:44:02 PM,-,
2021-05-19 03:44:02 PM,-,
2021-05-19 03:44:02 PM,-,
2021-05-19 03:44:02 PM,-,
2021-05-19 03:44:03 PM,-,
2021-05-19 03:44:03 PM,-,
2021-05-19 03:44:03 PM,-,
2021-05-19 03:44:03 PM,-,
2021-05-19 03:44:03 PM,-,
2021-05-19 03:44:03 PM,-,
2021-05-19 03:44:03 PM,-,
2021-05-19 03:44:03 PM,-,
2021-05-19 03:44:03 PM,-,
2021-05-19 03:44:03 PM,-,
2021-05-19 03:44:03 PM,-,
2021-05-19 03:44:03 PM,-,
2021-05-19 03:44:03 PM,-,
2021-05-19 03:44:03 PM,-,
2021-05-19 03:44:03 PM,-,
2021-05-19 03:44:03 PM,-,
2021-05-19 03:44:03 PM,-,
2021-05-19 03:44:03 PM,-,
2021-05-19 03:44:03 PM,-,
2021-05-19 03:44:03 PM,-,
2021-05-19 03:44:03 PM,-,
2021-05-19 03:44:03 PM,-,
2021-05-19 03:44:03 PM,-,
2021-05-19 03:44:03 PM,-,
2021-05-19 03:44:03 PM,-,
2021-05-19 03:44:03 PM,-,
2021-05-19 03:44:03 PM,-,
2021-05-19 03:44:03 PM,-,
2021-05-19 03:44:03 PM,-,
2021-05-19 03:44:03 PM,-,
2021-05-19 03:44:03 PM,-,
2021-05-19 03:44:03 PM,-,
2021-05-19 03:44:03 PM,-,
2021-05-19 03:44:03 PM,-,
2021-05-19 03:44:03 PM,-,
2021-05-19 03:44:03 PM,-,
2021-05-19 03:44:03 PM,-,
2021-05-19 03:44:03 PM,-,
2021-05-19 03:44:03 PM,-,
2021-05-19 03:44:03 PM,-,
2021-05-19 03:44:03 PM,-,
2021-05-19 03:44:03 PM,-,
2021-05-19 03:44:03 PM,-,
2021-05-19 03:44:03 PM,-,
2021-05-19 03:44:03 PM,-,
2021-05-19 03:44:03 PM,-,
2021-05-19 03:44:03 PM,-,
2021-05-19 03:44:03 PM,-,
2021-05-19 03:44:03 PM,-,
2021-05-19 03:44:03 PM,-,
2021-05-19 03:44:03 PM,-,
2021-05-19 03:44:03 PM,-,
2021-05-19 03:44:03 PM,-,
2021-05-19 03:44:03 PM,-,
2021-05-19 03:44:03 PM,-,
2021-05-19 03:44:03 PM,-,
2021-05-19 03:44:03 PM,-,
2021-05-19 03:44:03 PM,-,
2021-05-19 03:44:03 PM,-,
2021-05-19 03:44:03 PM,-,
2021-05-19 03:44:03 PM,-,
2021-05-19 03:44:03 PM,-,
2021-05-19 03:44:03 PM,-,
2021-05-19 03:44:03 PM,-,
2021-05-19 03:44:03 PM,-,
2021-05-19 03:44:03 PM,-,
2021-05-19 03:44:03 PM,-,
2021-05-19 03:44:03 PM,-,
2021-05-19 03:44:03 PM,-,
2021-05-19 03:44:03 PM,-,
2021-05-19 03:44:03 PM,-,
2021-05-19 03:44:03 PM,-,
2021-05-19 03:44:03 PM,-,
2021-05-19 03:44:03 PM,-,
2021-05-19 03:44:03 PM,-,
2021-05-19 03:44:03 PM,-,
2021-05-19 03:44:03 PM,-,
2021-05-19 03:44:03 PM,-,
2021-05-19 03:44:03 PM,-,
2021-05-19 03:44:03 PM,-,
2021-05-19 03:44:03 PM,-,
2021-05-19 03:44:03 PM,-,
2021-05-19 03:44:03 PM,-,
2021-05-19 03:44:03 PM,-,
2021-05-19 03:44:03 PM,-,
2021-05-19 03:44:03 PM,-,
2021-05-19 03:44:03 PM,-,
2021-05-19 03:44:03 PM,-,
2021-05-19 03:44:03 PM,-,
2021-05-19 03:44:03 PM,-,
2021-05-19 03:44:03 PM,-,
2021-05-19 03:44:03 PM,-,
2021-05-19 03:44:03 PM,-,
2021-05-19 03:44:03 PM,-,
2021-05-19 03:44:03 PM,-,
2021-05-19 03:44:03 PM,-,
2021-05-19 03:44:03 PM,-,
2021-05-19 03:44:03 PM,-,
2021-05-19 03:44:03 PM,-,
2021-05-19 03:44:03 PM,-,
2021-05-19 03:44:04 PM,-,
2021-05-19 03:44:04 PM,-,
2021-05-19 03:44:04 PM,-,
2021-05-19 03:44:04 PM,-,
2021-05-19 03:44:04 PM,-,
2021-05-19 03:44:04 PM,-,
2021-05-19 03:44:04 PM,-,
2021-05-19 03:44:04 PM,-,
2021-05-19 03:44:04 PM,-,
2021-05-19 03:44:04 PM,-,
2021-05-19 03:44:04 PM,-,
2021-05-19 03:44:04 PM,-,
2021-05-19 03:44:04 PM,-,
2021-05-19 03:44:04 PM,-,
2021-05-19 03:44:04 PM,-,
2021-05-19 03:44:04 PM,-,
2021-05-19 03:44:04 PM,-,
2021-05-19 03:44:04 PM,-,
2021-05-19 03:44:04 PM,-,
2021-05-19 03:44:04 PM,-,
2021-05-19 03:44:04 PM,-,
2021-05-19 03:44:04 PM,-,
2021-05-19 03:44:04 PM,-,
2021-05-19 03:44:04 PM,-,
2021-05-19 03:44:04 PM,-,
2021-05-19 03:44:04 PM,-,
2021-05-19 03:44:04 PM,-,
2021-05-19 03:44:04 PM,-,
2021-05-19 03:44:04 PM,-,
2021-05-19 03:44:04 PM,-,
2021-05-19 03:44:04 PM,-,
2021-05-19 03:44:04 PM,-,
2021-05-19 03:44:04 PM,-,
2021-05-19 03:44:04 PM,-,
2021-05-19 03:44:04 PM,-,
2021-05-19 03:44:04 PM,-,
2021-05-19 03:44:04 PM,-,
2021-05-19 03:44:04 PM,-,
2021-05-19 03:44:04 PM,-,
2021-05-19 03:44:04 PM,-,
2021-05-19 03:44:04 PM,-,
2021-05-19 03:44:04 PM,-,
2021-05-19 03:44:04 PM,-,
2021-05-19 03:44:04 PM,-,
2021-05-19 03:44:04 PM,-,
2021-05-19 03:44:04 PM,-,
2021-05-19 03:44:04 PM,-,
2021-05-19 03:44:04 PM,-,
2021-05-19 03:44:04 PM,-,
2021-05-19 03:44:04 PM,-,
2021-05-19 03:44:04 PM,-,
2021-05-19 03:44:04 PM,-,
2021-05-19 03:44:04 PM,-,
2021-05-19 03:44:04 PM,-,
2021-05-19 03:44:04 PM,-,
2021-05-19 03:44:04 PM,-,
2021-05-19 03:44:04 PM,-,
2021-05-19 03:44:04 PM,-,
2021-05-19 03:44:04 PM,-,
2021-05-19 03:44:04 PM,-,
2021-05-19 03:44:04 PM,-,
2021-05-19 03:44:04 PM,-,
2021-05-19 03:44:04 PM,-,
2021-05-19 03:44:04 PM,-,
2021-05-19 03:44:04 PM,-,
2021-05-19 03:44:04 PM,-,
2021-05-19 03:44:04 PM,-,
2021-05-19 03:44:04 PM,-,
2021-05-19 03:44:04 PM,-,
2021-05-19 03:44:04 PM,-,
2021-05-19 03:44:04 PM,-,
2021-05-19 03:44:04 PM,-,
2021-05-19 03:44:04 PM,-,
2021-05-19 03:44:04 PM,-,
2021-05-19 03:44:04 PM,-,
2021-05-19 03:44:04 PM,-,
2021-05-19 03:44:04 PM,-,
2021-05-19 03:44:04 PM,-,
2021-05-19 03:44:04 PM,-,
2021-05-19 03:44:04 PM,-,
2021-05-19 03:44:04 PM,-,
2021-05-19 03:44:04 PM,-,
2021-05-19 03:44:04 PM,-,
2021-05-19 03:44:04 PM,-,
2021-05-19 03:44:04 PM,-,
2021-05-19 03:44:04 PM,-,
2021-05-19 03:44:04 PM,-,
2021-05-19 03:44:04 PM,-,
2021-05-19 03:44:04 PM,-,
2021-05-19 03:44:04 PM,-,
2021-05-19 03:44:04 PM,-,
2021-05-19 03:44:04 PM,-,
2021-05-19 03:44:04 PM,-,
2021-05-19 03:44:04 PM,-,
2021-05-19 03:44:04 PM,-,
2021-05-19 03:44:04 PM,-,
2021-05-19 03:44:04 PM,-,
2021-05-19 03:44:04 PM,-,
2021-05-19 03:44:04 PM,-,
2021-05-19 03:44:04 PM,-,
2021-05-19 03:44:05 PM,-,
2021-05-19 03:44:05 PM,-,
2021-05-19 03:44:05 PM,-,
2021-05-19 03:44:05 PM,-,
2021-05-19 03:44:05 PM,-,
2021-05-19 03:44:05 PM,-,
2021-05-19 03:44:05 PM,-,
2021-05-19 03:44:05 PM,-,
2021-05-19 03:44:05 PM,-,
2021-05-19 03:44:05 PM,-,
2021-05-19 03:44:05 PM,-,
2021-05-19 03:44:05 PM,-,
2021-05-19 03:44:05 PM,-,
2021-05-19 03:44:05 PM,-,
2021-05-19 03:44:05 PM,-,
2021-05-19 03:44:05 PM,-,
2021-05-19 03:44:05 PM,-,
2021-05-19 03:44:05 PM,-,
2021-05-19 03:44:05 PM,-,
2021-05-19 03:44:05 PM,-,
2021-05-19 03:44:05 PM,-,
2021-05-19 03:44:05 PM,-,
2021-05-19 03:44:05 PM,-,
2021-05-19 03:44:05 PM,-,
2021-05-19 03:44:05 PM,-,
2021-05-19 03:44:05 PM,-,
2021-05-19 03:44:05 PM,-,
2021-05-19 03:44:05 PM,-,
2021-05-19 03:44:05 PM,-,
2021-05-19 03:44:05 PM,-,
2021-05-19 03:44:05 PM,-,
2021-05-19 03:44:05 PM,-,
2021-05-19 03:44:05 PM,-,
2021-05-19 03:44:05 PM,-,
2021-05-19 03:44:05 PM,-,
2021-05-19 03:44:05 PM,-,
2021-05-19 03:44:05 PM,-,
2021-05-19 03:44:05 PM,-,
2021-05-19 03:44:05 PM,-,
2021-05-19 03:44:05 PM,-,
2021-05-19 03:44:05 PM,-,
2021-05-19 03:44:05 PM,-,
2021-05-19 03:44:05 PM,-,
2021-05-19 03:44:05 PM,-,
2021-05-19 03:44:05 PM,-,
2021-05-19 03:44:05 PM,-,
2021-05-19 03:44:05 PM,-,
2021-05-19 03:44:05 PM,-,
2021-05-19 03:44:05 PM,-,
2021-05-19 03:44:05 PM,-,
2021-05-19 03:44:05 PM,-,
2021-05-19 03:44:05 PM,-,
2021-05-19 03:44:05 PM,-,
2021-05-19 03:44:05 PM,-,
2021-05-19 03:44:05 PM,-,
2021-05-19 03:44:05 PM,-,
2021-05-19 03:44:05 PM,-,
2021-05-19 03:44:05 PM,-,
2021-05-19 03:44:05 PM,-,
2021-05-19 03:44:05 PM,-,
2021-05-19 03:44:05 PM,-,
2021-05-19 03:44:05 PM,-,
2021-05-19 03:44:05 PM,-,
2021-05-19 03:44:05 PM,-,
2021-05-19 03:44:05 PM,-,
2021-05-19 03:44:05 PM,-,
2021-05-19 03:44:05 PM,-,
2021-05-19 03:44:05 PM,-,
2021-05-19 03:44:05 PM,-,
2021-05-19 03:44:05 PM,-,
2021-05-19 03:44:05 PM,-,
2021-05-19 03:44:05 PM,-,
2021-05-19 03:44:05 PM,-,
2021-05-19 03:44:05 PM,-,
2021-05-19 03:44:05 PM,-,
2021-05-19 03:44:05 PM,-,
2021-05-19 03:44:05 PM,-,
2021-05-19 03:44:05 PM,-,
2021-05-19 03:44:05 PM,-,
2021-05-19 03:44:05 PM,-,
2021-05-19 03:44:05 PM,-,
2021-05-19 03:44:05 PM,-,
2021-05-19 03:44:05 PM,-,
2021-05-19 03:44:05 PM,-,
2021-05-19 03:44:05 PM,-,
2021-05-19 03:44:05 PM,-,
2021-05-19 03:44:05 PM,-,
2021-05-19 03:44:05 PM,-,
2021-05-19 03:44:05 PM,-,
2021-05-19 03:44:05 PM,-,
2021-05-19 03:44:05 PM,-,
2021-05-19 03:44:05 PM,-,
2021-05-19 03:44:05 PM,-,
2021-05-19 03:44:05 PM,-,
2021-05-19 03:44:05 PM,-,
2021-05-19 03:44:05 PM,-,
2021-05-19 03:44:05 PM,-,
2021-05-19 03:44:05 PM,-,
2021-05-19 03:44:05 PM,-,
2021-05-19 03:44:05 PM,-,
2021-05-19 03:44:06 PM,-,
2021-05-19 03:44:06 PM,-,
2021-05-19 03:44:06 PM,-,
2021-05-19 03:44:06 PM,-,
2021-05-19 03:44:06 PM,-,
2021-05-19 03:44:06 PM,-,
2021-05-19 03:44:06 PM,-,
2021-05-19 03:44:06 PM,-,
2021-05-19 03:44:06 PM,-,
2021-05-19 03:44:06 PM,-,
2021-05-19 03:44:06 PM,-,
2021-05-19 03:44:06 PM,-,
2021-05-19 03:44:06 PM,-,
2021-05-19 03:44:06 PM,-,
2021-05-19 03:44:06 PM,-,
2021-05-19 03:44:06 PM,-,
2021-05-19 03:44:06 PM,-,
2021-05-19 03:44:06 PM,-,
2021-05-19 03:44:06 PM,-,
2021-05-19 03:44:06 PM,-,
2021-05-19 03:44:06 PM,-,
2021-05-19 03:44:06 PM,-,
2021-05-19 03:44:06 PM,-,
2021-05-19 03:44:06 PM,-,
2021-05-19 03:44:06 PM,-,
2021-05-19 03:44:06 PM,-,
2021-05-19 03:44:06 PM,-,
2021-05-19 03:44:06 PM,-,
2021-05-19 03:44:06 PM,-,
2021-05-19 03:44:06 PM,-,
2021-05-19 03:44:06 PM,-,
2021-05-19 03:44:06 PM,-,
2021-05-19 03:44:06 PM,-,
2021-05-19 03:44:06 PM,-,
2021-05-19 03:44:06 PM,-,
2021-05-19 03:44:06 PM,-,
2021-05-19 03:44:06 PM,-,
2021-05-19 03:44:06 PM,-,
2021-05-19 03:44:06 PM,-,
2021-05-19 03:44:06 PM,-,
2021-05-19 03:44:06 PM,-,
2021-05-19 03:44:06 PM,-,
2021-05-19 03:44:06 PM,-,
2021-05-19 03:44:06 PM,-,
2021-05-19 03:44:06 PM,-,
2021-05-19 03:44:06 PM,-,
2021-05-19 03:44:06 PM,-,
2021-05-19 03:44:06 PM,-,
2021-05-19 03:44:06 PM,-,
2021-05-19 03:44:06 PM,-,
2021-05-19 03:44:06 PM,-,
2021-05-19 03:44:06 PM,-,
2021-05-19 03:44:06 PM,-,
2021-05-19 03:44:06 PM,-,
2021-05-19 03:44:06 PM,-,
2021-05-19 03:44:06 PM,-,
2021-05-19 03:44:06 PM,-,
2021-05-19 03:44:06 PM,-,
2021-05-19 03:44:06 PM,-,
2021-05-19 03:44:06 PM,-,
2021-05-19 03:44:06 PM,-,
2021-05-19 03:44:06 PM,-,
2021-05-19 03:44:06 PM,-,
2021-05-19 03:44:06 PM,-,
2021-05-19 03:44:06 PM,-,
2021-05-19 03:44:06 PM,-,
2021-05-19 03:44:06 PM,-,
2021-05-19 03:44:06 PM,-,
2021-05-19 03:44:06 PM,-,
2021-05-19 03:44:06 PM,-,
2021-05-19 03:44:06 PM,-,
2021-05-19 03:44:06 PM,-,
2021-05-19 03:44:06 PM,-,
2021-05-19 03:44:06 PM,-,
2021-05-19 03:44:06 PM,-,
2021-05-19 03:44:06 PM,-,
2021-05-19 03:44:06 PM,-,
2021-05-19 03:44:06 PM,-,
2021-05-19 03:44:06 PM,-,
2021-05-19 03:44:06 PM,-,
2021-05-19 03:44:06 PM,-,
2021-05-19 03:44:06 PM,-,
2021-05-19 03:44:06 PM,-,
2021-05-19 03:44:06 PM,-,
2021-05-19 03:44:06 PM,-,
2021-05-19 03:44:06 PM,-,
2021-05-19 03:44:06 PM,-,
2021-05-19 03:44:06 PM,-,
2021-05-19 03:44:06 PM,-,
2021-05-19 03:44:06 PM,-,
2021-05-19 03:44:06 PM,-,
2021-05-19 03:44:06 PM,-,
2021-05-19 03:44:06 PM,-,
2021-05-19 03:44:06 PM,-,
2021-05-19 03:44:06 PM,-,
2021-05-19 03:44:06 PM,-,
2021-05-19 03:44:06 PM,-,
2021-05-19 03:44:06 PM,-,
2021-05-19 03:44:06 PM,-,
2021-05-19 03:44:06 PM,-,
2021-05-19 03:44:07 PM,-,
2021-05-19 03:44:07 PM,-,
2021-05-19 03:44:07 PM,-,
2021-05-19 03:44:07 PM,-,
2021-05-19 03:44:07 PM,-,
2021-05-19 03:44:07 PM,-,
2021-05-19 03:44:07 PM,-,
2021-05-19 03:44:07 PM,-,
2021-05-19 03:44:07 PM,-,
2021-05-19 03:44:07 PM,-,
2021-05-19 03:44:07 PM,-,
2021-05-19 03:44:07 PM,-,
2021-05-19 03:44:07 PM,-,
2021-05-19 03:44:07 PM,-,
2021-05-19 03:44:07 PM,-,
2021-05-19 03:44:07 PM,-,
2021-05-19 03:44:07 PM,-,
2021-05-19 03:44:07 PM,-,
2021-05-19 03:44:07 PM,-,
2021-05-19 03:44:07 PM,-,
2021-05-19 03:44:07 PM,-,
2021-05-19 03:44:07 PM,-,
2021-05-19 03:44:07 PM,-,
2021-05-19 03:44:07 PM,-,
2021-05-19 03:44:07 PM,-,
2021-05-19 03:44:07 PM,-,
2021-05-19 03:44:07 PM,-,
2021-05-19 03:44:07 PM,-,
2021-05-19 03:44:07 PM,-,
2021-05-19 03:44:07 PM,-,
2021-05-19 03:44:07 PM,-,
2021-05-19 03:44:07 PM,-,
2021-05-19 03:44:07 PM,-,
2021-05-19 03:44:07 PM,-,
2021-05-19 03:44:07 PM,-,
2021-05-19 03:44:07 PM,-,
2021-05-19 03:44:07 PM,-,
2021-05-19 03:44:07 PM,-,
2021-05-19 03:44:07 PM,-,
2021-05-19 03:44:07 PM,-,
2021-05-19 03:44:07 PM,-,
2021-05-19 03:44:07 PM,-,
2021-05-19 03:44:07 PM,-,
2021-05-19 03:44:07 PM,-,
2021-05-19 03:44:07 PM,-,
2021-05-19 03:44:07 PM,-,
2021-05-19 03:44:07 PM,-,
2021-05-19 03:44:07 PM,-,
2021-05-19 03:44:07 PM,-,
2021-05-19 03:44:07 PM,-,
2021-05-19 03:44:07 PM,-,
2021-05-19 03:44:07 PM,-,
2021-05-19 03:44:07 PM,-,
2021-05-19 03:44:07 PM,-,
2021-05-19 03:44:07 PM,-,
2021-05-19 03:44:07 PM,-,
2021-05-19 03:44:07 PM,-,
2021-05-19 03:44:07 PM,-,
2021-05-19 03:44:07 PM,-,
2021-05-19 03:44:07 PM,-,
2021-05-19 03:44:07 PM,-,
2021-05-19 03:44:07 PM,-,
2021-05-19 03:44:07 PM,-,
2021-05-19 03:44:07 PM,-,
2021-05-19 03:44:07 PM,-,
2021-05-19 03:44:07 PM,-,
2021-05-19 03:44:07 PM,-,
2021-05-19 03:44:07 PM,-,
2021-05-19 03:44:07 PM,-,
2021-05-19 03:44:07 PM,-,
2021-05-19 03:44:07 PM,-,
2021-05-19 03:44:07 PM,-,
2021-05-19 03:44:07 PM,-,
2021-05-19 03:44:07 PM,-,
2021-05-19 03:44:07 PM,-,
2021-05-19 03:44:07 PM,-,
2021-05-19 03:44:07 PM,-,
2021-05-19 03:44:07 PM,-,
2021-05-19 03:44:07 PM,-,
2021-05-19 03:44:07 PM,-,
2021-05-19 03:44:07 PM,-,
2021-05-19 03:44:07 PM,-,
2021-05-19 03:44:07 PM,-,
2021-05-19 03:44:07 PM,-,
2021-05-19 03:44:07 PM,-,
2021-05-19 03:44:07 PM,-,
2021-05-19 03:44:07 PM,-,
2021-05-19 03:44:07 PM,-,
2021-05-19 03:44:07 PM,-,
2021-05-19 03:44:07 PM,-,
2021-05-19 03:44:07 PM,-,
2021-05-19 03:44:07 PM,-,
2021-05-19 03:44:07 PM,-,
2021-05-19 03:44:07 PM,-,
2021-05-19 03:44:07 PM,-,
2021-05-19 03:44:07 PM,-,
2021-05-19 03:44:07 PM,-,
2021-05-19 03:44:07 PM,-,
2021-05-19 03:44:07 PM,-,
2021-05-19 03:44:07 PM,-,
2021-05-19 03:44:08 PM,-,
2021-05-19 03:44:08 PM,-,
2021-05-19 03:44:08 PM,-,
2021-05-19 03:44:08 PM,-,
2021-05-19 03:44:08 PM,-,
2021-05-19 03:44:08 PM,-,
2021-05-19 03:44:08 PM,-,
2021-05-19 03:44:08 PM,-,
2021-05-19 03:44:08 PM,-,
2021-05-19 03:44:08 PM,-,
2021-05-19 03:44:08 PM,-,
2021-05-19 03:44:08 PM,-,
2021-05-19 03:44:08 PM,-,
2021-05-19 03:44:08 PM,-,
2021-05-19 03:44:08 PM,-,
2021-05-19 03:44:08 PM,-,
2021-05-19 03:44:08 PM,-,
2021-05-19 03:44:08 PM,-,
2021-05-19 03:44:08 PM,-,
2021-05-19 03:44:08 PM,-,
2021-05-19 03:44:08 PM,-,
2021-05-19 03:44:08 PM,-,
2021-05-19 03:44:08 PM,-,
2021-05-19 03:44:08 PM,-,
2021-05-19 03:44:08 PM,-,
2021-05-19 03:44:08 PM,-,
2021-05-19 03:44:08 PM,-,
2021-05-19 03:44:08 PM,-,
2021-05-19 03:44:08 PM,-,
2021-05-19 03:44:08 PM,-,
2021-05-19 03:44:08 PM,-,
2021-05-19 03:44:08 PM,-,
2021-05-19 03:44:08 PM,-,
2021-05-19 03:44:08 PM,-,
2021-05-19 03:44:08 PM,-,
2021-05-19 03:44:08 PM,-,
2021-05-19 03:44:08 PM,-,
2021-05-19 03:44:08 PM,-,
2021-05-19 03:44:08 PM,-,
2021-05-19 03:44:08 PM,-,
2021-05-19 03:44:08 PM,-,
2021-05-19 03:44:08 PM,-,
2021-05-19 03:44:08 PM,-,
2021-05-19 03:44:08 PM,-,
2021-05-19 03:44:08 PM,-,
2021-05-19 03:44:08 PM,-,
2021-05-19 03:44:08 PM,-,
2021-05-19 03:44:08 PM,-,
2021-05-19 03:44:08 PM,-,
2021-05-19 03:44:08 PM,-,
2021-05-19 03:44:08 PM,-,
2021-05-19 03:44:08 PM,-,
2021-05-19 03:44:08 PM,-,
2021-05-19 03:44:08 PM,-,
2021-05-19 03:44:08 PM,-,
2021-05-19 03:44:08 PM,-,
2021-05-19 03:44:08 PM,-,
2021-05-19 03:44:08 PM,-,
2021-05-19 03:44:08 PM,-,
2021-05-19 03:44:08 PM,-,
2021-05-19 03:44:08 PM,-,
2021-05-19 03:44:08 PM,-,
2021-05-19 03:44:08 PM,-,
2021-05-19 03:44:08 PM,-,
2021-05-19 03:44:08 PM,-,
2021-05-19 03:44:08 PM,-,
2021-05-19 03:44:08 PM,-,
2021-05-19 03:44:08 PM,-,
2021-05-19 03:44:08 PM,-,
2021-05-19 03:44:08 PM,-,
2021-05-19 03:44:08 PM,-,
2021-05-19 03:44:08 PM,-,
2021-05-19 03:44:08 PM,-,
2021-05-19 03:44:08 PM,-,
2021-05-19 03:44:08 PM,-,
2021-05-19 03:44:08 PM,-,
2021-05-19 03:44:08 PM,-,
2021-05-19 03:44:08 PM,-,
2021-05-19 03:44:08 PM,-,
2021-05-19 03:44:08 PM,-,
2021-05-19 03:44:08 PM,-,
2021-05-19 03:44:08 PM,-,
2021-05-19 03:44:08 PM,-,
2021-05-19 03:44:08 PM,-,
2021-05-19 03:44:08 PM,-,
2021-05-19 03:44:08 PM,-,
2021-05-19 03:44:08 PM,-,
2021-05-19 03:44:08 PM,-,
2021-05-19 03:44:08 PM,-,
2021-05-19 03:44:08 PM,-,
2021-05-19 03:44:08 PM,-,
2021-05-19 03:44:08 PM,-,
2021-05-19 03:44:08 PM,-,
2021-05-19 03:44:08 PM,-,
2021-05-19 03:44:08 PM,-,
2021-05-19 03:44:08 PM,-,
2021-05-19 03:44:08 PM,-,
2021-05-19 03:44:08 PM,-,
2021-05-19 03:44:08 PM,-,
2021-05-19 03:44:08 PM,-,
2021-05-19 03:44:09 PM,-,
2021-05-19 03:44:09 PM,-,
2021-05-19 03:44:09 PM,-,
2021-05-19 03:44:09 PM,-,
2021-05-19 03:44:09 PM,-,
2021-05-19 03:44:09 PM,-,
2021-05-19 03:44:09 PM,-,
2021-05-19 03:44:09 PM,-,
2021-05-19 03:44:09 PM,-,
2021-05-19 03:44:09 PM,-,
2021-05-19 03:44:09 PM,-,
2021-05-19 03:44:09 PM,-,
2021-05-19 03:44:09 PM,-,
2021-05-19 03:44:09 PM,-,
2021-05-19 03:44:09 PM,-,
2021-05-19 03:44:09 PM,-,
2021-05-19 03:44:09 PM,-,
2021-05-19 03:44:09 PM,-,
2021-05-19 03:44:09 PM,-,
2021-05-19 03:44:09 PM,-,
2021-05-19 03:44:09 PM,-,
2021-05-19 03:44:09 PM,-,
2021-05-19 03:44:09 PM,-,
2021-05-19 03:44:09 PM,-,
2021-05-19 03:44:09 PM,-,
2021-05-19 03:44:09 PM,-,
2021-05-19 03:44:09 PM,-,
2021-05-19 03:44:09 PM,-,
2021-05-19 03:44:09 PM,-,
2021-05-19 03:44:09 PM,-,
2021-05-19 03:44:09 PM,-,
2021-05-19 03:44:09 PM,-,
2021-05-19 03:44:09 PM,-,
2021-05-19 03:44:09 PM,-,
2021-05-19 03:44:09 PM,-,
2021-05-19 03:44:09 PM,-,
2021-05-19 03:44:09 PM,-,
2021-05-19 03:44:09 PM,-,
2021-05-19 03:44:09 PM,-,
2021-05-19 03:44:09 PM,-,
2021-05-19 03:44:09 PM,-,
2021-05-19 03:44:09 PM,-,
2021-05-19 03:44:09 PM,-,
2021-05-19 03:44:09 PM,-,
2021-05-19 03:44:09 PM,-,
2021-05-19 03:44:09 PM,-,
2021-05-19 03:44:09 PM,-,
2021-05-19 03:44:09 PM,-,
2021-05-19 03:44:09 PM,-,
2021-05-19 03:44:09 PM,-,
2021-05-19 03:44:09 PM,-,
2021-05-19 03:44:09 PM,-,
2021-05-19 03:44:09 PM,-,
2021-05-19 03:44:09 PM,-,
2021-05-19 03:44:09 PM,-,
2021-05-19 03:44:09 PM,-,
2021-05-19 03:44:09 PM,-,
2021-05-19 03:44:09 PM,-,
2021-05-19 03:44:09 PM,-,
2021-05-19 03:44:09 PM,-,
2021-05-19 03:44:09 PM,-,
2021-05-19 03:44:09 PM,-,
2021-05-19 03:44:09 PM,-,
2021-05-19 03:44:09 PM,-,
2021-05-19 03:44:09 PM,-,
2021-05-19 03:44:09 PM,-,
2021-05-19 03:44:09 PM,-,
2021-05-19 03:44:09 PM,-,
2021-05-19 03:44:09 PM,-,
2021-05-19 03:44:09 PM,-,
2021-05-19 03:44:09 PM,-,
2021-05-19 03:44:09 PM,-,
2021-05-19 03:44:09 PM,-,
2021-05-19 03:44:09 PM,-,
2021-05-19 03:44:09 PM,-,
2021-05-19 03:44:09 PM,-,
2021-05-19 03:44:09 PM,-,
2021-05-19 03:44:09 PM,-,
2021-05-19 03:44:09 PM,-,
2021-05-19 03:44:09 PM,-,
2021-05-19 03:44:09 PM,-,
2021-05-19 03:44:09 PM,-,
2021-05-19 03:44:09 PM,-,
2021-05-19 03:44:09 PM,-,
2021-05-19 03:44:09 PM,-,
2021-05-19 03:44:09 PM,-,
2021-05-19 03:44:09 PM,-,
2021-05-19 03:44:09 PM,-,
2021-05-19 03:44:09 PM,-,
2021-05-19 03:44:09 PM,-,
2021-05-19 03:44:09 PM,-,
2021-05-19 03:44:09 PM,-,
2021-05-19 03:44:09 PM,-,
2021-05-19 03:44:09 PM,-,
2021-05-19 03:44:09 PM,-,
2021-05-19 03:44:09 PM,-,
2021-05-19 03:44:09 PM,-,
2021-05-19 03:44:09 PM,-,
2021-05-19 03:44:09 PM,-,
2021-05-19 03:44:09 PM,-,
2021-05-19 03:44:10 PM,-,
2021-05-19 03:44:10 PM,-,
2021-05-19 03:44:10 PM,-,
2021-05-19 03:44:10 PM,-,
2021-05-19 03:44:10 PM,-,
2021-05-19 03:44:10 PM,-,
2021-05-19 03:44:10 PM,-,
2021-05-19 03:44:10 PM,-,
2021-05-19 03:44:10 PM,-,
2021-05-19 03:44:10 PM,-,
2021-05-19 03:44:10 PM,-,
2021-05-19 03:44:10 PM,-,
2021-05-19 03:44:10 PM,-,
2021-05-19 03:44:10 PM,-,
2021-05-19 03:44:10 PM,-,
2021-05-19 03:44:10 PM,-,
2021-05-19 03:44:10 PM,-,
2021-05-19 03:44:10 PM,-,
2021-05-19 03:44:10 PM,-,
2021-05-19 03:44:10 PM,-,
2021-05-19 03:44:10 PM,-,
2021-05-19 03:44:10 PM,-,
2021-05-19 03:44:10 PM,-,
2021-05-19 03:44:10 PM,-,
2021-05-19 03:44:10 PM,-,
2021-05-19 03:44:10 PM,-,
2021-05-19 03:44:10 PM,-,
2021-05-19 03:44:10 PM,-,
2021-05-19 03:44:10 PM,-,
2021-05-19 03:44:10 PM,-,
2021-05-19 03:44:10 PM,-,
2021-05-19 03:44:10 PM,-,
2021-05-19 03:44:10 PM,-,
2021-05-19 03:44:10 PM,-,
2021-05-19 03:44:10 PM,-,
2021-05-19 03:44:10 PM,-,
2021-05-19 03:44:10 PM,-,
2021-05-19 03:44:10 PM,-,
2021-05-19 03:44:10 PM,-,
2021-05-19 03:44:10 PM,-,
2021-05-19 03:44:10 PM,-,
2021-05-19 03:44:10 PM,-,
2021-05-19 03:44:10 PM,-,
2021-05-19 03:44:10 PM,-,
2021-05-19 03:44:10 PM,-,
2021-05-19 03:44:10 PM,-,
2021-05-19 03:44:10 PM,-,
2021-05-19 03:44:10 PM,-,
2021-05-19 03:44:10 PM,-,
2021-05-19 03:44:10 PM,-,
2021-05-19 03:44:10 PM,-,
2021-05-19 03:44:10 PM,-,
2021-05-19 03:44:10 PM,-,
2021-05-19 03:44:10 PM,-,
2021-05-19 03:44:10 PM,-,
2021-05-19 03:44:10 PM,-,
2021-05-19 03:44:10 PM,-,
2021-05-19 03:44:10 PM,-,
2021-05-19 03:44:10 PM,-,
2021-05-19 03:44:10 PM,-,
2021-05-19 03:44:10 PM,-,
2021-05-19 03:44:10 PM,-,
2021-05-19 03:44:10 PM,-,
2021-05-19 03:44:10 PM,-,
2021-05-19 03:44:10 PM,-,
2021-05-19 03:44:10 PM,-,
2021-05-19 03:44:10 PM,-,
2021-05-19 03:44:10 PM,-,
2021-05-19 03:44:10 PM,-,
2021-05-19 03:44:10 PM,-,
2021-05-19 03:44:10 PM,-,
2021-05-19 03:44:10 PM,-,
2021-05-19 03:44:10 PM,-,
2021-05-19 03:44:10 PM,-,
2021-05-19 03:44:10 PM,-,
2021-05-19 03:44:10 PM,-,
2021-05-19 03:44:10 PM,-,
2021-05-19 03:44:10 PM,-,
2021-05-19 03:44:10 PM,-,
2021-05-19 03:44:10 PM,-,
2021-05-19 03:44:10 PM,-,
2021-05-19 03:44:10 PM,-,
2021-05-19 03:44:10 PM,-,
2021-05-19 03:44:10 PM,-,
2021-05-19 03:44:10 PM,-,
2021-05-19 03:44:10 PM,-,
2021-05-19 03:44:10 PM,-,
2021-05-19 03:44:10 PM,-,
2021-05-19 03:44:10 PM,-,
2021-05-19 03:44:10 PM,-,
2021-05-19 03:44:10 PM,-,
2021-05-19 03:44:10 PM,-,
2021-05-19 03:44:10 PM,-,
2021-05-19 03:44:10 PM,-,
2021-05-19 03:44:10 PM,-,
2021-05-19 03:44:10 PM,-,
2021-05-19 03:44:10 PM,-,
2021-05-19 03:44:10 PM,-,
2021-05-19 03:44:10 PM,-,
2021-05-19 03:44:10 PM,-,
2021-05-19 03:44:11 PM,-,
2021-05-19 03:44:11 PM,-,
2021-05-19 03:44:11 PM,-,
2021-05-19 03:44:11 PM,-,
2021-05-19 03:44:11 PM,-,
2021-05-19 03:44:11 PM,-,
2021-05-19 03:44:11 PM,-,
2021-05-19 03:44:11 PM,-,
2021-05-19 03:44:11 PM,-,
2021-05-19 03:44:11 PM,-,
2021-05-19 03:44:11 PM,-,
2021-05-19 03:44:11 PM,-,
2021-05-19 03:44:11 PM,-,
2021-05-19 03:44:11 PM,-,
2021-05-19 03:44:11 PM,-,
2021-05-19 03:44:11 PM,-,
2021-05-19 03:44:11 PM,-,
2021-05-19 03:44:11 PM,-,
2021-05-19 03:44:11 PM,-,
2021-05-19 03:44:11 PM,-,
2021-05-19 03:44:11 PM,-,
2021-05-19 03:44:11 PM,-,
2021-05-19 03:44:11 PM,-,
2021-05-19 03:44:11 PM,-,
2021-05-19 03:44:11 PM,-,
2021-05-19 03:44:11 PM,-,
2021-05-19 03:44:11 PM,-,
2021-05-19 03:44:11 PM,-,
2021-05-19 03:44:11 PM,-,
2021-05-19 03:44:11 PM,-,
2021-05-19 03:44:11 PM,-,
2021-05-19 03:44:11 PM,-,
2021-05-19 03:44:11 PM,-,
2021-05-19 03:44:11 PM,-,
2021-05-19 03:44:11 PM,-,
2021-05-19 03:44:11 PM,-,
2021-05-19 03:44:11 PM,-,
2021-05-19 03:44:11 PM,-,
2021-05-19 03:44:11 PM,-,
2021-05-19 03:44:11 PM,-,
2021-05-19 03:44:11 PM,-,
2021-05-19 03:44:11 PM,-,
2021-05-19 03:44:11 PM,-,
2021-05-19 03:44:11 PM,-,
2021-05-19 03:44:11 PM,-,
2021-05-19 03:44:11 PM,-,
2021-05-19 03:44:11 PM,-,
2021-05-19 03:44:11 PM,-,
2021-05-19 03:44:11 PM,-,
2021-05-19 03:44:11 PM,-,
2021-05-19 03:44:11 PM,-,
2021-05-19 03:44:11 PM,-,
2021-05-19 03:44:11 PM,-,
2021-05-19 03:44:11 PM,-,
2021-05-19 03:44:11 PM,-,
2021-05-19 03:44:11 PM,-,
2021-05-19 03:44:11 PM,-,
2021-05-19 03:44:11 PM,-,
2021-05-19 03:44:11 PM,-,
2021-05-19 03:44:11 PM,-,
2021-05-19 03:44:11 PM,-,
2021-05-19 03:44:11 PM,-,
2021-05-19 03:44:11 PM,-,
2021-05-19 03:44:11 PM,-,
2021-05-19 03:44:11 PM,-,
2021-05-19 03:44:11 PM,-,
2021-05-19 03:44:11 PM,-,
2021-05-19 03:44:11 PM,-,
2021-05-19 03:44:11 PM,-,
2021-05-19 03:44:11 PM,-,
2021-05-19 03:44:11 PM,-,
2021-05-19 03:44:11 PM,-,
2021-05-19 03:44:11 PM,-,
2021-05-19 03:44:11 PM,-,
2021-05-19 03:44:11 PM,-,
2021-05-19 03:44:11 PM,-,
2021-05-19 03:44:11 PM,-,
2021-05-19 03:44:11 PM,-,
2021-05-19 03:44:11 PM,-,
2021-05-19 03:44:11 PM,-,
2021-05-19 03:44:11 PM,-,
2021-05-19 03:44:11 PM,-,
2021-05-19 03:44:11 PM,-,
2021-05-19 03:44:11 PM,-,
2021-05-19 03:44:11 PM,-,
2021-05-19 03:44:11 PM,-,
2021-05-19 03:44:11 PM,-,
2021-05-19 03:44:11 PM,-,
2021-05-19 03:44:11 PM,-,
2021-05-19 03:44:11 PM,-,
2021-05-19 03:44:11 PM,-,
2021-05-19 03:44:11 PM,-,
2021-05-19 03:44:11 PM,-,
2021-05-19 03:44:11 PM,-,
2021-05-19 03:44:11 PM,-,
2021-05-19 03:44:11 PM,-,
2021-05-19 03:44:11 PM,-,
2021-05-19 03:44:11 PM,-,
2021-05-19 03:44:11 PM,-,
2021-05-19 03:44:11 PM,-,
2021-05-19 03:44:12 PM,-,
2021-05-19 03:44:12 PM,-,
2021-05-19 03:44:12 PM,-,
2021-05-19 03:44:12 PM,-,
2021-05-19 03:44:12 PM,-,
2021-05-19 03:44:12 PM,-,
2021-05-19 03:44:12 PM,-,
2021-05-19 03:44:12 PM,-,
2021-05-19 03:44:12 PM,-,
2021-05-19 03:44:12 PM,-,
2021-05-19 03:44:12 PM,-,
2021-05-19 03:44:12 PM,-,
2021-05-19 03:44:12 PM,-,
2021-05-19 03:44:12 PM,-,
2021-05-19 03:44:12 PM,-,
2021-05-19 03:44:12 PM,-,
2021-05-19 03:44:12 PM,-,
2021-05-19 03:44:12 PM,-,
2021-05-19 03:44:12 PM,-,
2021-05-19 03:44:12 PM,-,
2021-05-19 03:44:12 PM,-,
2021-05-19 03:44:12 PM,-,
2021-05-19 03:44:12 PM,-,
2021-05-19 03:44:12 PM,-,
2021-05-19 03:44:12 PM,-,
2021-05-19 03:44:12 PM,-,
2021-05-19 03:44:12 PM,-,
2021-05-19 03:44:12 PM,-,
2021-05-19 03:44:12 PM,-,
2021-05-19 03:44:12 PM,-,
2021-05-19 03:44:12 PM,-,
2021-05-19 03:44:12 PM,-,
2021-05-19 03:44:12 PM,-,
2021-05-19 03:44:12 PM,-,
2021-05-19 03:44:12 PM,-,
2021-05-19 03:44:12 PM,-,
2021-05-19 03:44:12 PM,-,
2021-05-19 03:44:12 PM,-,
2021-05-19 03:44:12 PM,-,
2021-05-19 03:44:12 PM,-,
2021-05-19 03:44:12 PM,-,
2021-05-19 03:44:12 PM,-,
2021-05-19 03:44:12 PM,-,
2021-05-19 03:44:12 PM,-,
2021-05-19 03:44:12 PM,-,
2021-05-19 03:44:12 PM,-,
2021-05-19 03:44:12 PM,-,
2021-05-19 03:44:12 PM,-,
2021-05-19 03:44:12 PM,-,
2021-05-19 03:44:12 PM,-,
2021-05-19 03:44:12 PM,-,
2021-05-19 03:44:12 PM,-,
2021-05-19 03:44:12 PM,-,
2021-05-19 03:44:12 PM,-,
2021-05-19 03:44:12 PM,-,
2021-05-19 03:44:12 PM,-,
2021-05-19 03:44:12 PM,-,
2021-05-19 03:44:12 PM,-,
2021-05-19 03:44:12 PM,-,
2021-05-19 03:44:12 PM,-,
2021-05-19 03:44:12 PM,-,
2021-05-19 03:44:12 PM,-,
2021-05-19 03:44:12 PM,-,
2021-05-19 03:44:12 PM,-,
2021-05-19 03:44:12 PM,-,
2021-05-19 03:44:12 PM,-,
2021-05-19 03:44:12 PM,-,
2021-05-19 03:44:12 PM,-,
2021-05-19 03:44:12 PM,-,
2021-05-19 03:44:12 PM,-,
2021-05-19 03:44:12 PM,-,
2021-05-19 03:44:12 PM,-,
2021-05-19 03:44:12 PM,-,
2021-05-19 03:44:12 PM,-,
2021-05-19 03:44:12 PM,-,
2021-05-19 03:44:12 PM,-,
2021-05-19 03:44:12 PM,-,
2021-05-19 03:44:12 PM,-,
2021-05-19 03:44:12 PM,-,
2021-05-19 03:44:12 PM,-,
2021-05-19 03:44:12 PM,-,
2021-05-19 03:44:12 PM,-,
2021-05-19 03:44:12 PM,-,
2021-05-19 03:44:12 PM,-,
2021-05-19 03:44:12 PM,-,
2021-05-19 03:44:12 PM,-,
2021-05-19 03:44:12 PM,-,
2021-05-19 03:44:12 PM,-,
2021-05-19 03:44:12 PM,-,
2021-05-19 03:44:12 PM,-,
2021-05-19 03:44:12 PM,-,
2021-05-19 03:44:12 PM,-,
2021-05-19 03:44:12 PM,-,
2021-05-19 03:44:12 PM,-,
2021-05-19 03:44:12 PM,-,
2021-05-19 03:44:12 PM,-,
2021-05-19 03:44:12 PM,-,
2021-05-19 03:44:12 PM,-,
2021-05-19 03:44:12 PM,-,
2021-05-19 03:44:12 PM,-,
