2021-05-12 10:15:26 AM,-,
2021-05-12 10:15:26 AM,-,
2021-05-12 10:15:26 AM,-,
2021-05-12 10:15:26 AM,-,
2021-05-12 10:15:26 AM,-,
2021-05-12 10:15:26 AM,-,
2021-05-12 10:15:26 AM,-,
2021-05-12 10:15:26 AM,-,
2021-05-12 10:15:26 AM,-,
2021-05-12 10:15:26 AM,-,
2021-05-12 10:15:26 AM,-,
2021-05-12 10:15:26 AM,-,
2021-05-12 10:15:26 AM,-,
2021-05-12 10:15:26 AM,-,
2021-05-12 10:15:26 AM,-,
2021-05-12 10:15:26 AM,-,
2021-05-12 10:15:26 AM,-,
2021-05-12 10:15:26 AM,-,
2021-05-12 10:15:26 AM,-,
2021-05-12 10:15:26 AM,-,
2021-05-12 10:15:26 AM,-,
2021-05-12 10:15:26 AM,-,
2021-05-12 10:15:26 AM,-,
2021-05-12 10:15:26 AM,-,
2021-05-12 10:15:26 AM,-,
2021-05-12 10:15:26 AM,-,
2021-05-12 10:15:26 AM,-,
2021-05-12 10:15:26 AM,-,
2021-05-12 10:15:26 AM,-,
2021-05-12 10:15:26 AM,-,
2021-05-12 10:15:26 AM,-,
2021-05-12 10:15:26 AM,-,
2021-05-12 10:15:26 AM,-,
2021-05-12 10:15:26 AM,-,
2021-05-12 10:15:26 AM,-,
2021-05-12 10:15:26 AM,-,
2021-05-12 10:15:26 AM,-,
2021-05-12 10:15:26 AM,-,
2021-05-12 10:15:26 AM,-,
2021-05-12 10:15:26 AM,-,
2021-05-12 10:15:26 AM,-,
2021-05-12 10:15:26 AM,-,
2021-05-12 10:15:26 AM,-,
2021-05-12 10:15:26 AM,-,
2021-05-12 10:15:26 AM,-,
2021-05-12 10:15:26 AM,-,
2021-05-12 10:15:26 AM,-,
2021-05-12 10:15:26 AM,-,
2021-05-12 10:15:26 AM,-,
2021-05-12 10:15:26 AM,-,
2021-05-12 10:15:26 AM,-,
2021-05-12 10:15:26 AM,-,
2021-05-12 10:15:26 AM,-,
2021-05-12 10:15:26 AM,-,
2021-05-12 10:15:26 AM,-,
2021-05-12 10:15:26 AM,-,
2021-05-12 10:15:26 AM,-,
2021-05-12 10:15:26 AM,-,
2021-05-12 10:15:26 AM,-,
2021-05-12 10:15:26 AM,-,
2021-05-12 10:15:26 AM,-,
2021-05-12 10:15:26 AM,-,
2021-05-12 10:15:26 AM,-,
2021-05-12 10:15:26 AM,-,
2021-05-12 10:15:26 AM,-,
2021-05-12 10:15:26 AM,-,
2021-05-12 10:15:26 AM,-,
2021-05-12 10:15:26 AM,-,
2021-05-12 10:15:26 AM,-,
2021-05-12 10:15:26 AM,-,
2021-05-12 10:15:26 AM,-,
2021-05-12 10:15:26 AM,-,
2021-05-12 10:15:26 AM,-,
2021-05-12 10:15:26 AM,-,
2021-05-12 10:15:26 AM,-,
2021-05-12 10:15:26 AM,-,
2021-05-12 10:15:26 AM,-,
2021-05-12 10:15:26 AM,-,
2021-05-12 10:15:26 AM,-,
2021-05-12 10:15:26 AM,-,
2021-05-12 10:15:26 AM,-,
2021-05-12 10:15:26 AM,-,
2021-05-12 10:15:26 AM,-,
2021-05-12 10:15:26 AM,-,
2021-05-12 10:15:26 AM,-,
2021-05-12 10:15:26 AM,-,
2021-05-12 10:15:26 AM,-,
2021-05-12 10:15:26 AM,-,
2021-05-12 10:15:26 AM,-,
2021-05-12 10:15:26 AM,-,
2021-05-12 10:15:26 AM,-,
2021-05-12 10:15:26 AM,-,
2021-05-12 10:15:26 AM,-,
2021-05-12 10:15:26 AM,-,
2021-05-12 10:15:26 AM,-,
2021-05-12 10:15:26 AM,-,
2021-05-12 10:15:26 AM,-,
2021-05-12 10:15:26 AM,-,
2021-05-12 10:15:26 AM,-,
2021-05-12 10:15:26 AM,-,
2021-05-12 10:15:26 AM,-,
2021-05-12 10:15:26 AM,-,
2021-05-12 10:15:26 AM,-,
2021-05-12 10:15:26 AM,-,
2021-05-12 10:15:26 AM,-,
2021-05-12 10:15:26 AM,-,
2021-05-12 10:15:26 AM,-,
2021-05-12 10:15:26 AM,-,
2021-05-12 10:15:26 AM,-,
2021-05-12 10:15:26 AM,-,
2021-05-12 10:15:26 AM,-,
2021-05-12 10:15:26 AM,-,
2021-05-12 10:15:26 AM,-,
2021-05-12 10:15:26 AM,-,
2021-05-12 10:15:26 AM,-,
2021-05-12 10:15:26 AM,-,
2021-05-12 10:15:26 AM,-,
2021-05-12 10:15:26 AM,-,
2021-05-12 10:15:26 AM,-,
2021-05-12 10:15:26 AM,-,
2021-05-12 10:15:26 AM,-,
2021-05-12 10:15:26 AM,-,
2021-05-12 10:15:26 AM,-,
2021-05-12 10:15:26 AM,-,
2021-05-12 10:15:26 AM,-,
2021-05-12 10:15:26 AM,-,
2021-05-12 10:15:26 AM,-,
2021-05-12 10:15:26 AM,-,
2021-05-12 10:15:26 AM,-,
2021-05-12 10:15:26 AM,-,
2021-05-12 10:15:26 AM,-,
2021-05-12 10:15:26 AM,-,
2021-05-12 10:15:26 AM,-,
2021-05-12 10:15:26 AM,-,
2021-05-12 10:15:26 AM,-,
2021-05-12 10:15:26 AM,-,
2021-05-12 10:15:26 AM,-,
2021-05-12 10:15:26 AM,-,
2021-05-12 10:15:26 AM,-,
2021-05-12 10:15:26 AM,-,
2021-05-12 10:15:26 AM,-,
2021-05-12 10:15:26 AM,-,
2021-05-12 10:15:26 AM,-,
2021-05-12 10:15:26 AM,-,
2021-05-12 10:15:26 AM,-,
2021-05-12 10:15:26 AM,-,
2021-05-12 10:15:26 AM,-,
2021-05-12 10:15:26 AM,-,
2021-05-12 10:15:26 AM,-,
2021-05-12 10:15:26 AM,-,
2021-05-12 10:15:26 AM,-,
2021-05-12 10:15:26 AM,-,
2021-05-12 10:15:26 AM,-,
2021-05-12 10:15:26 AM,-,
2021-05-12 10:15:26 AM,-,
2021-05-12 10:15:26 AM,-,
2021-05-12 10:15:26 AM,-,
2021-05-12 10:15:26 AM,-,
2021-05-12 10:15:26 AM,-,
2021-05-12 10:15:26 AM,-,
2021-05-12 10:15:26 AM,-,
2021-05-12 10:15:26 AM,-,
2021-05-12 10:15:26 AM,-,
2021-05-12 10:15:26 AM,-,
2021-05-12 10:15:26 AM,-,
2021-05-12 10:15:26 AM,-,
2021-05-12 10:15:26 AM,-,
2021-05-12 10:15:26 AM,-,
2021-05-12 10:15:26 AM,-,
2021-05-12 10:15:26 AM,-,
2021-05-12 10:15:26 AM,-,
2021-05-12 10:15:26 AM,-,
2021-05-12 10:15:26 AM,-,
2021-05-12 10:15:26 AM,-,
2021-05-12 10:15:26 AM,-,
2021-05-12 10:15:26 AM,-,
2021-05-12 10:15:26 AM,-,
2021-05-12 10:15:26 AM,-,
2021-05-12 10:15:26 AM,-,
2021-05-12 10:15:26 AM,-,
2021-05-12 10:15:26 AM,-,
2021-05-12 10:15:26 AM,-,
2021-05-12 10:15:26 AM,-,
2021-05-12 10:15:26 AM,-,
2021-05-12 10:15:26 AM,-,
2021-05-12 10:15:26 AM,-,
2021-05-12 10:15:26 AM,-,
2021-05-12 10:15:26 AM,-,
2021-05-12 10:15:26 AM,-,
2021-05-12 10:15:26 AM,-,
2021-05-12 10:15:26 AM,-,
2021-05-12 10:15:26 AM,-,
2021-05-12 10:15:26 AM,-,
2021-05-12 10:15:26 AM,-,
2021-05-12 10:15:26 AM,-,
2021-05-12 10:15:26 AM,-,
2021-05-12 10:15:26 AM,-,
2021-05-12 10:15:26 AM,-,
2021-05-12 10:15:26 AM,-,
2021-05-12 10:15:26 AM,-,
2021-05-12 10:15:26 AM,-,
2021-05-12 10:15:26 AM,-,
2021-05-12 10:15:26 AM,-,
2021-05-12 10:15:26 AM,-,
2021-05-12 10:15:26 AM,-,
2021-05-12 10:15:26 AM,-,
2021-05-12 10:15:26 AM,-,
2021-05-12 10:15:26 AM,-,
2021-05-12 10:15:26 AM,-,
2021-05-12 10:15:26 AM,-,
2021-05-12 10:15:26 AM,-,
2021-05-12 10:15:26 AM,-,
2021-05-12 10:15:26 AM,-,
2021-05-12 10:15:26 AM,-,
2021-05-12 10:15:26 AM,-,
2021-05-12 10:15:26 AM,-,
2021-05-12 10:15:26 AM,-,
2021-05-12 10:15:26 AM,-,
2021-05-12 10:15:26 AM,-,
2021-05-12 10:15:26 AM,-,
2021-05-12 10:15:26 AM,-,
2021-05-12 10:15:26 AM,-,
2021-05-12 10:15:26 AM,-,
2021-05-12 10:15:26 AM,-,
2021-05-12 10:15:26 AM,-,
2021-05-12 10:15:26 AM,-,
2021-05-12 10:15:26 AM,-,
2021-05-12 10:15:26 AM,-,
2021-05-12 10:15:26 AM,-,
2021-05-12 10:15:26 AM,-,
2021-05-12 10:15:26 AM,-,
2021-05-12 10:15:26 AM,-,
2021-05-12 10:15:26 AM,-,
2021-05-12 10:15:26 AM,-,
2021-05-12 10:15:26 AM,-,
2021-05-12 10:15:26 AM,-,
2021-05-12 10:15:26 AM,-,
2021-05-12 10:15:26 AM,-,
2021-05-12 10:15:26 AM,-,
2021-05-12 10:15:26 AM,-,
2021-05-12 10:15:26 AM,-,
2021-05-12 10:15:26 AM,-,
2021-05-12 10:15:26 AM,-,
2021-05-12 10:15:26 AM,-,
2021-05-12 10:15:26 AM,-,
2021-05-12 10:15:26 AM,-,
2021-05-12 10:15:26 AM,-,
2021-05-12 10:15:26 AM,-,
2021-05-12 10:15:26 AM,-,
2021-05-12 10:15:26 AM,-,
2021-05-12 10:15:26 AM,-,
2021-05-12 10:15:26 AM,-,
2021-05-12 10:15:26 AM,-,
2021-05-12 10:15:26 AM,-,
2021-05-12 10:15:26 AM,-,
2021-05-12 10:15:26 AM,-,
2021-05-12 10:15:26 AM,-,
2021-05-12 10:15:26 AM,-,
2021-05-12 10:15:26 AM,-,
2021-05-12 10:15:26 AM,-,
2021-05-12 10:15:26 AM,-,
2021-05-12 10:15:26 AM,-,
2021-05-12 10:15:26 AM,-,
2021-05-12 10:15:26 AM,-,
2021-05-12 10:15:26 AM,-,
2021-05-12 10:15:26 AM,-,
2021-05-12 10:15:26 AM,-,
2021-05-12 10:15:26 AM,-,
2021-05-12 10:15:26 AM,-,
2021-05-12 10:15:26 AM,-,
2021-05-12 10:15:26 AM,-,
2021-05-12 10:15:26 AM,-,
2021-05-12 10:15:26 AM,-,
2021-05-12 10:15:26 AM,-,
2021-05-12 10:15:26 AM,-,
2021-05-12 10:15:26 AM,-,
2021-05-12 10:15:26 AM,-,
2021-05-12 10:15:26 AM,-,
2021-05-12 10:15:26 AM,-,
2021-05-12 10:15:26 AM,-,
2021-05-12 10:15:26 AM,-,
2021-05-12 10:15:26 AM,-,
2021-05-12 10:15:26 AM,-,
2021-05-12 10:15:26 AM,-,
2021-05-12 10:15:26 AM,-,
2021-05-12 10:15:26 AM,-,
2021-05-12 10:15:26 AM,-,
2021-05-12 10:15:26 AM,-,
2021-05-12 10:15:26 AM,-,
2021-05-12 10:15:26 AM,-,
2021-05-12 10:15:26 AM,-,
2021-05-12 10:15:26 AM,-,
2021-05-12 10:15:26 AM,-,
2021-05-12 10:15:26 AM,-,
2021-05-12 10:15:26 AM,-,
2021-05-12 10:15:26 AM,-,
2021-05-12 10:15:26 AM,-,
2021-05-12 10:15:26 AM,-,
2021-05-12 10:15:26 AM,-,
2021-05-12 10:15:26 AM,-,
2021-05-12 10:15:26 AM,2.420000,
2021-05-12 10:15:26 AM,47.050000,
2021-05-12 10:15:26 AM,0.000000,
2021-05-12 10:15:27 AM,-,
2021-05-12 10:15:27 AM,-,
2021-05-12 10:15:27 AM,-,
2021-05-12 10:15:27 AM,-,
2021-05-12 10:15:27 AM,-,
2021-05-12 10:15:27 AM,-,
2021-05-12 10:15:27 AM,-,
2021-05-12 10:15:27 AM,-,
2021-05-12 10:15:27 AM,-,
2021-05-12 10:15:27 AM,-,
2021-05-12 10:15:27 AM,-,
2021-05-12 10:15:27 AM,-,
2021-05-12 10:15:27 AM,-,
2021-05-12 10:15:27 AM,-,
2021-05-12 10:15:27 AM,-,
2021-05-12 10:15:27 AM,-,
2021-05-12 10:15:27 AM,-,
2021-05-12 10:15:27 AM,-,
2021-05-12 10:15:27 AM,-,
2021-05-12 10:15:27 AM,-,
2021-05-12 10:15:27 AM,-,
2021-05-12 10:15:27 AM,-,
2021-05-12 10:15:27 AM,-,
2021-05-12 10:15:27 AM,-,
2021-05-12 10:15:27 AM,-,
2021-05-12 10:15:27 AM,-,
2021-05-12 10:15:27 AM,-,
2021-05-12 10:15:27 AM,-,
2021-05-12 10:15:27 AM,-,
2021-05-12 10:15:27 AM,-,
2021-05-12 10:15:27 AM,-,
2021-05-12 10:15:27 AM,-,
2021-05-12 10:15:27 AM,-,
2021-05-12 10:15:27 AM,-,
2021-05-12 10:15:27 AM,-,
2021-05-12 10:15:27 AM,-,
2021-05-12 10:15:27 AM,-,
2021-05-12 10:15:27 AM,-,
2021-05-12 10:15:27 AM,-,
2021-05-12 10:15:27 AM,-,
2021-05-12 10:15:27 AM,-,
2021-05-12 10:15:27 AM,-,
2021-05-12 10:15:27 AM,-,
2021-05-12 10:15:27 AM,-,
2021-05-12 10:15:27 AM,-,
2021-05-12 10:15:27 AM,-,
2021-05-12 10:15:27 AM,-,
2021-05-12 10:15:27 AM,-,
2021-05-12 10:15:27 AM,-,
2021-05-12 10:15:27 AM,-,
2021-05-12 10:15:27 AM,-,
2021-05-12 10:15:27 AM,-,
2021-05-12 10:15:27 AM,-,
2021-05-12 10:15:27 AM,-,
2021-05-12 10:15:27 AM,-,
2021-05-12 10:15:27 AM,-,
2021-05-12 10:15:27 AM,-,
2021-05-12 10:15:27 AM,-,
2021-05-12 10:15:27 AM,-,
2021-05-12 10:15:27 AM,-,
2021-05-12 10:15:27 AM,-,
2021-05-12 10:15:27 AM,-,
2021-05-12 10:15:27 AM,-,
2021-05-12 10:15:27 AM,-,
2021-05-12 10:15:27 AM,-,
2021-05-12 10:15:27 AM,-,
2021-05-12 10:15:27 AM,-,
2021-05-12 10:15:27 AM,-,
2021-05-12 10:15:27 AM,-,
2021-05-12 10:15:27 AM,-,
2021-05-12 10:15:27 AM,-,
2021-05-12 10:15:27 AM,-,
2021-05-12 10:15:27 AM,-,
2021-05-12 10:15:27 AM,-,
2021-05-12 10:15:27 AM,-,
2021-05-12 10:15:27 AM,-,
2021-05-12 10:15:27 AM,-,
2021-05-12 10:15:27 AM,-,
2021-05-12 10:15:27 AM,-,
2021-05-12 10:15:27 AM,-,
2021-05-12 10:15:27 AM,-,
2021-05-12 10:15:27 AM,-,
2021-05-12 10:15:27 AM,-,
2021-05-12 10:15:27 AM,-,
2021-05-12 10:15:27 AM,-,
2021-05-12 10:15:27 AM,-,
2021-05-12 10:15:27 AM,-,
2021-05-12 10:15:27 AM,-,
2021-05-12 10:15:27 AM,-,
2021-05-12 10:15:27 AM,-,
2021-05-12 10:15:27 AM,-,
2021-05-12 10:15:27 AM,-,
2021-05-12 10:15:27 AM,-,
2021-05-12 10:15:27 AM,-,
2021-05-12 10:15:27 AM,-,
2021-05-12 10:15:27 AM,-,
2021-05-12 10:15:27 AM,-,
2021-05-12 10:15:27 AM,-,
2021-05-12 10:15:27 AM,-,
2021-05-12 10:15:27 AM,-,
2021-05-12 10:15:27 AM,-,
2021-05-12 10:15:27 AM,-,
2021-05-12 10:15:27 AM,-,
2021-05-12 10:15:27 AM,-,
2021-05-12 10:15:27 AM,-,
2021-05-12 10:15:27 AM,-,
2021-05-12 10:15:27 AM,-,
2021-05-12 10:15:27 AM,-,
2021-05-12 10:15:27 AM,-,
2021-05-12 10:15:27 AM,-,
2021-05-12 10:15:27 AM,-,
2021-05-12 10:15:27 AM,-,
2021-05-12 10:15:27 AM,-,
2021-05-12 10:15:27 AM,-,
2021-05-12 10:15:27 AM,-,
2021-05-12 10:15:27 AM,-,
2021-05-12 10:15:27 AM,-,
2021-05-12 10:15:27 AM,-,
2021-05-12 10:15:27 AM,-,
2021-05-12 10:15:27 AM,-,
2021-05-12 10:15:27 AM,-,
2021-05-12 10:15:27 AM,-,
2021-05-12 10:15:27 AM,-,
2021-05-12 10:15:27 AM,-,
2021-05-12 10:15:27 AM,-,
2021-05-12 10:15:27 AM,-,
2021-05-12 10:15:27 AM,-,
2021-05-12 10:15:27 AM,-,
2021-05-12 10:15:27 AM,-,
2021-05-12 10:15:27 AM,-,
2021-05-12 10:15:27 AM,-,
2021-05-12 10:15:27 AM,-,
2021-05-12 10:15:27 AM,-,
2021-05-12 10:15:27 AM,-,
2021-05-12 10:15:27 AM,-,
2021-05-12 10:15:27 AM,-,
2021-05-12 10:15:27 AM,-,
2021-05-12 10:15:27 AM,-,
2021-05-12 10:15:27 AM,-,
2021-05-12 10:15:27 AM,-,
2021-05-12 10:15:27 AM,-,
2021-05-12 10:15:27 AM,-,
2021-05-12 10:15:27 AM,-,
2021-05-12 10:15:27 AM,-,
2021-05-12 10:15:27 AM,-,
2021-05-12 10:15:27 AM,-,
2021-05-12 10:15:27 AM,-,
2021-05-12 10:15:27 AM,-,
2021-05-12 10:15:27 AM,-,
2021-05-12 10:15:27 AM,-,
2021-05-12 10:15:27 AM,-,
2021-05-12 10:15:27 AM,-,
2021-05-12 10:15:27 AM,-,
2021-05-12 10:15:27 AM,-,
2021-05-12 10:15:27 AM,-,
2021-05-12 10:15:27 AM,-,
2021-05-12 10:15:27 AM,-,
2021-05-12 10:15:27 AM,-,
2021-05-12 10:15:27 AM,-,
2021-05-12 10:15:27 AM,-,
2021-05-12 10:15:27 AM,-,
2021-05-12 10:15:27 AM,-,
2021-05-12 10:15:27 AM,-,
2021-05-12 10:15:27 AM,-,
2021-05-12 10:15:27 AM,-,
2021-05-12 10:15:27 AM,-,
2021-05-12 10:15:27 AM,-,
2021-05-12 10:15:27 AM,-,
2021-05-12 10:15:27 AM,-,
2021-05-12 10:15:27 AM,-,
2021-05-12 10:15:27 AM,-,
2021-05-12 10:15:27 AM,-,
2021-05-12 10:15:27 AM,-,
2021-05-12 10:15:27 AM,-,
2021-05-12 10:15:27 AM,-,
2021-05-12 10:15:27 AM,-,
2021-05-12 10:15:27 AM,-,
2021-05-12 10:15:27 AM,-,
2021-05-12 10:15:27 AM,-,
2021-05-12 10:15:27 AM,-,
2021-05-12 10:15:27 AM,-,
2021-05-12 10:15:27 AM,-,
2021-05-12 10:15:27 AM,-,
2021-05-12 10:15:27 AM,-,
2021-05-12 10:15:27 AM,-,
2021-05-12 10:15:27 AM,-,
2021-05-12 10:15:27 AM,-,
2021-05-12 10:15:27 AM,-,
2021-05-12 10:15:27 AM,-,
2021-05-12 10:15:27 AM,-,
2021-05-12 10:15:27 AM,-,
2021-05-12 10:15:27 AM,-,
2021-05-12 10:15:27 AM,-,
2021-05-12 10:15:27 AM,-,
2021-05-12 10:15:27 AM,-,
2021-05-12 10:15:27 AM,-,
2021-05-12 10:15:27 AM,-,
2021-05-12 10:15:27 AM,-,
2021-05-12 10:15:27 AM,-,
2021-05-12 10:15:27 AM,-,
2021-05-12 10:15:27 AM,-,
2021-05-12 10:15:27 AM,-,
2021-05-12 10:15:27 AM,-,
2021-05-12 10:15:27 AM,-,
2021-05-12 10:15:27 AM,-,
2021-05-12 10:15:27 AM,-,
2021-05-12 10:15:27 AM,-,
2021-05-12 10:15:27 AM,-,
2021-05-12 10:15:27 AM,-,
2021-05-12 10:15:27 AM,-,
2021-05-12 10:15:27 AM,-,
2021-05-12 10:15:27 AM,-,
2021-05-12 10:15:27 AM,-,
2021-05-12 10:15:27 AM,-,
2021-05-12 10:15:27 AM,-,
2021-05-12 10:15:27 AM,-,
2021-05-12 10:15:27 AM,-,
2021-05-12 10:15:27 AM,-,
2021-05-12 10:15:27 AM,-,
2021-05-12 10:15:27 AM,-,
2021-05-12 10:15:27 AM,-,
2021-05-12 10:15:27 AM,-,
2021-05-12 10:15:27 AM,-,
2021-05-12 10:15:27 AM,-,
2021-05-12 10:15:27 AM,-,
2021-05-12 10:15:27 AM,-,
2021-05-12 10:15:27 AM,-,
2021-05-12 10:15:27 AM,-,
2021-05-12 10:15:27 AM,-,
2021-05-12 10:15:27 AM,-,
2021-05-12 10:15:27 AM,-,
2021-05-12 10:15:27 AM,-,
2021-05-12 10:15:27 AM,-,
2021-05-12 10:15:27 AM,-,
2021-05-12 10:15:27 AM,-,
2021-05-12 10:15:27 AM,-,
2021-05-12 10:15:27 AM,-,
2021-05-12 10:15:27 AM,-,
2021-05-12 10:15:27 AM,-,
2021-05-12 10:15:27 AM,-,
2021-05-12 10:15:27 AM,-,
2021-05-12 10:15:27 AM,-,
2021-05-12 10:15:27 AM,-,
2021-05-12 10:15:27 AM,-,
2021-05-12 10:15:27 AM,-,
2021-05-12 10:15:27 AM,-,
2021-05-12 10:15:27 AM,-,
2021-05-12 10:15:27 AM,-,
2021-05-12 10:15:27 AM,-,
2021-05-12 10:15:27 AM,-,
2021-05-12 10:15:27 AM,-,
2021-05-12 10:15:27 AM,-,
2021-05-12 10:15:27 AM,-,
2021-05-12 10:15:27 AM,-,
2021-05-12 10:15:27 AM,-,
2021-05-12 10:15:27 AM,-,
2021-05-12 10:15:27 AM,-,
2021-05-12 10:15:27 AM,-,
2021-05-12 10:15:27 AM,-,
2021-05-12 10:15:27 AM,-,
2021-05-12 10:15:27 AM,-,
2021-05-12 10:15:27 AM,-,
2021-05-12 10:15:27 AM,-,
2021-05-12 10:15:27 AM,-,
2021-05-12 10:15:27 AM,-,
2021-05-12 10:15:27 AM,-,
2021-05-12 10:15:27 AM,-,
2021-05-12 10:15:27 AM,-,
2021-05-12 10:15:27 AM,-,
2021-05-12 10:15:27 AM,-,
2021-05-12 10:15:27 AM,-,
2021-05-12 10:15:27 AM,-,
2021-05-12 10:15:27 AM,-,
2021-05-12 10:15:27 AM,-,
2021-05-12 10:15:27 AM,-,
2021-05-12 10:15:27 AM,-,
2021-05-12 10:15:27 AM,-,
2021-05-12 10:15:27 AM,-,
2021-05-12 10:15:27 AM,-,
2021-05-12 10:15:27 AM,-,
2021-05-12 10:15:27 AM,-,
2021-05-12 10:15:27 AM,-,
2021-05-12 10:15:27 AM,-,
2021-05-12 10:15:27 AM,-,
2021-05-12 10:15:27 AM,-,
2021-05-12 10:15:27 AM,-,
2021-05-12 10:15:27 AM,-,
2021-05-12 10:15:27 AM,-,
2021-05-12 10:15:27 AM,-,
2021-05-12 10:15:27 AM,-,
2021-05-12 10:15:27 AM,-,
2021-05-12 10:15:27 AM,-,
2021-05-12 10:15:27 AM,-,
2021-05-12 10:15:27 AM,-,
2021-05-12 10:15:27 AM,-,
2021-05-12 10:15:27 AM,-,
2021-05-12 10:15:27 AM,-,
2021-05-12 10:15:27 AM,-,
2021-05-12 10:15:27 AM,-,
2021-05-12 10:15:27 AM,-,
2021-05-12 10:15:27 AM,0.030000,
2021-05-12 10:15:27 AM,6.250000,
2021-05-12 10:15:27 AM,0.000000,
2021-05-12 10:15:28 AM,-,
2021-05-12 10:15:28 AM,-,
2021-05-12 10:15:28 AM,-,
2021-05-12 10:15:28 AM,-,
2021-05-12 10:15:28 AM,-,
2021-05-12 10:15:28 AM,-,
2021-05-12 10:15:28 AM,-,
2021-05-12 10:15:28 AM,-,
2021-05-12 10:15:28 AM,-,
2021-05-12 10:15:28 AM,-,
2021-05-12 10:15:28 AM,-,
2021-05-12 10:15:28 AM,-,
2021-05-12 10:15:28 AM,-,
2021-05-12 10:15:28 AM,-,
2021-05-12 10:15:28 AM,-,
2021-05-12 10:15:28 AM,-,
2021-05-12 10:15:28 AM,-,
2021-05-12 10:15:28 AM,-,
2021-05-12 10:15:28 AM,-,
2021-05-12 10:15:28 AM,-,
2021-05-12 10:15:28 AM,-,
2021-05-12 10:15:28 AM,-,
2021-05-12 10:15:28 AM,-,
2021-05-12 10:15:28 AM,-,
2021-05-12 10:15:28 AM,-,
2021-05-12 10:15:28 AM,-,
2021-05-12 10:15:28 AM,-,
2021-05-12 10:15:28 AM,-,
2021-05-12 10:15:28 AM,-,
2021-05-12 10:15:28 AM,-,
2021-05-12 10:15:28 AM,-,
2021-05-12 10:15:28 AM,-,
2021-05-12 10:15:28 AM,-,
2021-05-12 10:15:28 AM,-,
2021-05-12 10:15:28 AM,-,
2021-05-12 10:15:28 AM,-,
2021-05-12 10:15:28 AM,-,
2021-05-12 10:15:28 AM,-,
2021-05-12 10:15:28 AM,-,
2021-05-12 10:15:28 AM,-,
2021-05-12 10:15:28 AM,-,
2021-05-12 10:15:28 AM,-,
2021-05-12 10:15:28 AM,-,
2021-05-12 10:15:28 AM,-,
2021-05-12 10:15:28 AM,-,
2021-05-12 10:15:28 AM,-,
2021-05-12 10:15:28 AM,-,
2021-05-12 10:15:28 AM,-,
2021-05-12 10:15:28 AM,-,
2021-05-12 10:15:28 AM,-,
2021-05-12 10:15:28 AM,-,
2021-05-12 10:15:28 AM,-,
2021-05-12 10:15:28 AM,-,
2021-05-12 10:15:28 AM,-,
2021-05-12 10:15:28 AM,-,
2021-05-12 10:15:28 AM,-,
2021-05-12 10:15:28 AM,-,
2021-05-12 10:15:28 AM,-,
2021-05-12 10:15:28 AM,-,
2021-05-12 10:15:28 AM,-,
2021-05-12 10:15:28 AM,-,
2021-05-12 10:15:28 AM,-,
2021-05-12 10:15:28 AM,-,
2021-05-12 10:15:28 AM,-,
2021-05-12 10:15:28 AM,-,
2021-05-12 10:15:28 AM,-,
2021-05-12 10:15:28 AM,-,
2021-05-12 10:15:28 AM,-,
2021-05-12 10:15:28 AM,-,
2021-05-12 10:15:28 AM,-,
2021-05-12 10:15:28 AM,-,
2021-05-12 10:15:28 AM,-,
2021-05-12 10:15:28 AM,-,
2021-05-12 10:15:28 AM,-,
2021-05-12 10:15:28 AM,-,
2021-05-12 10:15:28 AM,-,
2021-05-12 10:15:28 AM,-,
2021-05-12 10:15:28 AM,-,
2021-05-12 10:15:28 AM,-,
2021-05-12 10:15:28 AM,-,
2021-05-12 10:15:28 AM,-,
2021-05-12 10:15:28 AM,-,
2021-05-12 10:15:28 AM,-,
2021-05-12 10:15:28 AM,-,
2021-05-12 10:15:28 AM,-,
2021-05-12 10:15:28 AM,-,
2021-05-12 10:15:28 AM,-,
2021-05-12 10:15:28 AM,-,
2021-05-12 10:15:28 AM,-,
2021-05-12 10:15:28 AM,-,
2021-05-12 10:15:28 AM,-,
2021-05-12 10:15:28 AM,-,
2021-05-12 10:15:28 AM,-,
2021-05-12 10:15:28 AM,-,
2021-05-12 10:15:28 AM,-,
2021-05-12 10:15:28 AM,-,
2021-05-12 10:15:28 AM,-,
2021-05-12 10:15:28 AM,-,
2021-05-12 10:15:28 AM,-,
2021-05-12 10:15:28 AM,-,
2021-05-12 10:15:28 AM,-,
2021-05-12 10:15:28 AM,-,
2021-05-12 10:15:28 AM,-,
2021-05-12 10:15:28 AM,-,
2021-05-12 10:15:28 AM,-,
2021-05-12 10:15:28 AM,-,
2021-05-12 10:15:28 AM,-,
2021-05-12 10:15:28 AM,-,
2021-05-12 10:15:28 AM,-,
2021-05-12 10:15:28 AM,-,
2021-05-12 10:15:28 AM,-,
2021-05-12 10:15:28 AM,-,
2021-05-12 10:15:28 AM,-,
2021-05-12 10:15:28 AM,-,
2021-05-12 10:15:28 AM,-,
2021-05-12 10:15:28 AM,-,
2021-05-12 10:15:28 AM,-,
2021-05-12 10:15:28 AM,-,
2021-05-12 10:15:28 AM,-,
2021-05-12 10:15:28 AM,-,
2021-05-12 10:15:28 AM,-,
2021-05-12 10:15:28 AM,-,
2021-05-12 10:15:28 AM,-,
2021-05-12 10:15:28 AM,-,
2021-05-12 10:15:28 AM,-,
2021-05-12 10:15:28 AM,-,
2021-05-12 10:15:28 AM,-,
2021-05-12 10:15:28 AM,-,
2021-05-12 10:15:28 AM,-,
2021-05-12 10:15:28 AM,-,
2021-05-12 10:15:28 AM,-,
2021-05-12 10:15:28 AM,-,
2021-05-12 10:15:28 AM,-,
2021-05-12 10:15:28 AM,-,
2021-05-12 10:15:28 AM,-,
2021-05-12 10:15:28 AM,-,
2021-05-12 10:15:28 AM,-,
2021-05-12 10:15:28 AM,-,
2021-05-12 10:15:28 AM,-,
2021-05-12 10:15:28 AM,-,
2021-05-12 10:15:28 AM,-,
2021-05-12 10:15:28 AM,-,
2021-05-12 10:15:28 AM,-,
2021-05-12 10:15:28 AM,-,
2021-05-12 10:15:28 AM,-,
2021-05-12 10:15:28 AM,-,
2021-05-12 10:15:28 AM,-,
2021-05-12 10:15:28 AM,-,
2021-05-12 10:15:28 AM,-,
2021-05-12 10:15:28 AM,-,
2021-05-12 10:15:28 AM,-,
2021-05-12 10:15:28 AM,-,
2021-05-12 10:15:28 AM,-,
2021-05-12 10:15:28 AM,-,
2021-05-12 10:15:28 AM,-,
2021-05-12 10:15:28 AM,-,
2021-05-12 10:15:28 AM,-,
2021-05-12 10:15:28 AM,-,
2021-05-12 10:15:28 AM,-,
2021-05-12 10:15:28 AM,-,
2021-05-12 10:15:28 AM,-,
2021-05-12 10:15:28 AM,-,
2021-05-12 10:15:28 AM,-,
2021-05-12 10:15:28 AM,-,
2021-05-12 10:15:28 AM,-,
2021-05-12 10:15:28 AM,-,
2021-05-12 10:15:28 AM,-,
2021-05-12 10:15:28 AM,-,
2021-05-12 10:15:28 AM,-,
2021-05-12 10:15:28 AM,-,
2021-05-12 10:15:28 AM,-,
2021-05-12 10:15:28 AM,-,
2021-05-12 10:15:28 AM,-,
2021-05-12 10:15:28 AM,-,
2021-05-12 10:15:28 AM,-,
2021-05-12 10:15:28 AM,-,
2021-05-12 10:15:28 AM,-,
2021-05-12 10:15:28 AM,-,
2021-05-12 10:15:28 AM,-,
2021-05-12 10:15:28 AM,-,
2021-05-12 10:15:28 AM,-,
2021-05-12 10:15:28 AM,-,
2021-05-12 10:15:28 AM,-,
2021-05-12 10:15:28 AM,-,
2021-05-12 10:15:28 AM,-,
2021-05-12 10:15:28 AM,-,
2021-05-12 10:15:28 AM,-,
2021-05-12 10:15:28 AM,-,
2021-05-12 10:15:28 AM,-,
2021-05-12 10:15:28 AM,-,
2021-05-12 10:15:28 AM,-,
2021-05-12 10:15:28 AM,-,
2021-05-12 10:15:28 AM,-,
2021-05-12 10:15:28 AM,-,
2021-05-12 10:15:28 AM,-,
2021-05-12 10:15:28 AM,-,
2021-05-12 10:15:28 AM,-,
2021-05-12 10:15:28 AM,-,
2021-05-12 10:15:28 AM,-,
2021-05-12 10:15:28 AM,-,
2021-05-12 10:15:28 AM,-,
2021-05-12 10:15:28 AM,-,
2021-05-12 10:15:28 AM,-,
2021-05-12 10:15:28 AM,-,
2021-05-12 10:15:28 AM,-,
2021-05-12 10:15:28 AM,-,
2021-05-12 10:15:28 AM,-,
2021-05-12 10:15:28 AM,-,
2021-05-12 10:15:28 AM,-,
2021-05-12 10:15:28 AM,-,
2021-05-12 10:15:28 AM,-,
2021-05-12 10:15:28 AM,-,
2021-05-12 10:15:28 AM,-,
2021-05-12 10:15:28 AM,-,
2021-05-12 10:15:28 AM,-,
2021-05-12 10:15:28 AM,-,
2021-05-12 10:15:28 AM,-,
2021-05-12 10:15:28 AM,-,
2021-05-12 10:15:28 AM,-,
2021-05-12 10:15:28 AM,-,
2021-05-12 10:15:28 AM,-,
2021-05-12 10:15:28 AM,-,
2021-05-12 10:15:28 AM,-,
2021-05-12 10:15:28 AM,-,
2021-05-12 10:15:28 AM,-,
2021-05-12 10:15:28 AM,-,
2021-05-12 10:15:28 AM,-,
2021-05-12 10:15:28 AM,-,
2021-05-12 10:15:28 AM,-,
2021-05-12 10:15:28 AM,-,
2021-05-12 10:15:28 AM,-,
2021-05-12 10:15:28 AM,-,
2021-05-12 10:15:28 AM,-,
2021-05-12 10:15:28 AM,-,
2021-05-12 10:15:28 AM,-,
2021-05-12 10:15:28 AM,-,
2021-05-12 10:15:28 AM,-,
2021-05-12 10:15:28 AM,-,
2021-05-12 10:15:28 AM,-,
2021-05-12 10:15:28 AM,-,
2021-05-12 10:15:28 AM,-,
2021-05-12 10:15:28 AM,-,
2021-05-12 10:15:28 AM,-,
2021-05-12 10:15:28 AM,-,
2021-05-12 10:15:28 AM,-,
2021-05-12 10:15:28 AM,-,
2021-05-12 10:15:28 AM,-,
2021-05-12 10:15:28 AM,-,
2021-05-12 10:15:28 AM,-,
2021-05-12 10:15:28 AM,-,
2021-05-12 10:15:28 AM,-,
2021-05-12 10:15:28 AM,-,
2021-05-12 10:15:28 AM,-,
2021-05-12 10:15:28 AM,-,
2021-05-12 10:15:28 AM,-,
2021-05-12 10:15:28 AM,-,
2021-05-12 10:15:28 AM,-,
2021-05-12 10:15:28 AM,-,
2021-05-12 10:15:28 AM,-,
2021-05-12 10:15:28 AM,-,
2021-05-12 10:15:28 AM,-,
2021-05-12 10:15:28 AM,-,
2021-05-12 10:15:28 AM,-,
2021-05-12 10:15:28 AM,-,
2021-05-12 10:15:28 AM,-,
2021-05-12 10:15:28 AM,-,
2021-05-12 10:15:28 AM,-,
2021-05-12 10:15:28 AM,-,
2021-05-12 10:15:28 AM,-,
2021-05-12 10:15:28 AM,-,
2021-05-12 10:15:28 AM,-,
2021-05-12 10:15:28 AM,-,
2021-05-12 10:15:28 AM,-,
2021-05-12 10:15:28 AM,-,
2021-05-12 10:15:28 AM,-,
2021-05-12 10:15:28 AM,-,
2021-05-12 10:15:28 AM,-,
2021-05-12 10:15:28 AM,-,
2021-05-12 10:15:28 AM,-,
2021-05-12 10:15:28 AM,-,
2021-05-12 10:15:28 AM,-,
2021-05-12 10:15:28 AM,-,
2021-05-12 10:15:28 AM,-,
2021-05-12 10:15:28 AM,-,
2021-05-12 10:15:28 AM,-,
2021-05-12 10:15:28 AM,-,
2021-05-12 10:15:28 AM,-,
2021-05-12 10:15:28 AM,-,
2021-05-12 10:15:28 AM,-,
2021-05-12 10:15:28 AM,-,
2021-05-12 10:15:28 AM,-,
2021-05-12 10:15:28 AM,-,
2021-05-12 10:15:28 AM,-,
2021-05-12 10:15:28 AM,-,
2021-05-12 10:15:28 AM,-,
2021-05-12 10:15:28 AM,-,
2021-05-12 10:15:28 AM,-,
2021-05-12 10:15:28 AM,-,
2021-05-12 10:15:28 AM,-,
2021-05-12 10:15:28 AM,-,
2021-05-12 10:15:28 AM,0.210000,
2021-05-12 10:15:28 AM,6.250000,
2021-05-12 10:15:28 AM,0.000000,
2021-05-12 10:15:29 AM,-,
2021-05-12 10:15:29 AM,-,
2021-05-12 10:15:29 AM,-,
2021-05-12 10:15:29 AM,-,
2021-05-12 10:15:29 AM,-,
2021-05-12 10:15:29 AM,-,
2021-05-12 10:15:29 AM,-,
2021-05-12 10:15:29 AM,-,
2021-05-12 10:15:29 AM,-,
2021-05-12 10:15:29 AM,-,
2021-05-12 10:15:29 AM,-,
2021-05-12 10:15:29 AM,-,
2021-05-12 10:15:29 AM,-,
2021-05-12 10:15:29 AM,-,
2021-05-12 10:15:29 AM,-,
2021-05-12 10:15:29 AM,-,
2021-05-12 10:15:29 AM,-,
2021-05-12 10:15:29 AM,-,
2021-05-12 10:15:29 AM,-,
2021-05-12 10:15:29 AM,-,
2021-05-12 10:15:29 AM,-,
2021-05-12 10:15:29 AM,-,
2021-05-12 10:15:29 AM,-,
2021-05-12 10:15:29 AM,-,
2021-05-12 10:15:29 AM,-,
2021-05-12 10:15:29 AM,-,
2021-05-12 10:15:29 AM,-,
2021-05-12 10:15:29 AM,-,
2021-05-12 10:15:29 AM,-,
2021-05-12 10:15:29 AM,-,
2021-05-12 10:15:29 AM,-,
2021-05-12 10:15:29 AM,-,
2021-05-12 10:15:29 AM,-,
2021-05-12 10:15:29 AM,-,
2021-05-12 10:15:29 AM,-,
2021-05-12 10:15:29 AM,-,
2021-05-12 10:15:29 AM,-,
2021-05-12 10:15:29 AM,-,
2021-05-12 10:15:29 AM,-,
2021-05-12 10:15:29 AM,-,
2021-05-12 10:15:29 AM,-,
2021-05-12 10:15:29 AM,-,
2021-05-12 10:15:29 AM,-,
2021-05-12 10:15:29 AM,-,
2021-05-12 10:15:29 AM,-,
2021-05-12 10:15:29 AM,-,
2021-05-12 10:15:29 AM,-,
2021-05-12 10:15:29 AM,-,
2021-05-12 10:15:29 AM,-,
2021-05-12 10:15:29 AM,-,
2021-05-12 10:15:29 AM,-,
2021-05-12 10:15:29 AM,-,
2021-05-12 10:15:29 AM,-,
2021-05-12 10:15:29 AM,-,
2021-05-12 10:15:29 AM,-,
2021-05-12 10:15:29 AM,-,
2021-05-12 10:15:29 AM,-,
2021-05-12 10:15:29 AM,-,
2021-05-12 10:15:29 AM,-,
2021-05-12 10:15:29 AM,-,
2021-05-12 10:15:29 AM,-,
2021-05-12 10:15:29 AM,-,
2021-05-12 10:15:29 AM,-,
2021-05-12 10:15:29 AM,-,
2021-05-12 10:15:29 AM,-,
2021-05-12 10:15:29 AM,-,
2021-05-12 10:15:29 AM,-,
2021-05-12 10:15:29 AM,-,
2021-05-12 10:15:29 AM,-,
2021-05-12 10:15:29 AM,-,
2021-05-12 10:15:29 AM,-,
2021-05-12 10:15:29 AM,-,
2021-05-12 10:15:29 AM,-,
2021-05-12 10:15:29 AM,-,
2021-05-12 10:15:29 AM,-,
2021-05-12 10:15:29 AM,-,
2021-05-12 10:15:29 AM,-,
2021-05-12 10:15:29 AM,-,
2021-05-12 10:15:29 AM,-,
2021-05-12 10:15:29 AM,-,
2021-05-12 10:15:29 AM,-,
2021-05-12 10:15:29 AM,-,
2021-05-12 10:15:29 AM,-,
2021-05-12 10:15:29 AM,-,
2021-05-12 10:15:29 AM,-,
2021-05-12 10:15:29 AM,-,
2021-05-12 10:15:29 AM,-,
2021-05-12 10:15:29 AM,-,
2021-05-12 10:15:29 AM,-,
2021-05-12 10:15:29 AM,-,
2021-05-12 10:15:29 AM,-,
2021-05-12 10:15:29 AM,-,
2021-05-12 10:15:29 AM,-,
2021-05-12 10:15:29 AM,-,
2021-05-12 10:15:29 AM,-,
2021-05-12 10:15:29 AM,-,
2021-05-12 10:15:29 AM,-,
2021-05-12 10:15:29 AM,-,
2021-05-12 10:15:29 AM,-,
2021-05-12 10:15:29 AM,-,
2021-05-12 10:15:29 AM,-,
2021-05-12 10:15:29 AM,-,
2021-05-12 10:15:29 AM,-,
2021-05-12 10:15:29 AM,-,
2021-05-12 10:15:29 AM,-,
2021-05-12 10:15:29 AM,-,
2021-05-12 10:15:29 AM,-,
2021-05-12 10:15:29 AM,-,
2021-05-12 10:15:29 AM,-,
2021-05-12 10:15:29 AM,-,
2021-05-12 10:15:29 AM,-,
2021-05-12 10:15:29 AM,-,
2021-05-12 10:15:29 AM,-,
2021-05-12 10:15:29 AM,-,
2021-05-12 10:15:29 AM,-,
2021-05-12 10:15:29 AM,-,
2021-05-12 10:15:29 AM,-,
2021-05-12 10:15:29 AM,-,
2021-05-12 10:15:29 AM,-,
2021-05-12 10:15:29 AM,-,
2021-05-12 10:15:29 AM,-,
2021-05-12 10:15:29 AM,-,
2021-05-12 10:15:29 AM,-,
2021-05-12 10:15:29 AM,-,
2021-05-12 10:15:29 AM,-,
2021-05-12 10:15:29 AM,-,
2021-05-12 10:15:29 AM,-,
2021-05-12 10:15:29 AM,-,
2021-05-12 10:15:29 AM,-,
2021-05-12 10:15:29 AM,-,
2021-05-12 10:15:29 AM,-,
2021-05-12 10:15:29 AM,-,
2021-05-12 10:15:29 AM,-,
2021-05-12 10:15:29 AM,-,
2021-05-12 10:15:29 AM,-,
2021-05-12 10:15:29 AM,-,
2021-05-12 10:15:29 AM,-,
2021-05-12 10:15:29 AM,-,
2021-05-12 10:15:29 AM,-,
2021-05-12 10:15:29 AM,-,
2021-05-12 10:15:29 AM,-,
2021-05-12 10:15:29 AM,-,
2021-05-12 10:15:29 AM,-,
2021-05-12 10:15:29 AM,-,
2021-05-12 10:15:29 AM,-,
2021-05-12 10:15:29 AM,-,
2021-05-12 10:15:29 AM,-,
2021-05-12 10:15:29 AM,-,
2021-05-12 10:15:29 AM,-,
2021-05-12 10:15:29 AM,-,
2021-05-12 10:15:29 AM,-,
2021-05-12 10:15:29 AM,-,
2021-05-12 10:15:29 AM,-,
2021-05-12 10:15:29 AM,-,
2021-05-12 10:15:29 AM,-,
2021-05-12 10:15:29 AM,-,
2021-05-12 10:15:29 AM,-,
2021-05-12 10:15:29 AM,-,
2021-05-12 10:15:29 AM,-,
2021-05-12 10:15:29 AM,-,
2021-05-12 10:15:29 AM,-,
2021-05-12 10:15:29 AM,-,
2021-05-12 10:15:29 AM,-,
2021-05-12 10:15:29 AM,-,
2021-05-12 10:15:29 AM,-,
2021-05-12 10:15:29 AM,-,
2021-05-12 10:15:29 AM,-,
2021-05-12 10:15:29 AM,-,
2021-05-12 10:15:29 AM,-,
2021-05-12 10:15:29 AM,-,
2021-05-12 10:15:29 AM,-,
2021-05-12 10:15:29 AM,-,
2021-05-12 10:15:29 AM,-,
2021-05-12 10:15:29 AM,-,
2021-05-12 10:15:29 AM,-,
2021-05-12 10:15:29 AM,-,
2021-05-12 10:15:29 AM,-,
2021-05-12 10:15:29 AM,-,
2021-05-12 10:15:29 AM,-,
2021-05-12 10:15:29 AM,-,
2021-05-12 10:15:29 AM,-,
2021-05-12 10:15:29 AM,-,
2021-05-12 10:15:29 AM,-,
2021-05-12 10:15:29 AM,-,
2021-05-12 10:15:29 AM,-,
2021-05-12 10:15:29 AM,-,
2021-05-12 10:15:29 AM,-,
2021-05-12 10:15:29 AM,-,
2021-05-12 10:15:29 AM,-,
2021-05-12 10:15:29 AM,-,
2021-05-12 10:15:29 AM,-,
2021-05-12 10:15:29 AM,-,
2021-05-12 10:15:29 AM,-,
2021-05-12 10:15:29 AM,-,
2021-05-12 10:15:29 AM,-,
2021-05-12 10:15:29 AM,-,
2021-05-12 10:15:29 AM,-,
2021-05-12 10:15:29 AM,-,
2021-05-12 10:15:29 AM,-,
2021-05-12 10:15:29 AM,-,
2021-05-12 10:15:29 AM,-,
2021-05-12 10:15:29 AM,-,
2021-05-12 10:15:29 AM,-,
2021-05-12 10:15:29 AM,-,
2021-05-12 10:15:29 AM,-,
2021-05-12 10:15:29 AM,-,
2021-05-12 10:15:29 AM,-,
2021-05-12 10:15:29 AM,-,
2021-05-12 10:15:29 AM,-,
2021-05-12 10:15:29 AM,-,
2021-05-12 10:15:29 AM,-,
2021-05-12 10:15:29 AM,-,
2021-05-12 10:15:29 AM,-,
2021-05-12 10:15:29 AM,-,
2021-05-12 10:15:29 AM,-,
2021-05-12 10:15:29 AM,-,
2021-05-12 10:15:29 AM,-,
2021-05-12 10:15:29 AM,-,
2021-05-12 10:15:29 AM,-,
2021-05-12 10:15:29 AM,-,
2021-05-12 10:15:29 AM,-,
2021-05-12 10:15:29 AM,-,
2021-05-12 10:15:29 AM,-,
2021-05-12 10:15:29 AM,-,
2021-05-12 10:15:29 AM,-,
2021-05-12 10:15:29 AM,-,
2021-05-12 10:15:29 AM,-,
2021-05-12 10:15:29 AM,-,
2021-05-12 10:15:29 AM,-,
2021-05-12 10:15:29 AM,-,
2021-05-12 10:15:29 AM,-,
2021-05-12 10:15:29 AM,-,
2021-05-12 10:15:29 AM,-,
2021-05-12 10:15:29 AM,-,
2021-05-12 10:15:29 AM,-,
2021-05-12 10:15:29 AM,-,
2021-05-12 10:15:29 AM,-,
2021-05-12 10:15:29 AM,-,
2021-05-12 10:15:29 AM,-,
2021-05-12 10:15:29 AM,-,
2021-05-12 10:15:29 AM,-,
2021-05-12 10:15:29 AM,-,
2021-05-12 10:15:29 AM,-,
2021-05-12 10:15:29 AM,-,
2021-05-12 10:15:29 AM,-,
2021-05-12 10:15:29 AM,-,
2021-05-12 10:15:29 AM,-,
2021-05-12 10:15:29 AM,-,
2021-05-12 10:15:29 AM,-,
2021-05-12 10:15:29 AM,-,
2021-05-12 10:15:29 AM,-,
2021-05-12 10:15:29 AM,-,
2021-05-12 10:15:29 AM,-,
2021-05-12 10:15:29 AM,-,
2021-05-12 10:15:29 AM,-,
2021-05-12 10:15:29 AM,-,
2021-05-12 10:15:29 AM,-,
2021-05-12 10:15:29 AM,-,
2021-05-12 10:15:29 AM,-,
2021-05-12 10:15:29 AM,-,
2021-05-12 10:15:29 AM,-,
2021-05-12 10:15:29 AM,-,
2021-05-12 10:15:29 AM,-,
2021-05-12 10:15:29 AM,-,
2021-05-12 10:15:29 AM,-,
2021-05-12 10:15:29 AM,-,
2021-05-12 10:15:29 AM,-,
2021-05-12 10:15:29 AM,-,
2021-05-12 10:15:29 AM,-,
2021-05-12 10:15:29 AM,-,
2021-05-12 10:15:29 AM,-,
2021-05-12 10:15:29 AM,-,
2021-05-12 10:15:29 AM,-,
2021-05-12 10:15:29 AM,-,
2021-05-12 10:15:29 AM,-,
2021-05-12 10:15:29 AM,-,
2021-05-12 10:15:29 AM,-,
2021-05-12 10:15:29 AM,-,
2021-05-12 10:15:29 AM,-,
2021-05-12 10:15:29 AM,-,
2021-05-12 10:15:29 AM,-,
2021-05-12 10:15:29 AM,-,
2021-05-12 10:15:29 AM,-,
2021-05-12 10:15:29 AM,-,
2021-05-12 10:15:29 AM,-,
2021-05-12 10:15:29 AM,-,
2021-05-12 10:15:29 AM,-,
2021-05-12 10:15:29 AM,-,
2021-05-12 10:15:29 AM,-,
2021-05-12 10:15:29 AM,-,
2021-05-12 10:15:29 AM,-,
2021-05-12 10:15:29 AM,-,
2021-05-12 10:15:29 AM,-,
2021-05-12 10:15:29 AM,-,
2021-05-12 10:15:29 AM,-,
2021-05-12 10:15:29 AM,-,
2021-05-12 10:15:29 AM,-,
2021-05-12 10:15:29 AM,-,
2021-05-12 10:15:29 AM,-,
2021-05-12 10:15:29 AM,-,
2021-05-12 10:15:29 AM,0.390000,
2021-05-12 10:15:29 AM,6.250000,
2021-05-12 10:15:29 AM,0.000000,
2021-05-12 10:15:30 AM,-,
2021-05-12 10:15:30 AM,-,
2021-05-12 10:15:30 AM,-,
2021-05-12 10:15:30 AM,-,
2021-05-12 10:15:30 AM,-,
2021-05-12 10:15:30 AM,-,
2021-05-12 10:15:30 AM,-,
2021-05-12 10:15:30 AM,-,
2021-05-12 10:15:30 AM,-,
2021-05-12 10:15:30 AM,-,
2021-05-12 10:15:30 AM,-,
2021-05-12 10:15:30 AM,-,
2021-05-12 10:15:30 AM,-,
2021-05-12 10:15:30 AM,-,
2021-05-12 10:15:30 AM,-,
2021-05-12 10:15:30 AM,-,
2021-05-12 10:15:30 AM,-,
2021-05-12 10:15:30 AM,-,
2021-05-12 10:15:30 AM,-,
2021-05-12 10:15:30 AM,-,
2021-05-12 10:15:30 AM,-,
2021-05-12 10:15:30 AM,-,
2021-05-12 10:15:30 AM,-,
2021-05-12 10:15:30 AM,-,
2021-05-12 10:15:30 AM,-,
2021-05-12 10:15:30 AM,-,
2021-05-12 10:15:30 AM,-,
2021-05-12 10:15:30 AM,-,
2021-05-12 10:15:30 AM,-,
2021-05-12 10:15:30 AM,-,
2021-05-12 10:15:30 AM,-,
2021-05-12 10:15:30 AM,-,
2021-05-12 10:15:30 AM,-,
2021-05-12 10:15:30 AM,-,
2021-05-12 10:15:30 AM,-,
2021-05-12 10:15:30 AM,-,
2021-05-12 10:15:30 AM,-,
2021-05-12 10:15:30 AM,-,
2021-05-12 10:15:30 AM,-,
2021-05-12 10:15:30 AM,-,
2021-05-12 10:15:30 AM,-,
2021-05-12 10:15:30 AM,-,
2021-05-12 10:15:30 AM,-,
2021-05-12 10:15:30 AM,-,
2021-05-12 10:15:30 AM,-,
2021-05-12 10:15:30 AM,-,
2021-05-12 10:15:30 AM,-,
2021-05-12 10:15:30 AM,-,
2021-05-12 10:15:30 AM,-,
2021-05-12 10:15:30 AM,-,
2021-05-12 10:15:30 AM,-,
2021-05-12 10:15:30 AM,-,
2021-05-12 10:15:30 AM,-,
2021-05-12 10:15:30 AM,-,
2021-05-12 10:15:30 AM,-,
2021-05-12 10:15:30 AM,-,
2021-05-12 10:15:30 AM,-,
2021-05-12 10:15:30 AM,-,
2021-05-12 10:15:30 AM,-,
2021-05-12 10:15:30 AM,-,
2021-05-12 10:15:30 AM,-,
2021-05-12 10:15:30 AM,-,
2021-05-12 10:15:30 AM,-,
2021-05-12 10:15:30 AM,-,
2021-05-12 10:15:30 AM,-,
2021-05-12 10:15:30 AM,-,
2021-05-12 10:15:30 AM,-,
2021-05-12 10:15:30 AM,-,
2021-05-12 10:15:30 AM,-,
2021-05-12 10:15:30 AM,-,
2021-05-12 10:15:30 AM,-,
2021-05-12 10:15:30 AM,-,
2021-05-12 10:15:30 AM,-,
2021-05-12 10:15:30 AM,-,
2021-05-12 10:15:30 AM,-,
2021-05-12 10:15:30 AM,-,
2021-05-12 10:15:30 AM,-,
2021-05-12 10:15:30 AM,-,
2021-05-12 10:15:30 AM,-,
2021-05-12 10:15:30 AM,-,
2021-05-12 10:15:30 AM,-,
2021-05-12 10:15:30 AM,-,
2021-05-12 10:15:30 AM,-,
2021-05-12 10:15:30 AM,-,
2021-05-12 10:15:30 AM,-,
2021-05-12 10:15:30 AM,-,
2021-05-12 10:15:30 AM,-,
2021-05-12 10:15:30 AM,-,
2021-05-12 10:15:30 AM,-,
2021-05-12 10:15:30 AM,-,
2021-05-12 10:15:30 AM,-,
2021-05-12 10:15:30 AM,-,
2021-05-12 10:15:30 AM,-,
2021-05-12 10:15:30 AM,-,
2021-05-12 10:15:30 AM,-,
2021-05-12 10:15:30 AM,-,
2021-05-12 10:15:30 AM,-,
2021-05-12 10:15:30 AM,-,
2021-05-12 10:15:30 AM,-,
2021-05-12 10:15:30 AM,-,
2021-05-12 10:15:30 AM,-,
2021-05-12 10:15:30 AM,-,
2021-05-12 10:15:30 AM,-,
2021-05-12 10:15:30 AM,-,
2021-05-12 10:15:30 AM,-,
2021-05-12 10:15:30 AM,-,
2021-05-12 10:15:30 AM,-,
2021-05-12 10:15:30 AM,-,
2021-05-12 10:15:30 AM,-,
2021-05-12 10:15:30 AM,-,
2021-05-12 10:15:30 AM,-,
2021-05-12 10:15:30 AM,-,
2021-05-12 10:15:30 AM,-,
2021-05-12 10:15:30 AM,-,
2021-05-12 10:15:30 AM,-,
2021-05-12 10:15:30 AM,-,
2021-05-12 10:15:30 AM,-,
2021-05-12 10:15:30 AM,-,
2021-05-12 10:15:30 AM,-,
2021-05-12 10:15:30 AM,-,
2021-05-12 10:15:30 AM,-,
2021-05-12 10:15:30 AM,-,
2021-05-12 10:15:30 AM,-,
2021-05-12 10:15:30 AM,-,
2021-05-12 10:15:30 AM,-,
2021-05-12 10:15:30 AM,-,
2021-05-12 10:15:30 AM,-,
2021-05-12 10:15:30 AM,-,
2021-05-12 10:15:30 AM,-,
2021-05-12 10:15:30 AM,-,
2021-05-12 10:15:30 AM,-,
2021-05-12 10:15:30 AM,-,
2021-05-12 10:15:30 AM,-,
2021-05-12 10:15:30 AM,-,
2021-05-12 10:15:30 AM,-,
2021-05-12 10:15:30 AM,-,
2021-05-12 10:15:30 AM,-,
2021-05-12 10:15:30 AM,-,
2021-05-12 10:15:30 AM,-,
2021-05-12 10:15:30 AM,-,
2021-05-12 10:15:30 AM,-,
2021-05-12 10:15:30 AM,-,
2021-05-12 10:15:30 AM,-,
2021-05-12 10:15:30 AM,-,
2021-05-12 10:15:30 AM,-,
2021-05-12 10:15:30 AM,-,
2021-05-12 10:15:30 AM,-,
2021-05-12 10:15:30 AM,-,
2021-05-12 10:15:30 AM,-,
2021-05-12 10:15:30 AM,-,
2021-05-12 10:15:30 AM,-,
2021-05-12 10:15:30 AM,-,
2021-05-12 10:15:30 AM,-,
2021-05-12 10:15:30 AM,-,
2021-05-12 10:15:30 AM,-,
2021-05-12 10:15:30 AM,-,
2021-05-12 10:15:30 AM,-,
2021-05-12 10:15:30 AM,-,
2021-05-12 10:15:30 AM,-,
2021-05-12 10:15:30 AM,-,
2021-05-12 10:15:30 AM,-,
2021-05-12 10:15:30 AM,-,
2021-05-12 10:15:30 AM,-,
2021-05-12 10:15:30 AM,-,
2021-05-12 10:15:30 AM,-,
2021-05-12 10:15:30 AM,-,
2021-05-12 10:15:30 AM,-,
2021-05-12 10:15:30 AM,-,
2021-05-12 10:15:30 AM,-,
2021-05-12 10:15:30 AM,-,
2021-05-12 10:15:30 AM,-,
2021-05-12 10:15:30 AM,-,
2021-05-12 10:15:30 AM,-,
2021-05-12 10:15:30 AM,-,
2021-05-12 10:15:30 AM,-,
2021-05-12 10:15:30 AM,-,
2021-05-12 10:15:30 AM,-,
2021-05-12 10:15:30 AM,-,
2021-05-12 10:15:30 AM,-,
2021-05-12 10:15:30 AM,-,
2021-05-12 10:15:30 AM,-,
2021-05-12 10:15:30 AM,-,
2021-05-12 10:15:30 AM,-,
2021-05-12 10:15:30 AM,-,
2021-05-12 10:15:30 AM,-,
2021-05-12 10:15:30 AM,-,
2021-05-12 10:15:30 AM,-,
2021-05-12 10:15:30 AM,-,
2021-05-12 10:15:30 AM,-,
2021-05-12 10:15:30 AM,-,
2021-05-12 10:15:30 AM,-,
2021-05-12 10:15:30 AM,-,
2021-05-12 10:15:30 AM,-,
2021-05-12 10:15:30 AM,-,
2021-05-12 10:15:30 AM,-,
2021-05-12 10:15:30 AM,-,
2021-05-12 10:15:30 AM,-,
2021-05-12 10:15:30 AM,-,
2021-05-12 10:15:30 AM,-,
2021-05-12 10:15:30 AM,-,
2021-05-12 10:15:30 AM,-,
2021-05-12 10:15:30 AM,-,
2021-05-12 10:15:30 AM,-,
2021-05-12 10:15:30 AM,-,
2021-05-12 10:15:30 AM,-,
2021-05-12 10:15:30 AM,-,
2021-05-12 10:15:30 AM,-,
2021-05-12 10:15:30 AM,-,
2021-05-12 10:15:30 AM,-,
2021-05-12 10:15:30 AM,-,
2021-05-12 10:15:30 AM,-,
2021-05-12 10:15:30 AM,-,
2021-05-12 10:15:30 AM,-,
2021-05-12 10:15:30 AM,-,
2021-05-12 10:15:30 AM,-,
2021-05-12 10:15:30 AM,-,
2021-05-12 10:15:30 AM,-,
2021-05-12 10:15:30 AM,-,
2021-05-12 10:15:30 AM,-,
2021-05-12 10:15:30 AM,-,
2021-05-12 10:15:30 AM,-,
2021-05-12 10:15:30 AM,-,
2021-05-12 10:15:30 AM,-,
2021-05-12 10:15:30 AM,-,
2021-05-12 10:15:30 AM,-,
2021-05-12 10:15:30 AM,-,
2021-05-12 10:15:30 AM,-,
2021-05-12 10:15:30 AM,-,
2021-05-12 10:15:30 AM,-,
2021-05-12 10:15:30 AM,-,
2021-05-12 10:15:30 AM,-,
2021-05-12 10:15:30 AM,-,
2021-05-12 10:15:30 AM,-,
2021-05-12 10:15:30 AM,-,
2021-05-12 10:15:30 AM,-,
2021-05-12 10:15:30 AM,-,
2021-05-12 10:15:30 AM,-,
2021-05-12 10:15:30 AM,-,
2021-05-12 10:15:30 AM,-,
2021-05-12 10:15:30 AM,-,
2021-05-12 10:15:30 AM,-,
2021-05-12 10:15:30 AM,-,
2021-05-12 10:15:30 AM,-,
2021-05-12 10:15:30 AM,-,
2021-05-12 10:15:30 AM,-,
2021-05-12 10:15:30 AM,-,
2021-05-12 10:15:30 AM,-,
2021-05-12 10:15:30 AM,-,
2021-05-12 10:15:30 AM,-,
2021-05-12 10:15:30 AM,-,
2021-05-12 10:15:30 AM,-,
2021-05-12 10:15:30 AM,-,
2021-05-12 10:15:30 AM,-,
2021-05-12 10:15:30 AM,-,
2021-05-12 10:15:30 AM,-,
2021-05-12 10:15:30 AM,-,
2021-05-12 10:15:30 AM,-,
2021-05-12 10:15:30 AM,-,
2021-05-12 10:15:30 AM,-,
2021-05-12 10:15:30 AM,-,
2021-05-12 10:15:30 AM,-,
2021-05-12 10:15:30 AM,-,
2021-05-12 10:15:30 AM,-,
2021-05-12 10:15:30 AM,-,
2021-05-12 10:15:30 AM,-,
2021-05-12 10:15:30 AM,-,
2021-05-12 10:15:30 AM,-,
2021-05-12 10:15:30 AM,-,
2021-05-12 10:15:30 AM,-,
2021-05-12 10:15:30 AM,-,
2021-05-12 10:15:30 AM,-,
2021-05-12 10:15:30 AM,-,
2021-05-12 10:15:30 AM,-,
2021-05-12 10:15:30 AM,-,
2021-05-12 10:15:30 AM,-,
2021-05-12 10:15:30 AM,-,
2021-05-12 10:15:30 AM,-,
2021-05-12 10:15:30 AM,-,
2021-05-12 10:15:30 AM,-,
2021-05-12 10:15:30 AM,-,
2021-05-12 10:15:30 AM,-,
2021-05-12 10:15:30 AM,-,
2021-05-12 10:15:30 AM,-,
2021-05-12 10:15:30 AM,-,
2021-05-12 10:15:30 AM,-,
2021-05-12 10:15:30 AM,-,
2021-05-12 10:15:30 AM,-,
2021-05-12 10:15:30 AM,-,
2021-05-12 10:15:30 AM,-,
2021-05-12 10:15:30 AM,-,
2021-05-12 10:15:30 AM,-,
2021-05-12 10:15:30 AM,-,
2021-05-12 10:15:30 AM,-,
2021-05-12 10:15:30 AM,-,
2021-05-12 10:15:30 AM,-,
2021-05-12 10:15:30 AM,-,
2021-05-12 10:15:30 AM,-,
2021-05-12 10:15:30 AM,-,
2021-05-12 10:15:30 AM,-,
2021-05-12 10:15:30 AM,-,
2021-05-12 10:15:30 AM,0.570000,
2021-05-12 10:15:30 AM,6.250000,
2021-05-12 10:15:30 AM,0.000000,
2021-05-12 10:15:31 AM,-,
2021-05-12 10:15:31 AM,-,
2021-05-12 10:15:31 AM,-,
2021-05-12 10:15:31 AM,-,
2021-05-12 10:15:31 AM,-,
2021-05-12 10:15:31 AM,-,
2021-05-12 10:15:31 AM,-,
2021-05-12 10:15:31 AM,-,
2021-05-12 10:15:31 AM,-,
2021-05-12 10:15:31 AM,-,
2021-05-12 10:15:31 AM,-,
2021-05-12 10:15:31 AM,-,
2021-05-12 10:15:31 AM,-,
2021-05-12 10:15:31 AM,-,
2021-05-12 10:15:31 AM,-,
2021-05-12 10:15:31 AM,-,
2021-05-12 10:15:31 AM,-,
2021-05-12 10:15:31 AM,-,
2021-05-12 10:15:31 AM,-,
2021-05-12 10:15:31 AM,-,
2021-05-12 10:15:31 AM,-,
2021-05-12 10:15:31 AM,-,
2021-05-12 10:15:31 AM,-,
2021-05-12 10:15:31 AM,-,
2021-05-12 10:15:31 AM,-,
2021-05-12 10:15:31 AM,-,
2021-05-12 10:15:31 AM,-,
2021-05-12 10:15:31 AM,-,
2021-05-12 10:15:31 AM,-,
2021-05-12 10:15:31 AM,-,
2021-05-12 10:15:31 AM,-,
2021-05-12 10:15:31 AM,-,
2021-05-12 10:15:31 AM,-,
2021-05-12 10:15:31 AM,-,
2021-05-12 10:15:31 AM,-,
2021-05-12 10:15:31 AM,-,
2021-05-12 10:15:31 AM,-,
2021-05-12 10:15:31 AM,-,
2021-05-12 10:15:31 AM,-,
2021-05-12 10:15:31 AM,-,
2021-05-12 10:15:31 AM,-,
2021-05-12 10:15:31 AM,-,
2021-05-12 10:15:31 AM,-,
2021-05-12 10:15:31 AM,-,
2021-05-12 10:15:31 AM,-,
2021-05-12 10:15:31 AM,-,
2021-05-12 10:15:31 AM,-,
2021-05-12 10:15:31 AM,-,
2021-05-12 10:15:31 AM,-,
2021-05-12 10:15:31 AM,-,
2021-05-12 10:15:31 AM,-,
2021-05-12 10:15:31 AM,-,
2021-05-12 10:15:31 AM,-,
2021-05-12 10:15:31 AM,-,
2021-05-12 10:15:31 AM,-,
2021-05-12 10:15:31 AM,-,
2021-05-12 10:15:31 AM,-,
2021-05-12 10:15:31 AM,-,
2021-05-12 10:15:31 AM,-,
2021-05-12 10:15:31 AM,-,
2021-05-12 10:15:31 AM,-,
2021-05-12 10:15:31 AM,-,
2021-05-12 10:15:31 AM,-,
2021-05-12 10:15:31 AM,-,
2021-05-12 10:15:31 AM,-,
2021-05-12 10:15:31 AM,-,
2021-05-12 10:15:31 AM,-,
2021-05-12 10:15:31 AM,-,
2021-05-12 10:15:31 AM,-,
2021-05-12 10:15:31 AM,-,
2021-05-12 10:15:31 AM,-,
2021-05-12 10:15:31 AM,-,
2021-05-12 10:15:31 AM,-,
2021-05-12 10:15:31 AM,-,
2021-05-12 10:15:31 AM,-,
2021-05-12 10:15:31 AM,-,
2021-05-12 10:15:31 AM,-,
2021-05-12 10:15:31 AM,-,
2021-05-12 10:15:31 AM,-,
2021-05-12 10:15:31 AM,-,
2021-05-12 10:15:31 AM,-,
2021-05-12 10:15:31 AM,-,
2021-05-12 10:15:31 AM,-,
2021-05-12 10:15:31 AM,-,
2021-05-12 10:15:31 AM,-,
2021-05-12 10:15:31 AM,-,
2021-05-12 10:15:31 AM,-,
2021-05-12 10:15:31 AM,-,
2021-05-12 10:15:31 AM,-,
2021-05-12 10:15:31 AM,-,
2021-05-12 10:15:31 AM,-,
2021-05-12 10:15:31 AM,-,
2021-05-12 10:15:31 AM,-,
2021-05-12 10:15:31 AM,-,
2021-05-12 10:15:31 AM,-,
2021-05-12 10:15:31 AM,-,
2021-05-12 10:15:31 AM,-,
2021-05-12 10:15:31 AM,-,
2021-05-12 10:15:31 AM,-,
2021-05-12 10:15:31 AM,-,
2021-05-12 10:15:31 AM,-,
2021-05-12 10:15:31 AM,-,
2021-05-12 10:15:31 AM,-,
2021-05-12 10:15:31 AM,-,
2021-05-12 10:15:31 AM,-,
2021-05-12 10:15:31 AM,-,
2021-05-12 10:15:31 AM,-,
2021-05-12 10:15:31 AM,-,
2021-05-12 10:15:31 AM,-,
2021-05-12 10:15:31 AM,-,
2021-05-12 10:15:31 AM,-,
2021-05-12 10:15:31 AM,-,
2021-05-12 10:15:31 AM,-,
2021-05-12 10:15:31 AM,-,
2021-05-12 10:15:31 AM,-,
2021-05-12 10:15:31 AM,-,
2021-05-12 10:15:31 AM,-,
2021-05-12 10:15:31 AM,-,
2021-05-12 10:15:31 AM,-,
2021-05-12 10:15:31 AM,-,
2021-05-12 10:15:31 AM,-,
2021-05-12 10:15:31 AM,-,
2021-05-12 10:15:31 AM,-,
2021-05-12 10:15:31 AM,-,
2021-05-12 10:15:31 AM,-,
2021-05-12 10:15:31 AM,-,
2021-05-12 10:15:31 AM,-,
2021-05-12 10:15:31 AM,-,
2021-05-12 10:15:31 AM,-,
2021-05-12 10:15:31 AM,-,
2021-05-12 10:15:31 AM,-,
2021-05-12 10:15:31 AM,-,
2021-05-12 10:15:31 AM,-,
2021-05-12 10:15:31 AM,-,
2021-05-12 10:15:31 AM,-,
2021-05-12 10:15:31 AM,-,
2021-05-12 10:15:31 AM,-,
2021-05-12 10:15:31 AM,-,
2021-05-12 10:15:31 AM,-,
2021-05-12 10:15:31 AM,-,
2021-05-12 10:15:31 AM,-,
2021-05-12 10:15:31 AM,-,
2021-05-12 10:15:31 AM,-,
2021-05-12 10:15:31 AM,-,
2021-05-12 10:15:31 AM,-,
2021-05-12 10:15:31 AM,-,
2021-05-12 10:15:31 AM,-,
2021-05-12 10:15:31 AM,-,
2021-05-12 10:15:31 AM,-,
2021-05-12 10:15:31 AM,-,
2021-05-12 10:15:31 AM,-,
2021-05-12 10:15:31 AM,-,
2021-05-12 10:15:31 AM,-,
2021-05-12 10:15:31 AM,-,
2021-05-12 10:15:31 AM,-,
2021-05-12 10:15:31 AM,-,
2021-05-12 10:15:31 AM,-,
2021-05-12 10:15:31 AM,-,
2021-05-12 10:15:31 AM,-,
2021-05-12 10:15:31 AM,-,
2021-05-12 10:15:31 AM,-,
2021-05-12 10:15:31 AM,-,
2021-05-12 10:15:31 AM,-,
2021-05-12 10:15:31 AM,-,
2021-05-12 10:15:31 AM,-,
2021-05-12 10:15:31 AM,-,
2021-05-12 10:15:31 AM,-,
2021-05-12 10:15:31 AM,-,
2021-05-12 10:15:31 AM,-,
2021-05-12 10:15:31 AM,-,
2021-05-12 10:15:31 AM,-,
2021-05-12 10:15:31 AM,-,
2021-05-12 10:15:31 AM,-,
2021-05-12 10:15:31 AM,-,
2021-05-12 10:15:31 AM,-,
2021-05-12 10:15:31 AM,-,
2021-05-12 10:15:31 AM,-,
2021-05-12 10:15:31 AM,-,
2021-05-12 10:15:31 AM,-,
2021-05-12 10:15:31 AM,-,
2021-05-12 10:15:31 AM,-,
2021-05-12 10:15:31 AM,-,
2021-05-12 10:15:31 AM,-,
2021-05-12 10:15:31 AM,-,
2021-05-12 10:15:31 AM,-,
2021-05-12 10:15:31 AM,-,
2021-05-12 10:15:31 AM,-,
2021-05-12 10:15:31 AM,-,
2021-05-12 10:15:31 AM,-,
2021-05-12 10:15:31 AM,-,
2021-05-12 10:15:31 AM,-,
2021-05-12 10:15:31 AM,-,
2021-05-12 10:15:31 AM,-,
2021-05-12 10:15:31 AM,-,
2021-05-12 10:15:31 AM,-,
2021-05-12 10:15:31 AM,-,
2021-05-12 10:15:31 AM,-,
2021-05-12 10:15:31 AM,-,
2021-05-12 10:15:31 AM,-,
2021-05-12 10:15:31 AM,-,
2021-05-12 10:15:31 AM,-,
2021-05-12 10:15:31 AM,-,
2021-05-12 10:15:31 AM,-,
2021-05-12 10:15:31 AM,-,
2021-05-12 10:15:31 AM,-,
2021-05-12 10:15:31 AM,-,
2021-05-12 10:15:31 AM,-,
2021-05-12 10:15:31 AM,-,
2021-05-12 10:15:31 AM,-,
2021-05-12 10:15:31 AM,-,
2021-05-12 10:15:31 AM,-,
2021-05-12 10:15:31 AM,-,
2021-05-12 10:15:31 AM,-,
2021-05-12 10:15:31 AM,-,
2021-05-12 10:15:31 AM,-,
2021-05-12 10:15:31 AM,-,
2021-05-12 10:15:31 AM,-,
2021-05-12 10:15:31 AM,-,
2021-05-12 10:15:31 AM,-,
2021-05-12 10:15:31 AM,-,
2021-05-12 10:15:31 AM,-,
2021-05-12 10:15:31 AM,-,
2021-05-12 10:15:31 AM,-,
2021-05-12 10:15:31 AM,-,
2021-05-12 10:15:31 AM,-,
2021-05-12 10:15:31 AM,-,
2021-05-12 10:15:31 AM,-,
2021-05-12 10:15:31 AM,-,
2021-05-12 10:15:31 AM,-,
2021-05-12 10:15:31 AM,-,
2021-05-12 10:15:31 AM,-,
2021-05-12 10:15:31 AM,-,
2021-05-12 10:15:31 AM,-,
2021-05-12 10:15:31 AM,-,
2021-05-12 10:15:31 AM,-,
2021-05-12 10:15:31 AM,-,
2021-05-12 10:15:31 AM,-,
2021-05-12 10:15:31 AM,-,
2021-05-12 10:15:31 AM,-,
2021-05-12 10:15:31 AM,-,
2021-05-12 10:15:31 AM,-,
2021-05-12 10:15:31 AM,-,
2021-05-12 10:15:31 AM,-,
2021-05-12 10:15:31 AM,-,
2021-05-12 10:15:31 AM,-,
2021-05-12 10:15:31 AM,-,
2021-05-12 10:15:31 AM,-,
2021-05-12 10:15:31 AM,-,
2021-05-12 10:15:31 AM,-,
2021-05-12 10:15:31 AM,-,
2021-05-12 10:15:31 AM,-,
2021-05-12 10:15:31 AM,-,
2021-05-12 10:15:31 AM,-,
2021-05-12 10:15:31 AM,-,
2021-05-12 10:15:31 AM,-,
2021-05-12 10:15:31 AM,-,
2021-05-12 10:15:31 AM,-,
2021-05-12 10:15:31 AM,-,
2021-05-12 10:15:31 AM,-,
2021-05-12 10:15:31 AM,-,
2021-05-12 10:15:31 AM,-,
2021-05-12 10:15:31 AM,-,
2021-05-12 10:15:31 AM,-,
2021-05-12 10:15:31 AM,-,
2021-05-12 10:15:31 AM,-,
2021-05-12 10:15:31 AM,-,
2021-05-12 10:15:31 AM,-,
2021-05-12 10:15:31 AM,-,
2021-05-12 10:15:31 AM,-,
2021-05-12 10:15:31 AM,-,
2021-05-12 10:15:31 AM,-,
2021-05-12 10:15:31 AM,-,
2021-05-12 10:15:31 AM,-,
2021-05-12 10:15:31 AM,-,
2021-05-12 10:15:31 AM,-,
2021-05-12 10:15:31 AM,-,
2021-05-12 10:15:31 AM,-,
2021-05-12 10:15:31 AM,-,
2021-05-12 10:15:31 AM,-,
2021-05-12 10:15:31 AM,-,
2021-05-12 10:15:31 AM,-,
2021-05-12 10:15:31 AM,-,
2021-05-12 10:15:31 AM,-,
2021-05-12 10:15:31 AM,-,
2021-05-12 10:15:31 AM,-,
2021-05-12 10:15:31 AM,-,
2021-05-12 10:15:31 AM,-,
2021-05-12 10:15:31 AM,-,
2021-05-12 10:15:31 AM,-,
2021-05-12 10:15:31 AM,-,
2021-05-12 10:15:31 AM,-,
2021-05-12 10:15:31 AM,-,
2021-05-12 10:15:31 AM,-,
2021-05-12 10:15:31 AM,-,
2021-05-12 10:15:31 AM,-,
2021-05-12 10:15:31 AM,-,
2021-05-12 10:15:31 AM,-,
2021-05-12 10:15:31 AM,-,
2021-05-12 10:15:31 AM,-,
2021-05-12 10:15:31 AM,-,
2021-05-12 10:15:31 AM,0.750000,
2021-05-12 10:15:31 AM,6.250000,
2021-05-12 10:15:31 AM,0.000000,
2021-05-12 10:15:32 AM,-,
2021-05-12 10:15:32 AM,-,
2021-05-12 10:15:32 AM,-,
2021-05-12 10:15:32 AM,-,
2021-05-12 10:15:32 AM,-,
2021-05-12 10:15:32 AM,-,
2021-05-12 10:15:32 AM,-,
2021-05-12 10:15:32 AM,-,
2021-05-12 10:15:32 AM,-,
2021-05-12 10:15:32 AM,-,
2021-05-12 10:15:32 AM,-,
2021-05-12 10:15:32 AM,-,
2021-05-12 10:15:32 AM,-,
2021-05-12 10:15:32 AM,-,
2021-05-12 10:15:32 AM,-,
2021-05-12 10:15:32 AM,-,
2021-05-12 10:15:32 AM,-,
2021-05-12 10:15:32 AM,-,
2021-05-12 10:15:32 AM,-,
2021-05-12 10:15:32 AM,-,
2021-05-12 10:15:32 AM,-,
2021-05-12 10:15:32 AM,-,
2021-05-12 10:15:32 AM,-,
2021-05-12 10:15:32 AM,-,
2021-05-12 10:15:32 AM,-,
2021-05-12 10:15:32 AM,-,
2021-05-12 10:15:32 AM,-,
2021-05-12 10:15:32 AM,-,
2021-05-12 10:15:32 AM,-,
2021-05-12 10:15:32 AM,-,
2021-05-12 10:15:32 AM,-,
2021-05-12 10:15:32 AM,-,
2021-05-12 10:15:32 AM,-,
2021-05-12 10:15:32 AM,-,
2021-05-12 10:15:32 AM,-,
2021-05-12 10:15:32 AM,-,
2021-05-12 10:15:32 AM,-,
2021-05-12 10:15:32 AM,-,
2021-05-12 10:15:32 AM,-,
2021-05-12 10:15:32 AM,-,
2021-05-12 10:15:32 AM,-,
2021-05-12 10:15:32 AM,-,
2021-05-12 10:15:32 AM,-,
2021-05-12 10:15:32 AM,-,
2021-05-12 10:15:32 AM,-,
2021-05-12 10:15:32 AM,-,
2021-05-12 10:15:32 AM,-,
2021-05-12 10:15:32 AM,-,
2021-05-12 10:15:32 AM,-,
2021-05-12 10:15:32 AM,-,
2021-05-12 10:15:32 AM,-,
2021-05-12 10:15:32 AM,-,
2021-05-12 10:15:32 AM,-,
2021-05-12 10:15:32 AM,-,
2021-05-12 10:15:32 AM,-,
2021-05-12 10:15:32 AM,-,
2021-05-12 10:15:32 AM,-,
2021-05-12 10:15:32 AM,-,
2021-05-12 10:15:32 AM,-,
2021-05-12 10:15:32 AM,-,
2021-05-12 10:15:32 AM,-,
2021-05-12 10:15:32 AM,-,
2021-05-12 10:15:32 AM,-,
2021-05-12 10:15:32 AM,-,
2021-05-12 10:15:32 AM,-,
2021-05-12 10:15:32 AM,-,
2021-05-12 10:15:32 AM,-,
2021-05-12 10:15:32 AM,-,
2021-05-12 10:15:32 AM,-,
2021-05-12 10:15:32 AM,-,
2021-05-12 10:15:32 AM,-,
2021-05-12 10:15:32 AM,-,
2021-05-12 10:15:32 AM,-,
2021-05-12 10:15:32 AM,-,
2021-05-12 10:15:32 AM,-,
2021-05-12 10:15:32 AM,-,
2021-05-12 10:15:32 AM,-,
2021-05-12 10:15:32 AM,-,
2021-05-12 10:15:32 AM,-,
2021-05-12 10:15:32 AM,-,
2021-05-12 10:15:32 AM,-,
2021-05-12 10:15:32 AM,-,
2021-05-12 10:15:32 AM,-,
2021-05-12 10:15:32 AM,-,
2021-05-12 10:15:32 AM,-,
2021-05-12 10:15:32 AM,-,
2021-05-12 10:15:32 AM,-,
2021-05-12 10:15:32 AM,-,
2021-05-12 10:15:32 AM,-,
2021-05-12 10:15:32 AM,-,
2021-05-12 10:15:32 AM,-,
2021-05-12 10:15:32 AM,-,
2021-05-12 10:15:32 AM,-,
2021-05-12 10:15:32 AM,-,
2021-05-12 10:15:32 AM,-,
2021-05-12 10:15:32 AM,-,
2021-05-12 10:15:32 AM,-,
2021-05-12 10:15:32 AM,-,
2021-05-12 10:15:32 AM,-,
2021-05-12 10:15:32 AM,-,
2021-05-12 10:15:32 AM,-,
2021-05-12 10:15:32 AM,-,
2021-05-12 10:15:32 AM,-,
2021-05-12 10:15:32 AM,-,
2021-05-12 10:15:32 AM,-,
2021-05-12 10:15:32 AM,-,
2021-05-12 10:15:32 AM,-,
2021-05-12 10:15:32 AM,-,
2021-05-12 10:15:32 AM,-,
2021-05-12 10:15:32 AM,-,
2021-05-12 10:15:32 AM,-,
2021-05-12 10:15:32 AM,-,
2021-05-12 10:15:32 AM,-,
2021-05-12 10:15:32 AM,-,
2021-05-12 10:15:32 AM,-,
2021-05-12 10:15:32 AM,-,
2021-05-12 10:15:32 AM,-,
2021-05-12 10:15:32 AM,-,
2021-05-12 10:15:32 AM,-,
2021-05-12 10:15:32 AM,-,
2021-05-12 10:15:32 AM,-,
2021-05-12 10:15:32 AM,-,
2021-05-12 10:15:32 AM,-,
2021-05-12 10:15:32 AM,-,
2021-05-12 10:15:32 AM,-,
2021-05-12 10:15:32 AM,-,
2021-05-12 10:15:32 AM,-,
2021-05-12 10:15:32 AM,-,
2021-05-12 10:15:32 AM,-,
2021-05-12 10:15:32 AM,-,
2021-05-12 10:15:32 AM,-,
2021-05-12 10:15:32 AM,-,
2021-05-12 10:15:32 AM,-,
2021-05-12 10:15:32 AM,-,
2021-05-12 10:15:32 AM,-,
2021-05-12 10:15:32 AM,-,
2021-05-12 10:15:32 AM,-,
2021-05-12 10:15:32 AM,-,
2021-05-12 10:15:32 AM,-,
2021-05-12 10:15:32 AM,-,
2021-05-12 10:15:32 AM,-,
2021-05-12 10:15:32 AM,-,
2021-05-12 10:15:32 AM,-,
2021-05-12 10:15:32 AM,-,
2021-05-12 10:15:32 AM,-,
2021-05-12 10:15:32 AM,-,
2021-05-12 10:15:32 AM,-,
2021-05-12 10:15:32 AM,-,
2021-05-12 10:15:32 AM,-,
2021-05-12 10:15:32 AM,-,
2021-05-12 10:15:32 AM,-,
2021-05-12 10:15:32 AM,-,
2021-05-12 10:15:32 AM,-,
2021-05-12 10:15:32 AM,-,
2021-05-12 10:15:32 AM,-,
2021-05-12 10:15:32 AM,-,
2021-05-12 10:15:32 AM,-,
2021-05-12 10:15:32 AM,-,
2021-05-12 10:15:32 AM,-,
2021-05-12 10:15:32 AM,-,
2021-05-12 10:15:32 AM,-,
2021-05-12 10:15:32 AM,-,
2021-05-12 10:15:32 AM,-,
2021-05-12 10:15:32 AM,-,
2021-05-12 10:15:32 AM,-,
2021-05-12 10:15:32 AM,-,
2021-05-12 10:15:32 AM,-,
2021-05-12 10:15:32 AM,-,
2021-05-12 10:15:32 AM,-,
2021-05-12 10:15:32 AM,-,
2021-05-12 10:15:32 AM,-,
2021-05-12 10:15:32 AM,-,
2021-05-12 10:15:32 AM,-,
2021-05-12 10:15:32 AM,-,
2021-05-12 10:15:32 AM,-,
2021-05-12 10:15:32 AM,-,
2021-05-12 10:15:32 AM,-,
2021-05-12 10:15:32 AM,-,
2021-05-12 10:15:32 AM,-,
2021-05-12 10:15:32 AM,-,
2021-05-12 10:15:32 AM,-,
2021-05-12 10:15:32 AM,-,
2021-05-12 10:15:32 AM,-,
2021-05-12 10:15:32 AM,-,
2021-05-12 10:15:32 AM,-,
2021-05-12 10:15:32 AM,-,
2021-05-12 10:15:32 AM,-,
2021-05-12 10:15:32 AM,-,
2021-05-12 10:15:32 AM,-,
2021-05-12 10:15:32 AM,-,
2021-05-12 10:15:32 AM,-,
2021-05-12 10:15:32 AM,-,
2021-05-12 10:15:32 AM,-,
2021-05-12 10:15:32 AM,-,
2021-05-12 10:15:32 AM,-,
2021-05-12 10:15:32 AM,-,
2021-05-12 10:15:32 AM,-,
2021-05-12 10:15:32 AM,-,
2021-05-12 10:15:32 AM,-,
2021-05-12 10:15:32 AM,-,
2021-05-12 10:15:32 AM,-,
2021-05-12 10:15:32 AM,-,
2021-05-12 10:15:32 AM,-,
2021-05-12 10:15:32 AM,-,
2021-05-12 10:15:32 AM,-,
2021-05-12 10:15:32 AM,-,
2021-05-12 10:15:32 AM,-,
2021-05-12 10:15:32 AM,-,
2021-05-12 10:15:32 AM,-,
2021-05-12 10:15:32 AM,-,
2021-05-12 10:15:32 AM,-,
2021-05-12 10:15:32 AM,-,
2021-05-12 10:15:32 AM,-,
2021-05-12 10:15:32 AM,-,
2021-05-12 10:15:32 AM,-,
2021-05-12 10:15:32 AM,-,
2021-05-12 10:15:32 AM,-,
2021-05-12 10:15:32 AM,-,
2021-05-12 10:15:32 AM,-,
2021-05-12 10:15:32 AM,-,
2021-05-12 10:15:32 AM,-,
2021-05-12 10:15:32 AM,-,
2021-05-12 10:15:32 AM,-,
2021-05-12 10:15:32 AM,-,
2021-05-12 10:15:32 AM,-,
2021-05-12 10:15:32 AM,-,
2021-05-12 10:15:32 AM,-,
2021-05-12 10:15:32 AM,-,
2021-05-12 10:15:32 AM,-,
2021-05-12 10:15:32 AM,-,
2021-05-12 10:15:32 AM,-,
2021-05-12 10:15:32 AM,-,
2021-05-12 10:15:32 AM,-,
2021-05-12 10:15:32 AM,-,
2021-05-12 10:15:32 AM,-,
2021-05-12 10:15:32 AM,-,
2021-05-12 10:15:32 AM,-,
2021-05-12 10:15:32 AM,-,
2021-05-12 10:15:32 AM,-,
2021-05-12 10:15:32 AM,-,
2021-05-12 10:15:32 AM,-,
2021-05-12 10:15:32 AM,-,
2021-05-12 10:15:32 AM,-,
2021-05-12 10:15:32 AM,-,
2021-05-12 10:15:32 AM,-,
2021-05-12 10:15:32 AM,-,
2021-05-12 10:15:32 AM,-,
2021-05-12 10:15:32 AM,-,
2021-05-12 10:15:32 AM,-,
2021-05-12 10:15:32 AM,-,
2021-05-12 10:15:32 AM,-,
2021-05-12 10:15:32 AM,-,
2021-05-12 10:15:32 AM,-,
2021-05-12 10:15:32 AM,-,
2021-05-12 10:15:32 AM,-,
2021-05-12 10:15:32 AM,-,
2021-05-12 10:15:32 AM,-,
2021-05-12 10:15:32 AM,-,
2021-05-12 10:15:32 AM,-,
2021-05-12 10:15:32 AM,-,
2021-05-12 10:15:32 AM,-,
2021-05-12 10:15:32 AM,-,
2021-05-12 10:15:32 AM,-,
2021-05-12 10:15:32 AM,-,
2021-05-12 10:15:32 AM,-,
2021-05-12 10:15:32 AM,-,
2021-05-12 10:15:32 AM,-,
2021-05-12 10:15:32 AM,-,
2021-05-12 10:15:32 AM,-,
2021-05-12 10:15:32 AM,-,
2021-05-12 10:15:32 AM,-,
2021-05-12 10:15:32 AM,-,
2021-05-12 10:15:32 AM,-,
2021-05-12 10:15:32 AM,-,
2021-05-12 10:15:32 AM,-,
2021-05-12 10:15:32 AM,-,
2021-05-12 10:15:32 AM,-,
2021-05-12 10:15:32 AM,-,
2021-05-12 10:15:32 AM,-,
2021-05-12 10:15:32 AM,-,
2021-05-12 10:15:32 AM,-,
2021-05-12 10:15:32 AM,-,
2021-05-12 10:15:32 AM,-,
2021-05-12 10:15:32 AM,-,
2021-05-12 10:15:32 AM,-,
2021-05-12 10:15:32 AM,-,
2021-05-12 10:15:32 AM,-,
2021-05-12 10:15:32 AM,-,
2021-05-12 10:15:32 AM,-,
2021-05-12 10:15:32 AM,-,
2021-05-12 10:15:32 AM,-,
2021-05-12 10:15:32 AM,-,
2021-05-12 10:15:32 AM,-,
2021-05-12 10:15:32 AM,-,
2021-05-12 10:15:32 AM,-,
2021-05-12 10:15:32 AM,-,
2021-05-12 10:15:32 AM,-,
2021-05-12 10:15:32 AM,-,
2021-05-12 10:15:32 AM,-,
2021-05-12 10:15:32 AM,-,
2021-05-12 10:15:32 AM,0.930000,
2021-05-12 10:15:32 AM,6.250000,
2021-05-12 10:15:32 AM,0.000000,
2021-05-12 10:15:33 AM,-,
2021-05-12 10:15:33 AM,-,
2021-05-12 10:15:33 AM,-,
2021-05-12 10:15:33 AM,-,
2021-05-12 10:15:33 AM,-,
2021-05-12 10:15:33 AM,-,
2021-05-12 10:15:33 AM,-,
2021-05-12 10:15:33 AM,-,
2021-05-12 10:15:33 AM,-,
2021-05-12 10:15:33 AM,-,
2021-05-12 10:15:33 AM,-,
2021-05-12 10:15:33 AM,-,
2021-05-12 10:15:33 AM,-,
2021-05-12 10:15:33 AM,-,
2021-05-12 10:15:33 AM,-,
2021-05-12 10:15:33 AM,-,
2021-05-12 10:15:33 AM,-,
2021-05-12 10:15:33 AM,-,
2021-05-12 10:15:33 AM,-,
2021-05-12 10:15:33 AM,-,
2021-05-12 10:15:33 AM,-,
2021-05-12 10:15:33 AM,-,
2021-05-12 10:15:33 AM,-,
2021-05-12 10:15:33 AM,-,
2021-05-12 10:15:33 AM,-,
2021-05-12 10:15:33 AM,-,
2021-05-12 10:15:33 AM,-,
2021-05-12 10:15:33 AM,-,
2021-05-12 10:15:33 AM,-,
2021-05-12 10:15:33 AM,-,
2021-05-12 10:15:33 AM,-,
2021-05-12 10:15:33 AM,-,
2021-05-12 10:15:33 AM,-,
2021-05-12 10:15:33 AM,-,
2021-05-12 10:15:33 AM,-,
2021-05-12 10:15:33 AM,-,
2021-05-12 10:15:33 AM,-,
2021-05-12 10:15:33 AM,-,
2021-05-12 10:15:33 AM,-,
2021-05-12 10:15:33 AM,-,
2021-05-12 10:15:33 AM,-,
2021-05-12 10:15:33 AM,-,
2021-05-12 10:15:33 AM,-,
2021-05-12 10:15:33 AM,-,
2021-05-12 10:15:33 AM,-,
2021-05-12 10:15:33 AM,-,
2021-05-12 10:15:33 AM,-,
2021-05-12 10:15:33 AM,-,
2021-05-12 10:15:33 AM,-,
2021-05-12 10:15:33 AM,-,
2021-05-12 10:15:33 AM,-,
2021-05-12 10:15:33 AM,-,
2021-05-12 10:15:33 AM,-,
2021-05-12 10:15:33 AM,-,
2021-05-12 10:15:33 AM,-,
2021-05-12 10:15:33 AM,-,
2021-05-12 10:15:33 AM,-,
2021-05-12 10:15:33 AM,-,
2021-05-12 10:15:33 AM,-,
2021-05-12 10:15:33 AM,-,
2021-05-12 10:15:33 AM,-,
2021-05-12 10:15:33 AM,-,
2021-05-12 10:15:33 AM,-,
2021-05-12 10:15:33 AM,-,
2021-05-12 10:15:33 AM,-,
2021-05-12 10:15:33 AM,-,
2021-05-12 10:15:33 AM,-,
2021-05-12 10:15:33 AM,-,
2021-05-12 10:15:33 AM,-,
2021-05-12 10:15:33 AM,-,
2021-05-12 10:15:33 AM,-,
2021-05-12 10:15:33 AM,-,
2021-05-12 10:15:33 AM,-,
2021-05-12 10:15:33 AM,-,
2021-05-12 10:15:33 AM,-,
2021-05-12 10:15:33 AM,-,
2021-05-12 10:15:33 AM,-,
2021-05-12 10:15:33 AM,-,
2021-05-12 10:15:33 AM,-,
2021-05-12 10:15:33 AM,-,
2021-05-12 10:15:33 AM,-,
2021-05-12 10:15:33 AM,-,
2021-05-12 10:15:33 AM,-,
2021-05-12 10:15:33 AM,-,
2021-05-12 10:15:33 AM,-,
2021-05-12 10:15:33 AM,-,
2021-05-12 10:15:33 AM,-,
2021-05-12 10:15:33 AM,-,
2021-05-12 10:15:33 AM,-,
2021-05-12 10:15:33 AM,-,
2021-05-12 10:15:33 AM,-,
2021-05-12 10:15:33 AM,-,
2021-05-12 10:15:33 AM,-,
2021-05-12 10:15:33 AM,-,
2021-05-12 10:15:33 AM,-,
2021-05-12 10:15:33 AM,-,
2021-05-12 10:15:33 AM,-,
2021-05-12 10:15:33 AM,-,
2021-05-12 10:15:33 AM,-,
2021-05-12 10:15:33 AM,-,
2021-05-12 10:15:33 AM,-,
2021-05-12 10:15:33 AM,-,
2021-05-12 10:15:33 AM,-,
2021-05-12 10:15:33 AM,-,
2021-05-12 10:15:33 AM,-,
2021-05-12 10:15:33 AM,-,
2021-05-12 10:15:33 AM,-,
2021-05-12 10:15:33 AM,-,
2021-05-12 10:15:33 AM,-,
2021-05-12 10:15:33 AM,-,
2021-05-12 10:15:33 AM,-,
2021-05-12 10:15:33 AM,-,
2021-05-12 10:15:33 AM,-,
2021-05-12 10:15:33 AM,-,
2021-05-12 10:15:33 AM,-,
2021-05-12 10:15:33 AM,-,
2021-05-12 10:15:33 AM,-,
2021-05-12 10:15:33 AM,-,
2021-05-12 10:15:33 AM,-,
2021-05-12 10:15:33 AM,-,
2021-05-12 10:15:33 AM,-,
2021-05-12 10:15:33 AM,-,
2021-05-12 10:15:33 AM,-,
2021-05-12 10:15:33 AM,-,
2021-05-12 10:15:33 AM,-,
2021-05-12 10:15:33 AM,-,
2021-05-12 10:15:33 AM,-,
2021-05-12 10:15:33 AM,-,
2021-05-12 10:15:33 AM,-,
2021-05-12 10:15:33 AM,-,
2021-05-12 10:15:33 AM,-,
2021-05-12 10:15:33 AM,-,
2021-05-12 10:15:33 AM,-,
2021-05-12 10:15:33 AM,-,
2021-05-12 10:15:33 AM,-,
2021-05-12 10:15:33 AM,-,
2021-05-12 10:15:33 AM,-,
2021-05-12 10:15:33 AM,-,
2021-05-12 10:15:33 AM,-,
2021-05-12 10:15:33 AM,-,
2021-05-12 10:15:33 AM,-,
2021-05-12 10:15:33 AM,-,
2021-05-12 10:15:33 AM,-,
2021-05-12 10:15:33 AM,-,
2021-05-12 10:15:33 AM,-,
2021-05-12 10:15:33 AM,-,
2021-05-12 10:15:33 AM,-,
2021-05-12 10:15:33 AM,-,
2021-05-12 10:15:33 AM,-,
2021-05-12 10:15:33 AM,-,
2021-05-12 10:15:33 AM,-,
2021-05-12 10:15:33 AM,-,
2021-05-12 10:15:33 AM,-,
2021-05-12 10:15:33 AM,-,
2021-05-12 10:15:33 AM,-,
2021-05-12 10:15:33 AM,-,
2021-05-12 10:15:33 AM,-,
2021-05-12 10:15:33 AM,-,
2021-05-12 10:15:33 AM,-,
2021-05-12 10:15:33 AM,-,
2021-05-12 10:15:33 AM,-,
2021-05-12 10:15:33 AM,-,
2021-05-12 10:15:33 AM,-,
2021-05-12 10:15:33 AM,-,
2021-05-12 10:15:33 AM,-,
2021-05-12 10:15:33 AM,-,
2021-05-12 10:15:33 AM,-,
2021-05-12 10:15:33 AM,-,
2021-05-12 10:15:33 AM,-,
2021-05-12 10:15:33 AM,-,
2021-05-12 10:15:33 AM,-,
2021-05-12 10:15:33 AM,-,
2021-05-12 10:15:33 AM,-,
2021-05-12 10:15:33 AM,-,
2021-05-12 10:15:33 AM,-,
2021-05-12 10:15:33 AM,-,
2021-05-12 10:15:33 AM,-,
2021-05-12 10:15:33 AM,-,
2021-05-12 10:15:33 AM,-,
2021-05-12 10:15:33 AM,-,
2021-05-12 10:15:33 AM,-,
2021-05-12 10:15:33 AM,-,
2021-05-12 10:15:33 AM,-,
2021-05-12 10:15:33 AM,-,
2021-05-12 10:15:33 AM,-,
2021-05-12 10:15:33 AM,-,
2021-05-12 10:15:33 AM,-,
2021-05-12 10:15:33 AM,-,
2021-05-12 10:15:33 AM,-,
2021-05-12 10:15:33 AM,-,
2021-05-12 10:15:33 AM,-,
2021-05-12 10:15:33 AM,-,
2021-05-12 10:15:33 AM,-,
2021-05-12 10:15:33 AM,-,
2021-05-12 10:15:33 AM,-,
2021-05-12 10:15:33 AM,-,
2021-05-12 10:15:33 AM,-,
2021-05-12 10:15:33 AM,-,
2021-05-12 10:15:33 AM,-,
2021-05-12 10:15:33 AM,-,
2021-05-12 10:15:33 AM,-,
2021-05-12 10:15:33 AM,-,
2021-05-12 10:15:33 AM,-,
2021-05-12 10:15:33 AM,-,
2021-05-12 10:15:33 AM,-,
2021-05-12 10:15:33 AM,-,
2021-05-12 10:15:33 AM,-,
2021-05-12 10:15:33 AM,-,
2021-05-12 10:15:33 AM,-,
2021-05-12 10:15:33 AM,-,
2021-05-12 10:15:33 AM,-,
2021-05-12 10:15:33 AM,-,
2021-05-12 10:15:33 AM,-,
2021-05-12 10:15:33 AM,-,
2021-05-12 10:15:33 AM,-,
2021-05-12 10:15:33 AM,-,
2021-05-12 10:15:33 AM,-,
2021-05-12 10:15:33 AM,-,
2021-05-12 10:15:33 AM,-,
2021-05-12 10:15:33 AM,-,
2021-05-12 10:15:33 AM,-,
2021-05-12 10:15:33 AM,-,
2021-05-12 10:15:33 AM,-,
2021-05-12 10:15:33 AM,-,
2021-05-12 10:15:33 AM,-,
2021-05-12 10:15:33 AM,-,
2021-05-12 10:15:33 AM,-,
2021-05-12 10:15:33 AM,-,
2021-05-12 10:15:33 AM,-,
2021-05-12 10:15:33 AM,-,
2021-05-12 10:15:33 AM,-,
2021-05-12 10:15:33 AM,-,
2021-05-12 10:15:33 AM,-,
2021-05-12 10:15:33 AM,-,
2021-05-12 10:15:33 AM,-,
2021-05-12 10:15:33 AM,-,
2021-05-12 10:15:33 AM,-,
2021-05-12 10:15:33 AM,-,
2021-05-12 10:15:33 AM,-,
2021-05-12 10:15:33 AM,-,
2021-05-12 10:15:33 AM,-,
2021-05-12 10:15:33 AM,-,
2021-05-12 10:15:33 AM,-,
2021-05-12 10:15:33 AM,-,
2021-05-12 10:15:33 AM,-,
2021-05-12 10:15:33 AM,-,
2021-05-12 10:15:33 AM,-,
2021-05-12 10:15:33 AM,-,
2021-05-12 10:15:33 AM,-,
2021-05-12 10:15:33 AM,-,
2021-05-12 10:15:33 AM,-,
2021-05-12 10:15:33 AM,-,
2021-05-12 10:15:33 AM,-,
2021-05-12 10:15:33 AM,-,
2021-05-12 10:15:33 AM,-,
2021-05-12 10:15:33 AM,-,
2021-05-12 10:15:33 AM,-,
2021-05-12 10:15:33 AM,-,
2021-05-12 10:15:33 AM,-,
2021-05-12 10:15:33 AM,-,
2021-05-12 10:15:33 AM,-,
2021-05-12 10:15:33 AM,-,
2021-05-12 10:15:33 AM,-,
2021-05-12 10:15:33 AM,-,
2021-05-12 10:15:33 AM,-,
2021-05-12 10:15:33 AM,-,
2021-05-12 10:15:33 AM,-,
2021-05-12 10:15:33 AM,-,
2021-05-12 10:15:33 AM,-,
2021-05-12 10:15:33 AM,-,
2021-05-12 10:15:33 AM,-,
2021-05-12 10:15:33 AM,-,
2021-05-12 10:15:33 AM,-,
2021-05-12 10:15:33 AM,-,
2021-05-12 10:15:33 AM,-,
2021-05-12 10:15:33 AM,-,
2021-05-12 10:15:33 AM,-,
2021-05-12 10:15:33 AM,-,
2021-05-12 10:15:33 AM,-,
2021-05-12 10:15:33 AM,-,
2021-05-12 10:15:33 AM,-,
2021-05-12 10:15:33 AM,-,
2021-05-12 10:15:33 AM,-,
2021-05-12 10:15:33 AM,-,
2021-05-12 10:15:33 AM,-,
2021-05-12 10:15:33 AM,-,
2021-05-12 10:15:33 AM,-,
2021-05-12 10:15:33 AM,-,
2021-05-12 10:15:33 AM,-,
2021-05-12 10:15:33 AM,-,
2021-05-12 10:15:33 AM,-,
2021-05-12 10:15:33 AM,-,
2021-05-12 10:15:33 AM,-,
2021-05-12 10:15:33 AM,-,
2021-05-12 10:15:33 AM,-,
2021-05-12 10:15:33 AM,-,
2021-05-12 10:15:33 AM,-,
2021-05-12 10:15:33 AM,-,
2021-05-12 10:15:33 AM,-,
2021-05-12 10:15:33 AM,-,
2021-05-12 10:15:33 AM,1.120000,
2021-05-12 10:15:33 AM,6.250000,
2021-05-12 10:15:33 AM,0.000000,
2021-05-12 10:15:34 AM,-,
2021-05-12 10:15:34 AM,-,
2021-05-12 10:15:34 AM,-,
2021-05-12 10:15:34 AM,-,
2021-05-12 10:15:34 AM,-,
2021-05-12 10:15:34 AM,-,
2021-05-12 10:15:34 AM,-,
2021-05-12 10:15:34 AM,-,
2021-05-12 10:15:34 AM,-,
2021-05-12 10:15:34 AM,-,
2021-05-12 10:15:34 AM,-,
2021-05-12 10:15:34 AM,-,
2021-05-12 10:15:34 AM,-,
2021-05-12 10:15:34 AM,-,
2021-05-12 10:15:34 AM,-,
2021-05-12 10:15:34 AM,-,
2021-05-12 10:15:34 AM,-,
2021-05-12 10:15:34 AM,-,
2021-05-12 10:15:34 AM,-,
2021-05-12 10:15:34 AM,-,
2021-05-12 10:15:34 AM,-,
2021-05-12 10:15:34 AM,-,
2021-05-12 10:15:34 AM,-,
2021-05-12 10:15:34 AM,-,
2021-05-12 10:15:34 AM,-,
2021-05-12 10:15:34 AM,-,
2021-05-12 10:15:34 AM,-,
2021-05-12 10:15:34 AM,-,
2021-05-12 10:15:34 AM,-,
2021-05-12 10:15:34 AM,-,
2021-05-12 10:15:34 AM,-,
2021-05-12 10:15:34 AM,-,
2021-05-12 10:15:34 AM,-,
2021-05-12 10:15:34 AM,-,
2021-05-12 10:15:34 AM,-,
2021-05-12 10:15:34 AM,-,
2021-05-12 10:15:34 AM,-,
2021-05-12 10:15:34 AM,-,
2021-05-12 10:15:34 AM,-,
2021-05-12 10:15:34 AM,-,
2021-05-12 10:15:34 AM,-,
2021-05-12 10:15:34 AM,-,
2021-05-12 10:15:34 AM,-,
2021-05-12 10:15:34 AM,-,
2021-05-12 10:15:34 AM,-,
2021-05-12 10:15:34 AM,-,
2021-05-12 10:15:34 AM,-,
2021-05-12 10:15:34 AM,-,
2021-05-12 10:15:34 AM,-,
2021-05-12 10:15:34 AM,-,
2021-05-12 10:15:34 AM,-,
2021-05-12 10:15:34 AM,-,
2021-05-12 10:15:34 AM,-,
2021-05-12 10:15:34 AM,-,
2021-05-12 10:15:34 AM,-,
2021-05-12 10:15:34 AM,-,
2021-05-12 10:15:34 AM,-,
2021-05-12 10:15:34 AM,-,
2021-05-12 10:15:34 AM,-,
2021-05-12 10:15:34 AM,-,
2021-05-12 10:15:34 AM,-,
2021-05-12 10:15:34 AM,-,
2021-05-12 10:15:34 AM,-,
2021-05-12 10:15:34 AM,-,
2021-05-12 10:15:34 AM,-,
2021-05-12 10:15:34 AM,-,
2021-05-12 10:15:34 AM,-,
2021-05-12 10:15:34 AM,-,
2021-05-12 10:15:34 AM,-,
2021-05-12 10:15:34 AM,-,
2021-05-12 10:15:34 AM,-,
2021-05-12 10:15:34 AM,-,
2021-05-12 10:15:34 AM,-,
2021-05-12 10:15:34 AM,-,
2021-05-12 10:15:34 AM,-,
2021-05-12 10:15:34 AM,-,
2021-05-12 10:15:34 AM,-,
2021-05-12 10:15:34 AM,-,
2021-05-12 10:15:34 AM,-,
2021-05-12 10:15:34 AM,-,
2021-05-12 10:15:34 AM,-,
2021-05-12 10:15:34 AM,-,
2021-05-12 10:15:34 AM,-,
2021-05-12 10:15:34 AM,-,
2021-05-12 10:15:34 AM,-,
2021-05-12 10:15:34 AM,-,
2021-05-12 10:15:34 AM,-,
2021-05-12 10:15:34 AM,-,
2021-05-12 10:15:34 AM,-,
2021-05-12 10:15:34 AM,-,
2021-05-12 10:15:34 AM,-,
2021-05-12 10:15:34 AM,-,
2021-05-12 10:15:34 AM,-,
2021-05-12 10:15:34 AM,-,
2021-05-12 10:15:34 AM,-,
2021-05-12 10:15:34 AM,-,
2021-05-12 10:15:34 AM,-,
2021-05-12 10:15:34 AM,-,
2021-05-12 10:15:34 AM,-,
2021-05-12 10:15:34 AM,-,
2021-05-12 10:15:34 AM,-,
2021-05-12 10:15:34 AM,-,
2021-05-12 10:15:34 AM,-,
2021-05-12 10:15:34 AM,-,
2021-05-12 10:15:34 AM,-,
2021-05-12 10:15:34 AM,-,
2021-05-12 10:15:34 AM,-,
2021-05-12 10:15:34 AM,-,
2021-05-12 10:15:34 AM,-,
2021-05-12 10:15:34 AM,-,
2021-05-12 10:15:34 AM,-,
2021-05-12 10:15:34 AM,-,
2021-05-12 10:15:34 AM,-,
2021-05-12 10:15:34 AM,-,
2021-05-12 10:15:34 AM,-,
2021-05-12 10:15:34 AM,-,
2021-05-12 10:15:34 AM,-,
2021-05-12 10:15:34 AM,-,
2021-05-12 10:15:34 AM,-,
2021-05-12 10:15:34 AM,-,
2021-05-12 10:15:34 AM,-,
2021-05-12 10:15:34 AM,-,
2021-05-12 10:15:34 AM,-,
2021-05-12 10:15:34 AM,-,
2021-05-12 10:15:34 AM,-,
2021-05-12 10:15:34 AM,-,
2021-05-12 10:15:34 AM,-,
2021-05-12 10:15:34 AM,-,
2021-05-12 10:15:34 AM,-,
2021-05-12 10:15:34 AM,-,
2021-05-12 10:15:34 AM,-,
2021-05-12 10:15:34 AM,-,
2021-05-12 10:15:34 AM,-,
2021-05-12 10:15:34 AM,-,
2021-05-12 10:15:34 AM,-,
2021-05-12 10:15:34 AM,-,
2021-05-12 10:15:34 AM,-,
2021-05-12 10:15:34 AM,-,
2021-05-12 10:15:34 AM,-,
2021-05-12 10:15:34 AM,-,
2021-05-12 10:15:34 AM,-,
2021-05-12 10:15:34 AM,-,
2021-05-12 10:15:34 AM,-,
2021-05-12 10:15:34 AM,-,
2021-05-12 10:15:34 AM,-,
2021-05-12 10:15:34 AM,-,
2021-05-12 10:15:34 AM,-,
2021-05-12 10:15:34 AM,-,
2021-05-12 10:15:34 AM,-,
2021-05-12 10:15:34 AM,-,
2021-05-12 10:15:34 AM,-,
2021-05-12 10:15:34 AM,-,
2021-05-12 10:15:34 AM,-,
2021-05-12 10:15:34 AM,-,
2021-05-12 10:15:34 AM,-,
2021-05-12 10:15:34 AM,-,
2021-05-12 10:15:34 AM,-,
2021-05-12 10:15:34 AM,-,
2021-05-12 10:15:34 AM,-,
2021-05-12 10:15:34 AM,-,
2021-05-12 10:15:34 AM,-,
2021-05-12 10:15:34 AM,-,
2021-05-12 10:15:34 AM,-,
2021-05-12 10:15:34 AM,-,
2021-05-12 10:15:34 AM,-,
2021-05-12 10:15:34 AM,-,
2021-05-12 10:15:34 AM,-,
2021-05-12 10:15:34 AM,-,
2021-05-12 10:15:34 AM,-,
2021-05-12 10:15:34 AM,-,
2021-05-12 10:15:34 AM,-,
2021-05-12 10:15:34 AM,-,
2021-05-12 10:15:34 AM,-,
2021-05-12 10:15:34 AM,-,
2021-05-12 10:15:34 AM,-,
2021-05-12 10:15:34 AM,-,
2021-05-12 10:15:34 AM,-,
2021-05-12 10:15:34 AM,-,
2021-05-12 10:15:34 AM,-,
2021-05-12 10:15:34 AM,-,
2021-05-12 10:15:34 AM,-,
2021-05-12 10:15:34 AM,-,
2021-05-12 10:15:34 AM,-,
2021-05-12 10:15:34 AM,-,
2021-05-12 10:15:34 AM,-,
2021-05-12 10:15:34 AM,-,
2021-05-12 10:15:34 AM,-,
2021-05-12 10:15:34 AM,-,
2021-05-12 10:15:34 AM,-,
2021-05-12 10:15:34 AM,-,
2021-05-12 10:15:34 AM,-,
2021-05-12 10:15:34 AM,-,
2021-05-12 10:15:34 AM,-,
2021-05-12 10:15:34 AM,-,
2021-05-12 10:15:34 AM,-,
2021-05-12 10:15:34 AM,-,
2021-05-12 10:15:34 AM,-,
2021-05-12 10:15:34 AM,-,
2021-05-12 10:15:34 AM,-,
2021-05-12 10:15:34 AM,-,
2021-05-12 10:15:34 AM,-,
2021-05-12 10:15:34 AM,-,
2021-05-12 10:15:34 AM,-,
2021-05-12 10:15:34 AM,-,
2021-05-12 10:15:34 AM,-,
2021-05-12 10:15:34 AM,-,
2021-05-12 10:15:34 AM,-,
2021-05-12 10:15:34 AM,-,
2021-05-12 10:15:34 AM,-,
2021-05-12 10:15:34 AM,-,
2021-05-12 10:15:34 AM,-,
2021-05-12 10:15:34 AM,-,
2021-05-12 10:15:34 AM,-,
2021-05-12 10:15:34 AM,-,
2021-05-12 10:15:34 AM,-,
2021-05-12 10:15:34 AM,-,
2021-05-12 10:15:34 AM,-,
2021-05-12 10:15:34 AM,-,
2021-05-12 10:15:34 AM,-,
2021-05-12 10:15:34 AM,-,
2021-05-12 10:15:34 AM,-,
2021-05-12 10:15:34 AM,-,
2021-05-12 10:15:34 AM,-,
2021-05-12 10:15:34 AM,-,
2021-05-12 10:15:34 AM,-,
2021-05-12 10:15:34 AM,-,
2021-05-12 10:15:34 AM,-,
2021-05-12 10:15:34 AM,-,
2021-05-12 10:15:34 AM,-,
2021-05-12 10:15:34 AM,-,
2021-05-12 10:15:34 AM,-,
2021-05-12 10:15:34 AM,-,
2021-05-12 10:15:34 AM,-,
2021-05-12 10:15:34 AM,-,
2021-05-12 10:15:34 AM,-,
2021-05-12 10:15:34 AM,-,
2021-05-12 10:15:34 AM,-,
2021-05-12 10:15:34 AM,-,
2021-05-12 10:15:34 AM,-,
2021-05-12 10:15:34 AM,-,
2021-05-12 10:15:34 AM,-,
2021-05-12 10:15:34 AM,-,
2021-05-12 10:15:34 AM,-,
2021-05-12 10:15:34 AM,-,
2021-05-12 10:15:34 AM,-,
2021-05-12 10:15:34 AM,-,
2021-05-12 10:15:34 AM,-,
2021-05-12 10:15:34 AM,-,
2021-05-12 10:15:34 AM,-,
2021-05-12 10:15:34 AM,-,
2021-05-12 10:15:34 AM,-,
2021-05-12 10:15:34 AM,-,
2021-05-12 10:15:34 AM,-,
2021-05-12 10:15:34 AM,-,
2021-05-12 10:15:34 AM,-,
2021-05-12 10:15:34 AM,-,
2021-05-12 10:15:34 AM,-,
2021-05-12 10:15:34 AM,-,
2021-05-12 10:15:34 AM,-,
2021-05-12 10:15:34 AM,-,
2021-05-12 10:15:34 AM,-,
2021-05-12 10:15:34 AM,-,
2021-05-12 10:15:34 AM,-,
2021-05-12 10:15:34 AM,-,
2021-05-12 10:15:34 AM,-,
2021-05-12 10:15:34 AM,-,
2021-05-12 10:15:34 AM,-,
2021-05-12 10:15:34 AM,-,
2021-05-12 10:15:34 AM,-,
2021-05-12 10:15:34 AM,-,
2021-05-12 10:15:34 AM,-,
2021-05-12 10:15:34 AM,-,
2021-05-12 10:15:34 AM,-,
2021-05-12 10:15:34 AM,-,
2021-05-12 10:15:34 AM,-,
2021-05-12 10:15:34 AM,-,
2021-05-12 10:15:34 AM,-,
2021-05-12 10:15:34 AM,-,
2021-05-12 10:15:34 AM,-,
2021-05-12 10:15:34 AM,-,
2021-05-12 10:15:34 AM,-,
2021-05-12 10:15:34 AM,-,
2021-05-12 10:15:34 AM,-,
2021-05-12 10:15:34 AM,-,
2021-05-12 10:15:34 AM,-,
2021-05-12 10:15:34 AM,-,
2021-05-12 10:15:34 AM,-,
2021-05-12 10:15:34 AM,-,
2021-05-12 10:15:34 AM,-,
2021-05-12 10:15:34 AM,-,
2021-05-12 10:15:34 AM,-,
2021-05-12 10:15:34 AM,-,
2021-05-12 10:15:34 AM,-,
2021-05-12 10:15:34 AM,-,
2021-05-12 10:15:34 AM,-,
2021-05-12 10:15:34 AM,-,
2021-05-12 10:15:34 AM,-,
2021-05-12 10:15:34 AM,-,
2021-05-12 10:15:34 AM,-,
2021-05-12 10:15:34 AM,-,
2021-05-12 10:15:34 AM,1.300000,
2021-05-12 10:15:34 AM,6.250000,
2021-05-12 10:15:34 AM,0.000000,
2021-05-12 10:15:35 AM,-,
2021-05-12 10:15:35 AM,-,
2021-05-12 10:15:35 AM,-,
2021-05-12 10:15:35 AM,-,
2021-05-12 10:15:35 AM,-,
2021-05-12 10:15:35 AM,-,
2021-05-12 10:15:35 AM,-,
2021-05-12 10:15:35 AM,-,
2021-05-12 10:15:35 AM,-,
2021-05-12 10:15:35 AM,-,
2021-05-12 10:15:35 AM,-,
2021-05-12 10:15:35 AM,-,
2021-05-12 10:15:35 AM,-,
2021-05-12 10:15:35 AM,-,
2021-05-12 10:15:35 AM,-,
2021-05-12 10:15:35 AM,-,
2021-05-12 10:15:35 AM,-,
2021-05-12 10:15:35 AM,-,
2021-05-12 10:15:35 AM,-,
2021-05-12 10:15:35 AM,-,
2021-05-12 10:15:35 AM,-,
2021-05-12 10:15:35 AM,-,
2021-05-12 10:15:35 AM,-,
2021-05-12 10:15:35 AM,-,
2021-05-12 10:15:35 AM,-,
2021-05-12 10:15:35 AM,-,
2021-05-12 10:15:35 AM,-,
2021-05-12 10:15:35 AM,-,
2021-05-12 10:15:35 AM,-,
2021-05-12 10:15:35 AM,-,
2021-05-12 10:15:35 AM,-,
2021-05-12 10:15:35 AM,-,
2021-05-12 10:15:35 AM,-,
2021-05-12 10:15:35 AM,-,
2021-05-12 10:15:35 AM,-,
2021-05-12 10:15:35 AM,-,
2021-05-12 10:15:35 AM,-,
2021-05-12 10:15:35 AM,-,
2021-05-12 10:15:35 AM,-,
2021-05-12 10:15:35 AM,-,
2021-05-12 10:15:35 AM,-,
2021-05-12 10:15:35 AM,-,
2021-05-12 10:15:35 AM,-,
2021-05-12 10:15:35 AM,-,
2021-05-12 10:15:35 AM,-,
2021-05-12 10:15:35 AM,-,
2021-05-12 10:15:35 AM,-,
2021-05-12 10:15:35 AM,-,
2021-05-12 10:15:35 AM,-,
2021-05-12 10:15:35 AM,-,
2021-05-12 10:15:35 AM,-,
2021-05-12 10:15:35 AM,-,
2021-05-12 10:15:35 AM,-,
2021-05-12 10:15:35 AM,-,
2021-05-12 10:15:35 AM,-,
2021-05-12 10:15:35 AM,-,
2021-05-12 10:15:35 AM,-,
2021-05-12 10:15:35 AM,-,
2021-05-12 10:15:35 AM,-,
2021-05-12 10:15:35 AM,-,
2021-05-12 10:15:35 AM,-,
2021-05-12 10:15:35 AM,-,
2021-05-12 10:15:35 AM,-,
2021-05-12 10:15:35 AM,-,
2021-05-12 10:15:35 AM,-,
2021-05-12 10:15:35 AM,-,
2021-05-12 10:15:35 AM,-,
2021-05-12 10:15:35 AM,-,
2021-05-12 10:15:35 AM,-,
2021-05-12 10:15:35 AM,-,
2021-05-12 10:15:35 AM,-,
2021-05-12 10:15:35 AM,-,
2021-05-12 10:15:35 AM,-,
2021-05-12 10:15:35 AM,-,
2021-05-12 10:15:35 AM,-,
2021-05-12 10:15:35 AM,-,
2021-05-12 10:15:35 AM,-,
2021-05-12 10:15:35 AM,-,
2021-05-12 10:15:35 AM,-,
2021-05-12 10:15:35 AM,-,
2021-05-12 10:15:35 AM,-,
2021-05-12 10:15:35 AM,-,
2021-05-12 10:15:35 AM,-,
2021-05-12 10:15:35 AM,-,
2021-05-12 10:15:35 AM,-,
2021-05-12 10:15:35 AM,-,
2021-05-12 10:15:35 AM,-,
2021-05-12 10:15:35 AM,-,
2021-05-12 10:15:35 AM,-,
2021-05-12 10:15:35 AM,-,
2021-05-12 10:15:35 AM,-,
2021-05-12 10:15:35 AM,-,
2021-05-12 10:15:35 AM,-,
2021-05-12 10:15:35 AM,-,
2021-05-12 10:15:35 AM,-,
2021-05-12 10:15:35 AM,-,
2021-05-12 10:15:35 AM,-,
2021-05-12 10:15:35 AM,-,
2021-05-12 10:15:35 AM,-,
2021-05-12 10:15:35 AM,-,
2021-05-12 10:15:35 AM,-,
2021-05-12 10:15:35 AM,-,
2021-05-12 10:15:35 AM,-,
2021-05-12 10:15:35 AM,-,
2021-05-12 10:15:35 AM,-,
2021-05-12 10:15:35 AM,-,
2021-05-12 10:15:35 AM,-,
2021-05-12 10:15:35 AM,-,
2021-05-12 10:15:35 AM,-,
2021-05-12 10:15:35 AM,-,
2021-05-12 10:15:35 AM,-,
2021-05-12 10:15:35 AM,-,
2021-05-12 10:15:35 AM,-,
2021-05-12 10:15:35 AM,-,
2021-05-12 10:15:35 AM,-,
2021-05-12 10:15:35 AM,-,
2021-05-12 10:15:35 AM,-,
2021-05-12 10:15:35 AM,-,
2021-05-12 10:15:35 AM,-,
2021-05-12 10:15:35 AM,-,
2021-05-12 10:15:35 AM,-,
2021-05-12 10:15:35 AM,-,
2021-05-12 10:15:35 AM,-,
2021-05-12 10:15:35 AM,-,
2021-05-12 10:15:35 AM,-,
2021-05-12 10:15:35 AM,-,
2021-05-12 10:15:35 AM,-,
2021-05-12 10:15:35 AM,-,
2021-05-12 10:15:35 AM,-,
2021-05-12 10:15:35 AM,-,
2021-05-12 10:15:35 AM,-,
2021-05-12 10:15:35 AM,-,
2021-05-12 10:15:35 AM,-,
2021-05-12 10:15:35 AM,-,
2021-05-12 10:15:35 AM,-,
2021-05-12 10:15:35 AM,-,
2021-05-12 10:15:35 AM,-,
2021-05-12 10:15:35 AM,-,
2021-05-12 10:15:35 AM,-,
2021-05-12 10:15:35 AM,-,
2021-05-12 10:15:35 AM,-,
2021-05-12 10:15:35 AM,-,
2021-05-12 10:15:35 AM,-,
2021-05-12 10:15:35 AM,-,
2021-05-12 10:15:35 AM,-,
2021-05-12 10:15:35 AM,-,
2021-05-12 10:15:35 AM,-,
2021-05-12 10:15:35 AM,-,
2021-05-12 10:15:35 AM,-,
2021-05-12 10:15:35 AM,-,
2021-05-12 10:15:35 AM,-,
2021-05-12 10:15:35 AM,-,
2021-05-12 10:15:35 AM,-,
2021-05-12 10:15:35 AM,-,
2021-05-12 10:15:35 AM,-,
2021-05-12 10:15:35 AM,-,
2021-05-12 10:15:35 AM,-,
2021-05-12 10:15:35 AM,-,
2021-05-12 10:15:35 AM,-,
2021-05-12 10:15:35 AM,-,
2021-05-12 10:15:35 AM,-,
2021-05-12 10:15:35 AM,-,
2021-05-12 10:15:35 AM,-,
2021-05-12 10:15:35 AM,-,
2021-05-12 10:15:35 AM,-,
2021-05-12 10:15:35 AM,-,
2021-05-12 10:15:35 AM,-,
2021-05-12 10:15:35 AM,-,
2021-05-12 10:15:35 AM,-,
2021-05-12 10:15:35 AM,-,
2021-05-12 10:15:35 AM,-,
2021-05-12 10:15:35 AM,-,
2021-05-12 10:15:35 AM,-,
2021-05-12 10:15:35 AM,-,
2021-05-12 10:15:35 AM,-,
2021-05-12 10:15:35 AM,-,
2021-05-12 10:15:35 AM,-,
2021-05-12 10:15:35 AM,-,
2021-05-12 10:15:35 AM,-,
2021-05-12 10:15:35 AM,-,
2021-05-12 10:15:35 AM,-,
2021-05-12 10:15:35 AM,-,
2021-05-12 10:15:35 AM,-,
2021-05-12 10:15:35 AM,-,
2021-05-12 10:15:35 AM,-,
2021-05-12 10:15:35 AM,-,
2021-05-12 10:15:35 AM,-,
2021-05-12 10:15:35 AM,-,
2021-05-12 10:15:35 AM,-,
2021-05-12 10:15:35 AM,-,
2021-05-12 10:15:35 AM,-,
2021-05-12 10:15:35 AM,-,
2021-05-12 10:15:35 AM,-,
2021-05-12 10:15:35 AM,-,
2021-05-12 10:15:35 AM,-,
2021-05-12 10:15:35 AM,-,
2021-05-12 10:15:35 AM,-,
2021-05-12 10:15:35 AM,-,
2021-05-12 10:15:35 AM,-,
2021-05-12 10:15:35 AM,-,
2021-05-12 10:15:35 AM,-,
2021-05-12 10:15:35 AM,-,
2021-05-12 10:15:35 AM,-,
2021-05-12 10:15:35 AM,-,
2021-05-12 10:15:35 AM,-,
2021-05-12 10:15:35 AM,-,
2021-05-12 10:15:35 AM,-,
2021-05-12 10:15:35 AM,-,
2021-05-12 10:15:35 AM,-,
2021-05-12 10:15:35 AM,-,
2021-05-12 10:15:35 AM,-,
2021-05-12 10:15:35 AM,-,
2021-05-12 10:15:35 AM,-,
2021-05-12 10:15:35 AM,-,
2021-05-12 10:15:35 AM,-,
2021-05-12 10:15:35 AM,-,
2021-05-12 10:15:35 AM,-,
2021-05-12 10:15:35 AM,-,
2021-05-12 10:15:35 AM,-,
2021-05-12 10:15:35 AM,-,
2021-05-12 10:15:35 AM,-,
2021-05-12 10:15:35 AM,-,
2021-05-12 10:15:35 AM,-,
2021-05-12 10:15:35 AM,-,
2021-05-12 10:15:35 AM,-,
2021-05-12 10:15:35 AM,-,
2021-05-12 10:15:35 AM,-,
2021-05-12 10:15:35 AM,-,
2021-05-12 10:15:35 AM,-,
2021-05-12 10:15:35 AM,-,
2021-05-12 10:15:35 AM,-,
2021-05-12 10:15:35 AM,-,
2021-05-12 10:15:35 AM,-,
2021-05-12 10:15:35 AM,-,
2021-05-12 10:15:35 AM,-,
2021-05-12 10:15:35 AM,-,
2021-05-12 10:15:35 AM,-,
2021-05-12 10:15:35 AM,-,
2021-05-12 10:15:35 AM,-,
2021-05-12 10:15:35 AM,-,
2021-05-12 10:15:35 AM,-,
2021-05-12 10:15:35 AM,-,
2021-05-12 10:15:35 AM,-,
2021-05-12 10:15:35 AM,-,
2021-05-12 10:15:35 AM,-,
2021-05-12 10:15:35 AM,-,
2021-05-12 10:15:35 AM,-,
2021-05-12 10:15:35 AM,-,
2021-05-12 10:15:35 AM,-,
2021-05-12 10:15:35 AM,-,
2021-05-12 10:15:35 AM,-,
2021-05-12 10:15:35 AM,-,
2021-05-12 10:15:35 AM,-,
2021-05-12 10:15:35 AM,-,
2021-05-12 10:15:35 AM,-,
2021-05-12 10:15:35 AM,-,
2021-05-12 10:15:35 AM,-,
2021-05-12 10:15:35 AM,-,
2021-05-12 10:15:35 AM,-,
2021-05-12 10:15:35 AM,-,
2021-05-12 10:15:35 AM,-,
2021-05-12 10:15:35 AM,-,
2021-05-12 10:15:35 AM,-,
2021-05-12 10:15:35 AM,-,
2021-05-12 10:15:35 AM,-,
2021-05-12 10:15:35 AM,-,
2021-05-12 10:15:35 AM,-,
2021-05-12 10:15:35 AM,-,
2021-05-12 10:15:35 AM,-,
2021-05-12 10:15:35 AM,-,
2021-05-12 10:15:35 AM,-,
2021-05-12 10:15:35 AM,-,
2021-05-12 10:15:35 AM,-,
2021-05-12 10:15:35 AM,-,
2021-05-12 10:15:35 AM,-,
2021-05-12 10:15:35 AM,-,
2021-05-12 10:15:35 AM,-,
2021-05-12 10:15:35 AM,-,
2021-05-12 10:15:35 AM,-,
2021-05-12 10:15:35 AM,-,
2021-05-12 10:15:35 AM,-,
2021-05-12 10:15:35 AM,-,
2021-05-12 10:15:35 AM,-,
2021-05-12 10:15:35 AM,-,
2021-05-12 10:15:35 AM,-,
2021-05-12 10:15:35 AM,-,
2021-05-12 10:15:35 AM,-,
2021-05-12 10:15:35 AM,-,
2021-05-12 10:15:35 AM,-,
2021-05-12 10:15:35 AM,-,
2021-05-12 10:15:35 AM,-,
2021-05-12 10:15:35 AM,-,
2021-05-12 10:15:35 AM,-,
2021-05-12 10:15:35 AM,-,
2021-05-12 10:15:35 AM,-,
2021-05-12 10:15:35 AM,-,
2021-05-12 10:15:35 AM,-,
2021-05-12 10:15:35 AM,-,
2021-05-12 10:15:35 AM,-,
2021-05-12 10:15:35 AM,-,
2021-05-12 10:15:35 AM,1.480000,
2021-05-12 10:15:35 AM,6.250000,
2021-05-12 10:15:35 AM,0.000000,
